INFO 2025-04-27 21:29:04,922 utils Initialized S3Connector for bucket: activa-datalake
INFO 2025-04-27 21:29:05,299 utils Found 6 objects with prefix: 
INFO 2025-04-27 21:29:05,307 utils Initialized S3Connector for bucket: activa-datalake
INFO 2025-04-27 21:29:05,677 utils Found 6 objects with prefix: 
INFO 2025-04-27 21:29:05,677 utils Loading CSV file: raw-data-activa/ActivaGFINAL - CLIENTES MARCAS.csv
INFO 2025-04-27 21:29:05,769 utils Successfully loaded CSV: raw-data-activa/ActivaGFINAL - CLIENTES MARCAS.csv with shape (81, 4)
INFO 2025-04-27 21:29:05,770 utils Columns: ['Unnamed: 0', 'Unnamed: 1', 'Unnamed: 2', 'Unnamed: 3']
INFO 2025-04-27 21:29:05,770 utils Loading CSV file: raw-data-activa/ActivaGFINAL - Clientes AG 2.csv
INFO 2025-04-27 21:29:05,877 utils Successfully loaded CSV: raw-data-activa/ActivaGFINAL - Clientes AG 2.csv with shape (47, 2)
INFO 2025-04-27 21:29:05,878 utils Columns: ['CLIENTE', 'INDUSTRIA:']
INFO 2025-04-27 21:29:05,878 utils Loading CSV file: raw-data-activa/ActivaGFINAL - Ingresos Anuales-Mensuales Proy 2.csv
INFO 2025-04-27 21:29:06,002 utils Successfully loaded CSV: raw-data-activa/ActivaGFINAL - Ingresos Anuales-Mensuales Proy 2.csv with shape (86, 12)
INFO 2025-04-27 21:29:06,003 utils Columns: ['Unnamed: 0', 'Unnamed: 1', 'Unnamed: 2', 'Unnamed: 3', 'Unnamed: 4', 'Unnamed: 5', 'Unnamed: 6', 'Unnamed: 7', 'Unnamed: 8', 'Unnamed: 9', 'Unnamed: 10', 'Unnamed: 11']
INFO 2025-04-27 21:29:06,003 utils Loading CSV file: raw-data-activa/ActivaGFINAL - Presupuesto 2,025.csv
INFO 2025-04-27 21:29:06,089 utils Successfully loaded CSV: raw-data-activa/ActivaGFINAL - Presupuesto 2,025.csv with shape (89, 12)
INFO 2025-04-27 21:29:06,089 utils Columns: ['Unnamed: 0', 'Unnamed: 1', 'Unnamed: 2', 'Unnamed: 3', 'Unnamed: 4', 'Unnamed: 5', 'Unnamed: 6', 'Unnamed: 7', 'Unnamed: 8', 'Unnamed: 9', 'Unnamed: 10', 'Unnamed: 11']
INFO 2025-04-27 21:29:06,089 utils Loading CSV file: raw-data-activa/ActivaGFINAL - Profit & Loss.csv
INFO 2025-04-27 21:29:06,174 utils Successfully loaded CSV: raw-data-activa/ActivaGFINAL - Profit & Loss.csv with shape (88, 15)
INFO 2025-04-27 21:29:06,174 utils Columns: ['Unnamed: 0', 'Unnamed: 1', 'Unnamed: 2', 'Unnamed: 3', 'Unnamed: 4', 'Unnamed: 5', 'Unnamed: 6', 'Unnamed: 7', 'Unnamed: 8', 'Unnamed: 9', 'Unnamed: 10', 'Unnamed: 11', 'Unnamed: 12', 'Unnamed: 13', 'Unnamed: 14']
INFO 2025-04-27 21:29:06,175 utils Loaded 5 CSV files successfully
INFO 2025-04-27 21:29:06,178 transform Loaded 5 raw dataframes for transformation
INFO 2025-04-27 21:29:06,178 transform   - Loaded: ActivaGFINAL - CLIENTES MARCAS
INFO 2025-04-27 21:29:06,178 transform     Columns: ['Unnamed: 0', 'Unnamed: 1', 'Unnamed: 2', 'Unnamed: 3']
INFO 2025-04-27 21:29:06,178 transform     Shape: (81, 4)
INFO 2025-04-27 21:29:06,178 transform   - Loaded: ActivaGFINAL - Clientes AG 2
INFO 2025-04-27 21:29:06,179 transform     Columns: ['CLIENTE', 'INDUSTRIA:']
INFO 2025-04-27 21:29:06,179 transform     Shape: (47, 2)
INFO 2025-04-27 21:29:06,179 transform   - Loaded: ActivaGFINAL - Ingresos Anuales-Mensuales Proy 2
INFO 2025-04-27 21:29:06,179 transform     Columns: ['Unnamed: 0', 'Unnamed: 1', 'Unnamed: 2', 'Unnamed: 3', 'Unnamed: 4', 'Unnamed: 5', 'Unnamed: 6', 'Unnamed: 7', 'Unnamed: 8', 'Unnamed: 9', 'Unnamed: 10', 'Unnamed: 11']
INFO 2025-04-27 21:29:06,179 transform     Shape: (86, 12)
INFO 2025-04-27 21:29:06,179 transform   - Loaded: ActivaGFINAL - Presupuesto 2,025
INFO 2025-04-27 21:29:06,179 transform     Columns: ['Unnamed: 0', 'Unnamed: 1', 'Unnamed: 2', 'Unnamed: 3', 'Unnamed: 4', 'Unnamed: 5', 'Unnamed: 6', 'Unnamed: 7', 'Unnamed: 8', 'Unnamed: 9', 'Unnamed: 10', 'Unnamed: 11']
INFO 2025-04-27 21:29:06,179 transform     Shape: (89, 12)
INFO 2025-04-27 21:29:06,179 transform   - Loaded: ActivaGFINAL - Profit & Loss
INFO 2025-04-27 21:29:06,179 transform     Columns: ['Unnamed: 0', 'Unnamed: 1', 'Unnamed: 2', 'Unnamed: 3', 'Unnamed: 4', 'Unnamed: 5', 'Unnamed: 6', 'Unnamed: 7', 'Unnamed: 8', 'Unnamed: 9', 'Unnamed: 10', 'Unnamed: 11', 'Unnamed: 12', 'Unnamed: 13', 'Unnamed: 14']
INFO 2025-04-27 21:29:06,180 transform     Shape: (88, 15)
INFO 2025-04-27 21:29:06,180 transform Transforming ActivaGFINAL - CLIENTES MARCAS...
INFO 2025-04-27 21:29:06,188 transform Transforming ActivaGFINAL - Clientes AG 2...
INFO 2025-04-27 21:29:06,189 transform Transforming ActivaGFINAL - Ingresos Anuales-Mensuales Proy 2...
INFO 2025-04-27 21:29:06,195 transform Transformed Ingresos: (86, 12)
INFO 2025-04-27 21:29:06,195 transform Columns after transformation: ['unnamed_0', 'unnamed_1', 'unnamed_2', 'unnamed_3', 'unnamed_4', 'unnamed_5', 'unnamed_6', 'unnamed_7', 'unnamed_8', 'unnamed_9', 'unnamed_10', 'unnamed_11']
INFO 2025-04-27 21:29:06,195 transform Transforming ActivaGFINAL - Presupuesto 2,025...
INFO 2025-04-27 21:29:06,199 transform Transformed Presupuesto: (89, 12)
INFO 2025-04-27 21:29:06,199 transform Columns after transformation: ['unnamed_0', 'unnamed_1', 'unnamed_2', 'unnamed_3', 'unnamed_4', 'unnamed_5', 'unnamed_6', 'unnamed_7', 'unnamed_8', 'unnamed_9', 'unnamed_10', 'unnamed_11']
INFO 2025-04-27 21:29:06,199 transform Transforming ActivaGFINAL - Profit & Loss...
INFO 2025-04-27 21:29:06,206 transform Transformed Profit & Loss: (88, 15)
INFO 2025-04-27 21:29:06,206 transform Columns after transformation: ['unnamed_0', 'unnamed_1', 'unnamed_2', 'unnamed_3', 'unnamed_4', 'unnamed_5', 'unnamed_6', 'unnamed_7', 'unnamed_8', 'unnamed_9', 'unnamed_10', 'unnamed_11', 'unnamed_12', 'unnamed_13', 'unnamed_14']
INFO 2025-04-27 21:29:06,206 transform Transformed 5 dataframes
INFO 2025-04-27 21:29:06,207 transform Created alternative combined base with 81 rows
WARNING 2025-04-27 21:29:06,210 transform Skipped merging ActivaGFINAL - CLIENTES MARCAS - no client column found
INFO 2025-04-27 21:29:06,220 transform Merged ActivaGFINAL - Clientes AG 2 dataframe. Combined shape now: (81, 2)
WARNING 2025-04-27 21:29:06,220 transform Skipped merging ActivaGFINAL - Ingresos Anuales-Mensuales Proy 2 - no client column found
WARNING 2025-04-27 21:29:06,220 transform Skipped merging ActivaGFINAL - Presupuesto 2,025 - no client column found
WARNING 2025-04-27 21:29:06,220 transform Skipped merging ActivaGFINAL - Profit & Loss - no client column found
INFO 2025-04-27 21:29:06,220 transform Final combined dataframe: (81, 1)
INFO 2025-04-27 21:29:06,220 transform Final columns: ['industria']
INFO 2025-04-27 21:50:50,097 utils Initialized S3Connector for bucket: activa-datalake
INFO 2025-04-27 21:50:50,423 utils Found 6 objects with prefix: 
INFO 2025-04-27 21:50:50,432 utils Initialized S3Connector for bucket: activa-datalake
INFO 2025-04-27 21:50:50,735 utils Found 6 objects with prefix: 
INFO 2025-04-27 21:50:50,736 utils Loading CSV file: raw-data-activa/ActivaGFINAL - CLIENTES MARCAS.csv
INFO 2025-04-27 21:50:50,870 utils Successfully loaded CSV: raw-data-activa/ActivaGFINAL - CLIENTES MARCAS.csv with shape (81, 4)
INFO 2025-04-27 21:50:50,871 utils Columns: ['Unnamed: 0', 'Unnamed: 1', 'Unnamed: 2', 'Unnamed: 3']
INFO 2025-04-27 21:56:13,934 utils Initialized S3Connector for bucket: activa-datalake
INFO 2025-04-27 21:56:14,209 utils Found 6 objects with prefix: 
INFO 2025-04-27 21:56:14,218 utils Initialized S3Connector for bucket: activa-datalake
INFO 2025-04-27 21:56:14,490 utils Found 6 objects with prefix: raw-data-activa/
INFO 2025-04-27 21:56:14,587 transform Successfully loaded and parsed: ActivaGFINAL - CLIENTES MARCAS.csv
INFO 2025-04-27 21:56:14,587 transform   Shape: (74, 4)
INFO 2025-04-27 21:56:14,587 transform   Columns: ['cliente_marca', 'tipo_cliente', 'cliente_desde', 'rubro_negocios']
INFO 2025-04-27 21:56:14,690 transform Successfully loaded and parsed: ActivaGFINAL - Clientes AG 2.csv
INFO 2025-04-27 21:56:14,690 transform   Shape: (46, 2)
INFO 2025-04-27 21:56:14,690 transform   Columns: ['cliente', 'industria']
ERROR 2025-04-27 21:56:14,808 transform Error processing ActivaGFINAL - Ingresos Anuales-Mensuales Proy 2.csv: 'DataFrame' object has no attribute 'str'
ERROR 2025-04-27 21:56:14,905 transform Error processing ActivaGFINAL - Presupuesto 2,025.csv: 'DataFrame' object has no attribute 'str'
INFO 2025-04-27 21:56:15,023 transform Successfully loaded and parsed: ActivaGFINAL - Profit & Loss.csv
INFO 2025-04-27 21:56:15,024 transform   Shape: (78, 15)
INFO 2025-04-27 21:56:15,024 transform   Columns: ['concepto', 'ENERO', 'FEBRERO', 'MARZO', 'ABRIL', 'MAYO', 'JUNIO', 'JULIO', 'AGOSTO', 'SEPTIEMBRE', 'OCTUBRE', 'NOVIEMBRE', 'DICIEMBRE', 'CONSOLIDADO', 'Unnamed: 14']
INFO 2025-04-27 21:56:15,024 transform Loaded 3 CSV files
INFO 2025-04-27 21:56:15,035 transform Added brand information to 4 clients
INFO 2025-04-27 21:56:15,035 transform Saved financial summary data from activagfinal_profit_loss
INFO 2025-04-27 21:56:15,035 transform Created combined dataframe with 46 clients and 3 columns
INFO 2025-04-27 22:01:18,671 utils Initialized S3Connector for bucket: activa-datalake
INFO 2025-04-27 22:01:18,939 utils Found 6 objects with prefix: 
INFO 2025-04-27 22:01:18,947 utils Initialized S3Connector for bucket: activa-datalake
INFO 2025-04-27 22:01:19,187 utils Found 6 objects with prefix: raw-data-activa/
INFO 2025-04-27 22:01:19,267 transform Successfully loaded and parsed: ActivaGFINAL - CLIENTES MARCAS.csv
INFO 2025-04-27 22:01:19,267 transform   Shape: (74, 4)
INFO 2025-04-27 22:01:19,267 transform   Columns: ['cliente_marca', 'tipo_cliente', 'cliente_desde', 'rubro_negocios']
INFO 2025-04-27 22:01:19,358 transform Successfully loaded and parsed: ActivaGFINAL - Clientes AG 2.csv
INFO 2025-04-27 22:01:19,359 transform   Shape: (46, 2)
INFO 2025-04-27 22:01:19,359 transform   Columns: ['cliente', 'industria']
WARNING 2025-04-27 22:01:19,480 transform Could not convert column facturado_2024 to numeric: The truth value of a Series is ambiguous. Use a.empty, a.bool(), a.item(), a.any() or a.all().
WARNING 2025-04-27 22:01:19,480 transform Could not convert column facturado_2024 to numeric: The truth value of a Series is ambiguous. Use a.empty, a.bool(), a.item(), a.any() or a.all().
WARNING 2025-04-27 22:01:19,481 transform Could not convert column facturado_2024 to numeric: The truth value of a Series is ambiguous. Use a.empty, a.bool(), a.item(), a.any() or a.all().
INFO 2025-04-27 22:01:19,488 transform Successfully loaded and parsed: ActivaGFINAL - Ingresos Anuales-Mensuales Proy 2.csv
INFO 2025-04-27 22:01:19,488 transform   Shape: (77, 12)
INFO 2025-04-27 22:01:19,488 transform   Columns: ['cliente', 'facturacion', 'presupuesto', 'facturado_2024', 'facturado_2024', 'facturado_2024', '1er_trimestre', '2do_cuatrimestre', '3er_cuatrimestre', '4to_cuatrimestre', 'facturacion_anual', 'facturacion_mensual']
WARNING 2025-04-27 22:01:19,592 transform Could not convert column facturado_2024 to numeric: The truth value of a Series is ambiguous. Use a.empty, a.bool(), a.item(), a.any() or a.all().
WARNING 2025-04-27 22:01:19,593 transform Could not convert column facturado_2024 to numeric: The truth value of a Series is ambiguous. Use a.empty, a.bool(), a.item(), a.any() or a.all().
WARNING 2025-04-27 22:01:19,593 transform Could not convert column facturado_2024 to numeric: The truth value of a Series is ambiguous. Use a.empty, a.bool(), a.item(), a.any() or a.all().
INFO 2025-04-27 22:01:19,600 transform Successfully loaded and parsed: ActivaGFINAL - Presupuesto 2,025.csv
INFO 2025-04-27 22:01:19,600 transform   Shape: (79, 12)
INFO 2025-04-27 22:01:19,600 transform   Columns: ['cliente', 'facturacion', 'presupuesto', 'facturado_2024', 'facturado_2024', 'facturado_2024', '1er_trimestre', '2do_cuatrimestre', '3er_cuatrimestre', '4to_cuatrimestre', 'facturacion_real', 'proyeccion']
INFO 2025-04-27 22:01:19,709 transform Successfully loaded and parsed: ActivaGFINAL - Profit & Loss.csv
INFO 2025-04-27 22:01:19,709 transform   Shape: (78, 15)
INFO 2025-04-27 22:01:19,710 transform   Columns: ['concepto', 'ENERO', 'FEBRERO', 'MARZO', 'ABRIL', 'MAYO', 'JUNIO', 'JULIO', 'AGOSTO', 'SEPTIEMBRE', 'OCTUBRE', 'NOVIEMBRE', 'DICIEMBRE', 'CONSOLIDADO', 'Unnamed: 14']
INFO 2025-04-27 22:01:19,710 transform Loaded 5 CSV files
INFO 2025-04-27 22:01:19,720 transform Added brand information to 4 clients
INFO 2025-04-27 22:01:19,728 transform Merged 11 columns from activagfinal_ingresos_anuales_mensuales_proy_2
INFO 2025-04-27 22:01:19,731 transform Merged 11 columns from activagfinal_presupuesto_2_025
INFO 2025-04-27 22:01:19,731 transform Saved financial summary data from activagfinal_profit_loss
INFO 2025-04-27 22:01:19,732 transform Created combined dataframe with 52 clients and 21 columns
INFO 2025-04-27 22:07:43,227 utils Initialized S3Connector for bucket: activa-datalake
INFO 2025-04-27 22:07:43,478 utils Found 6 objects with prefix: 
INFO 2025-04-27 22:07:43,487 views Initializing S3 connector
INFO 2025-04-27 22:07:43,493 utils Initialized S3Connector for bucket: activa-datalake
INFO 2025-04-27 22:07:43,493 views Initializing custom data transformer
INFO 2025-04-27 22:07:43,493 views Loading and parsing CSV files from S3
INFO 2025-04-27 22:07:43,736 utils Found 6 objects with prefix: raw-data-activa/
INFO 2025-04-27 22:07:43,852 transform Successfully loaded and parsed: ActivaGFINAL - CLIENTES MARCAS.csv
INFO 2025-04-27 22:07:43,852 transform   Shape: (74, 4)
INFO 2025-04-27 22:07:43,853 transform   Columns: ['cliente_marca', 'tipo_cliente', 'cliente_desde', 'rubro_negocios']
INFO 2025-04-27 22:07:43,974 transform Successfully loaded and parsed: ActivaGFINAL - Clientes AG 2.csv
INFO 2025-04-27 22:07:43,975 transform   Shape: (46, 2)
INFO 2025-04-27 22:07:43,975 transform   Columns: ['cliente', 'industria']
WARNING 2025-04-27 22:07:44,117 transform Could not convert column facturado_2024 to numeric: The truth value of a Series is ambiguous. Use a.empty, a.bool(), a.item(), a.any() or a.all().
WARNING 2025-04-27 22:07:44,117 transform Could not convert column facturado_2024 to numeric: The truth value of a Series is ambiguous. Use a.empty, a.bool(), a.item(), a.any() or a.all().
WARNING 2025-04-27 22:07:44,118 transform Could not convert column facturado_2024 to numeric: The truth value of a Series is ambiguous. Use a.empty, a.bool(), a.item(), a.any() or a.all().
INFO 2025-04-27 22:07:44,124 transform Successfully loaded and parsed: ActivaGFINAL - Ingresos Anuales-Mensuales Proy 2.csv
INFO 2025-04-27 22:07:44,124 transform   Shape: (77, 12)
INFO 2025-04-27 22:07:44,125 transform   Columns: ['cliente', 'facturacion', 'presupuesto', 'facturado_2024', 'facturado_2024', 'facturado_2024', '1er_trimestre', '2do_cuatrimestre', '3er_cuatrimestre', '4to_cuatrimestre', 'facturacion_anual', 'facturacion_mensual']
WARNING 2025-04-27 22:07:44,235 transform Could not convert column facturado_2024 to numeric: The truth value of a Series is ambiguous. Use a.empty, a.bool(), a.item(), a.any() or a.all().
WARNING 2025-04-27 22:07:44,236 transform Could not convert column facturado_2024 to numeric: The truth value of a Series is ambiguous. Use a.empty, a.bool(), a.item(), a.any() or a.all().
WARNING 2025-04-27 22:07:44,236 transform Could not convert column facturado_2024 to numeric: The truth value of a Series is ambiguous. Use a.empty, a.bool(), a.item(), a.any() or a.all().
INFO 2025-04-27 22:07:44,241 transform Successfully loaded and parsed: ActivaGFINAL - Presupuesto 2,025.csv
INFO 2025-04-27 22:07:44,241 transform   Shape: (79, 12)
INFO 2025-04-27 22:07:44,241 transform   Columns: ['cliente', 'facturacion', 'presupuesto', 'facturado_2024', 'facturado_2024', 'facturado_2024', '1er_trimestre', '2do_cuatrimestre', '3er_cuatrimestre', '4to_cuatrimestre', 'facturacion_real', 'proyeccion']
INFO 2025-04-27 22:07:44,354 transform Successfully loaded and parsed: ActivaGFINAL - Profit & Loss.csv
INFO 2025-04-27 22:07:44,354 transform   Shape: (78, 15)
INFO 2025-04-27 22:07:44,354 transform   Columns: ['concepto', 'ENERO', 'FEBRERO', 'MARZO', 'ABRIL', 'MAYO', 'JUNIO', 'JULIO', 'AGOSTO', 'SEPTIEMBRE', 'OCTUBRE', 'NOVIEMBRE', 'DICIEMBRE', 'CONSOLIDADO', 'Unnamed: 14']
INFO 2025-04-27 22:07:44,354 transform Loaded 5 CSV files
INFO 2025-04-27 22:07:44,361 views Initializing S3 connector
INFO 2025-04-27 22:07:44,365 utils Initialized S3Connector for bucket: activa-datalake
INFO 2025-04-27 22:07:44,365 views Initializing custom data transformer
INFO 2025-04-27 22:07:44,365 views Loading and parsing CSV files from S3
INFO 2025-04-27 22:07:44,635 utils Found 6 objects with prefix: raw-data-activa/
INFO 2025-04-27 22:07:44,765 transform Successfully loaded and parsed: ActivaGFINAL - CLIENTES MARCAS.csv
INFO 2025-04-27 22:07:44,765 transform   Shape: (74, 4)
INFO 2025-04-27 22:07:44,765 transform   Columns: ['cliente_marca', 'tipo_cliente', 'cliente_desde', 'rubro_negocios']
INFO 2025-04-27 22:07:44,857 transform Successfully loaded and parsed: ActivaGFINAL - Clientes AG 2.csv
INFO 2025-04-27 22:07:44,858 transform   Shape: (46, 2)
INFO 2025-04-27 22:07:44,858 transform   Columns: ['cliente', 'industria']
WARNING 2025-04-27 22:07:45,022 transform Could not convert column facturado_2024 to numeric: The truth value of a Series is ambiguous. Use a.empty, a.bool(), a.item(), a.any() or a.all().
WARNING 2025-04-27 22:07:45,023 transform Could not convert column facturado_2024 to numeric: The truth value of a Series is ambiguous. Use a.empty, a.bool(), a.item(), a.any() or a.all().
WARNING 2025-04-27 22:07:45,023 transform Could not convert column facturado_2024 to numeric: The truth value of a Series is ambiguous. Use a.empty, a.bool(), a.item(), a.any() or a.all().
INFO 2025-04-27 22:07:45,030 transform Successfully loaded and parsed: ActivaGFINAL - Ingresos Anuales-Mensuales Proy 2.csv
INFO 2025-04-27 22:07:45,030 transform   Shape: (77, 12)
INFO 2025-04-27 22:07:45,030 transform   Columns: ['cliente', 'facturacion', 'presupuesto', 'facturado_2024', 'facturado_2024', 'facturado_2024', '1er_trimestre', '2do_cuatrimestre', '3er_cuatrimestre', '4to_cuatrimestre', 'facturacion_anual', 'facturacion_mensual']
WARNING 2025-04-27 22:07:45,122 transform Could not convert column facturado_2024 to numeric: The truth value of a Series is ambiguous. Use a.empty, a.bool(), a.item(), a.any() or a.all().
WARNING 2025-04-27 22:07:45,122 transform Could not convert column facturado_2024 to numeric: The truth value of a Series is ambiguous. Use a.empty, a.bool(), a.item(), a.any() or a.all().
WARNING 2025-04-27 22:07:45,123 transform Could not convert column facturado_2024 to numeric: The truth value of a Series is ambiguous. Use a.empty, a.bool(), a.item(), a.any() or a.all().
INFO 2025-04-27 22:07:45,129 transform Successfully loaded and parsed: ActivaGFINAL - Presupuesto 2,025.csv
INFO 2025-04-27 22:07:45,129 transform   Shape: (79, 12)
INFO 2025-04-27 22:07:45,129 transform   Columns: ['cliente', 'facturacion', 'presupuesto', 'facturado_2024', 'facturado_2024', 'facturado_2024', '1er_trimestre', '2do_cuatrimestre', '3er_cuatrimestre', '4to_cuatrimestre', 'facturacion_real', 'proyeccion']
INFO 2025-04-27 22:07:45,230 transform Successfully loaded and parsed: ActivaGFINAL - Profit & Loss.csv
INFO 2025-04-27 22:07:45,231 transform   Shape: (78, 15)
INFO 2025-04-27 22:07:45,231 transform   Columns: ['concepto', 'ENERO', 'FEBRERO', 'MARZO', 'ABRIL', 'MAYO', 'JUNIO', 'JULIO', 'AGOSTO', 'SEPTIEMBRE', 'OCTUBRE', 'NOVIEMBRE', 'DICIEMBRE', 'CONSOLIDADO', 'Unnamed: 14']
INFO 2025-04-27 22:07:45,231 transform Loaded 5 CSV files
INFO 2025-04-27 22:07:45,231 views Transforming and combining data
INFO 2025-04-27 22:07:45,239 transform Added brand information to 4 clients
INFO 2025-04-27 22:07:45,242 transform Merged 11 columns from activagfinal_ingresos_anuales_mensuales_proy_2
INFO 2025-04-27 22:07:45,245 transform Merged 11 columns from activagfinal_presupuesto_2_025
INFO 2025-04-27 22:07:45,245 transform Saved financial summary data from activagfinal_profit_loss
INFO 2025-04-27 22:07:45,245 transform Created combined dataframe with 52 clients and 21 columns
INFO 2025-04-27 22:07:45,245 views Getting financial summary
INFO 2025-04-27 22:07:45,349 views Initializing S3 connector
INFO 2025-04-27 22:07:45,352 utils Initialized S3Connector for bucket: activa-datalake
INFO 2025-04-27 22:07:45,352 views Initializing custom data transformer
INFO 2025-04-27 22:07:45,352 views Loading and parsing CSV files from S3
INFO 2025-04-27 22:07:45,567 utils Found 6 objects with prefix: raw-data-activa/
INFO 2025-04-27 22:07:45,640 transform Successfully loaded and parsed: ActivaGFINAL - CLIENTES MARCAS.csv
INFO 2025-04-27 22:07:45,640 transform   Shape: (74, 4)
INFO 2025-04-27 22:07:45,640 transform   Columns: ['cliente_marca', 'tipo_cliente', 'cliente_desde', 'rubro_negocios']
INFO 2025-04-27 22:07:45,714 transform Successfully loaded and parsed: ActivaGFINAL - Clientes AG 2.csv
INFO 2025-04-27 22:07:45,714 transform   Shape: (46, 2)
INFO 2025-04-27 22:07:45,714 transform   Columns: ['cliente', 'industria']
WARNING 2025-04-27 22:07:45,797 transform Could not convert column facturado_2024 to numeric: The truth value of a Series is ambiguous. Use a.empty, a.bool(), a.item(), a.any() or a.all().
WARNING 2025-04-27 22:07:45,798 transform Could not convert column facturado_2024 to numeric: The truth value of a Series is ambiguous. Use a.empty, a.bool(), a.item(), a.any() or a.all().
WARNING 2025-04-27 22:07:45,798 transform Could not convert column facturado_2024 to numeric: The truth value of a Series is ambiguous. Use a.empty, a.bool(), a.item(), a.any() or a.all().
INFO 2025-04-27 22:07:45,805 transform Successfully loaded and parsed: ActivaGFINAL - Ingresos Anuales-Mensuales Proy 2.csv
INFO 2025-04-27 22:07:45,805 transform   Shape: (77, 12)
INFO 2025-04-27 22:07:45,805 transform   Columns: ['cliente', 'facturacion', 'presupuesto', 'facturado_2024', 'facturado_2024', 'facturado_2024', '1er_trimestre', '2do_cuatrimestre', '3er_cuatrimestre', '4to_cuatrimestre', 'facturacion_anual', 'facturacion_mensual']
WARNING 2025-04-27 22:07:45,891 transform Could not convert column facturado_2024 to numeric: The truth value of a Series is ambiguous. Use a.empty, a.bool(), a.item(), a.any() or a.all().
WARNING 2025-04-27 22:07:45,891 transform Could not convert column facturado_2024 to numeric: The truth value of a Series is ambiguous. Use a.empty, a.bool(), a.item(), a.any() or a.all().
WARNING 2025-04-27 22:07:45,892 transform Could not convert column facturado_2024 to numeric: The truth value of a Series is ambiguous. Use a.empty, a.bool(), a.item(), a.any() or a.all().
INFO 2025-04-27 22:07:45,898 transform Successfully loaded and parsed: ActivaGFINAL - Presupuesto 2,025.csv
INFO 2025-04-27 22:07:45,899 transform   Shape: (79, 12)
INFO 2025-04-27 22:07:45,899 transform   Columns: ['cliente', 'facturacion', 'presupuesto', 'facturado_2024', 'facturado_2024', 'facturado_2024', '1er_trimestre', '2do_cuatrimestre', '3er_cuatrimestre', '4to_cuatrimestre', 'facturacion_real', 'proyeccion']
INFO 2025-04-27 22:07:45,996 transform Successfully loaded and parsed: ActivaGFINAL - Profit & Loss.csv
INFO 2025-04-27 22:07:45,997 transform   Shape: (78, 15)
INFO 2025-04-27 22:07:45,997 transform   Columns: ['concepto', 'ENERO', 'FEBRERO', 'MARZO', 'ABRIL', 'MAYO', 'JUNIO', 'JULIO', 'AGOSTO', 'SEPTIEMBRE', 'OCTUBRE', 'NOVIEMBRE', 'DICIEMBRE', 'CONSOLIDADO', 'Unnamed: 14']
INFO 2025-04-27 22:07:45,997 transform Loaded 5 CSV files
INFO 2025-04-27 22:07:45,997 views Transforming and combining all data
INFO 2025-04-27 22:07:46,003 transform Added brand information to 4 clients
INFO 2025-04-27 22:07:46,005 transform Merged 11 columns from activagfinal_ingresos_anuales_mensuales_proy_2
INFO 2025-04-27 22:07:46,008 transform Merged 11 columns from activagfinal_presupuesto_2_025
INFO 2025-04-27 22:07:46,008 transform Saved financial summary data from activagfinal_profit_loss
INFO 2025-04-27 22:07:46,008 transform Created combined dataframe with 52 clients and 21 columns
INFO 2025-04-27 22:07:46,009 views Successfully processed and combined data
INFO 2025-04-27 22:22:48,110 views Initializing S3 connector
INFO 2025-04-27 22:22:48,213 utils Initialized S3Connector for bucket: activa-datalake
INFO 2025-04-27 22:22:48,214 views Initializing custom data transformer
INFO 2025-04-27 22:22:48,214 views Loading and parsing CSV files from S3
INFO 2025-04-27 22:22:48,495 utils Found 6 objects with prefix: raw-data-activa/
INFO 2025-04-27 22:22:48,605 transform Successfully loaded and parsed: ActivaGFINAL - CLIENTES MARCAS.csv
INFO 2025-04-27 22:22:48,605 transform   Shape: (74, 4)
INFO 2025-04-27 22:22:48,605 transform   Columns: ['cliente_marca', 'tipo_cliente', 'cliente_desde', 'rubro_negocios']
INFO 2025-04-27 22:22:48,717 transform Successfully loaded and parsed: ActivaGFINAL - Clientes AG 2.csv
INFO 2025-04-27 22:22:48,717 transform   Shape: (46, 2)
INFO 2025-04-27 22:22:48,717 transform   Columns: ['cliente', 'industria']
WARNING 2025-04-27 22:22:48,834 transform Could not convert column facturado_2024 to numeric: The truth value of a Series is ambiguous. Use a.empty, a.bool(), a.item(), a.any() or a.all().
WARNING 2025-04-27 22:22:48,834 transform Could not convert column facturado_2024 to numeric: The truth value of a Series is ambiguous. Use a.empty, a.bool(), a.item(), a.any() or a.all().
WARNING 2025-04-27 22:22:48,835 transform Could not convert column facturado_2024 to numeric: The truth value of a Series is ambiguous. Use a.empty, a.bool(), a.item(), a.any() or a.all().
INFO 2025-04-27 22:22:48,841 transform Successfully loaded and parsed: ActivaGFINAL - Ingresos Anuales-Mensuales Proy 2.csv
INFO 2025-04-27 22:22:48,841 transform   Shape: (77, 12)
INFO 2025-04-27 22:22:48,841 transform   Columns: ['cliente', 'facturacion', 'presupuesto', 'facturado_2024', 'facturado_2024', 'facturado_2024', '1er_trimestre', '2do_cuatrimestre', '3er_cuatrimestre', '4to_cuatrimestre', 'facturacion_anual', 'facturacion_mensual']
WARNING 2025-04-27 22:22:48,931 transform Could not convert column facturado_2024 to numeric: The truth value of a Series is ambiguous. Use a.empty, a.bool(), a.item(), a.any() or a.all().
WARNING 2025-04-27 22:22:48,932 transform Could not convert column facturado_2024 to numeric: The truth value of a Series is ambiguous. Use a.empty, a.bool(), a.item(), a.any() or a.all().
WARNING 2025-04-27 22:22:48,932 transform Could not convert column facturado_2024 to numeric: The truth value of a Series is ambiguous. Use a.empty, a.bool(), a.item(), a.any() or a.all().
INFO 2025-04-27 22:22:48,939 transform Successfully loaded and parsed: ActivaGFINAL - Presupuesto 2,025.csv
INFO 2025-04-27 22:22:48,939 transform   Shape: (79, 12)
INFO 2025-04-27 22:22:48,939 transform   Columns: ['cliente', 'facturacion', 'presupuesto', 'facturado_2024', 'facturado_2024', 'facturado_2024', '1er_trimestre', '2do_cuatrimestre', '3er_cuatrimestre', '4to_cuatrimestre', 'facturacion_real', 'proyeccion']
INFO 2025-04-27 22:22:49,027 transform Successfully loaded and parsed: ActivaGFINAL - Profit & Loss.csv
INFO 2025-04-27 22:22:49,027 transform   Shape: (78, 15)
INFO 2025-04-27 22:22:49,027 transform   Columns: ['concepto', 'ENERO', 'FEBRERO', 'MARZO', 'ABRIL', 'MAYO', 'JUNIO', 'JULIO', 'AGOSTO', 'SEPTIEMBRE', 'OCTUBRE', 'NOVIEMBRE', 'DICIEMBRE', 'CONSOLIDADO', 'Unnamed: 14']
INFO 2025-04-27 22:22:49,028 transform Loaded 5 CSV files
INFO 2025-04-27 22:22:49,040 views Initializing S3 connector
INFO 2025-04-27 22:22:49,045 utils Initialized S3Connector for bucket: activa-datalake
INFO 2025-04-27 22:22:49,045 views Initializing custom data transformer
INFO 2025-04-27 22:22:49,045 views Loading and parsing CSV files from S3
INFO 2025-04-27 22:22:49,287 utils Found 6 objects with prefix: raw-data-activa/
INFO 2025-04-27 22:22:49,373 transform Successfully loaded and parsed: ActivaGFINAL - CLIENTES MARCAS.csv
INFO 2025-04-27 22:22:49,373 transform   Shape: (74, 4)
INFO 2025-04-27 22:22:49,373 transform   Columns: ['cliente_marca', 'tipo_cliente', 'cliente_desde', 'rubro_negocios']
INFO 2025-04-27 22:22:49,457 transform Successfully loaded and parsed: ActivaGFINAL - Clientes AG 2.csv
INFO 2025-04-27 22:22:49,457 transform   Shape: (46, 2)
INFO 2025-04-27 22:22:49,457 transform   Columns: ['cliente', 'industria']
WARNING 2025-04-27 22:22:49,544 transform Could not convert column facturado_2024 to numeric: The truth value of a Series is ambiguous. Use a.empty, a.bool(), a.item(), a.any() or a.all().
WARNING 2025-04-27 22:22:49,544 transform Could not convert column facturado_2024 to numeric: The truth value of a Series is ambiguous. Use a.empty, a.bool(), a.item(), a.any() or a.all().
WARNING 2025-04-27 22:22:49,545 transform Could not convert column facturado_2024 to numeric: The truth value of a Series is ambiguous. Use a.empty, a.bool(), a.item(), a.any() or a.all().
INFO 2025-04-27 22:22:49,550 transform Successfully loaded and parsed: ActivaGFINAL - Ingresos Anuales-Mensuales Proy 2.csv
INFO 2025-04-27 22:22:49,550 transform   Shape: (77, 12)
INFO 2025-04-27 22:22:49,550 transform   Columns: ['cliente', 'facturacion', 'presupuesto', 'facturado_2024', 'facturado_2024', 'facturado_2024', '1er_trimestre', '2do_cuatrimestre', '3er_cuatrimestre', '4to_cuatrimestre', 'facturacion_anual', 'facturacion_mensual']
WARNING 2025-04-27 22:22:49,634 transform Could not convert column facturado_2024 to numeric: The truth value of a Series is ambiguous. Use a.empty, a.bool(), a.item(), a.any() or a.all().
WARNING 2025-04-27 22:22:49,635 transform Could not convert column facturado_2024 to numeric: The truth value of a Series is ambiguous. Use a.empty, a.bool(), a.item(), a.any() or a.all().
WARNING 2025-04-27 22:22:49,635 transform Could not convert column facturado_2024 to numeric: The truth value of a Series is ambiguous. Use a.empty, a.bool(), a.item(), a.any() or a.all().
INFO 2025-04-27 22:22:49,640 transform Successfully loaded and parsed: ActivaGFINAL - Presupuesto 2,025.csv
INFO 2025-04-27 22:22:49,641 transform   Shape: (79, 12)
INFO 2025-04-27 22:22:49,641 transform   Columns: ['cliente', 'facturacion', 'presupuesto', 'facturado_2024', 'facturado_2024', 'facturado_2024', '1er_trimestre', '2do_cuatrimestre', '3er_cuatrimestre', '4to_cuatrimestre', 'facturacion_real', 'proyeccion']
INFO 2025-04-27 22:22:49,737 transform Successfully loaded and parsed: ActivaGFINAL - Profit & Loss.csv
INFO 2025-04-27 22:22:49,737 transform   Shape: (78, 15)
INFO 2025-04-27 22:22:49,737 transform   Columns: ['concepto', 'ENERO', 'FEBRERO', 'MARZO', 'ABRIL', 'MAYO', 'JUNIO', 'JULIO', 'AGOSTO', 'SEPTIEMBRE', 'OCTUBRE', 'NOVIEMBRE', 'DICIEMBRE', 'CONSOLIDADO', 'Unnamed: 14']
INFO 2025-04-27 22:22:49,738 transform Loaded 5 CSV files
INFO 2025-04-27 22:22:49,738 views Transforming and combining data
INFO 2025-04-27 22:22:49,747 transform Added brand information to 4 clients
INFO 2025-04-27 22:22:49,750 transform Merged 11 columns from activagfinal_ingresos_anuales_mensuales_proy_2
INFO 2025-04-27 22:22:49,753 transform Merged 11 columns from activagfinal_presupuesto_2_025
INFO 2025-04-27 22:22:49,753 transform Saved financial summary data from activagfinal_profit_loss
INFO 2025-04-27 22:22:49,753 transform Created combined dataframe with 52 clients and 21 columns
INFO 2025-04-27 22:22:49,753 views Getting financial summary
ERROR 2025-04-27 22:22:49,753 views Error processing financial data: 'CustomDataTransformer' object has no attribute 'get_financial_summary'
INFO 2025-04-27 22:22:49,759 views Initializing S3 connector
INFO 2025-04-27 22:22:49,765 utils Initialized S3Connector for bucket: activa-datalake
INFO 2025-04-27 22:22:49,765 views Initializing custom data transformer
INFO 2025-04-27 22:22:49,765 views Loading and parsing CSV files from S3
INFO 2025-04-27 22:22:50,000 utils Found 6 objects with prefix: raw-data-activa/
INFO 2025-04-27 22:22:50,087 transform Successfully loaded and parsed: ActivaGFINAL - CLIENTES MARCAS.csv
INFO 2025-04-27 22:22:50,088 transform   Shape: (74, 4)
INFO 2025-04-27 22:22:50,088 transform   Columns: ['cliente_marca', 'tipo_cliente', 'cliente_desde', 'rubro_negocios']
INFO 2025-04-27 22:22:50,236 transform Successfully loaded and parsed: ActivaGFINAL - Clientes AG 2.csv
INFO 2025-04-27 22:22:50,236 transform   Shape: (46, 2)
INFO 2025-04-27 22:22:50,236 transform   Columns: ['cliente', 'industria']
WARNING 2025-04-27 22:22:50,367 transform Could not convert column facturado_2024 to numeric: The truth value of a Series is ambiguous. Use a.empty, a.bool(), a.item(), a.any() or a.all().
WARNING 2025-04-27 22:22:50,368 transform Could not convert column facturado_2024 to numeric: The truth value of a Series is ambiguous. Use a.empty, a.bool(), a.item(), a.any() or a.all().
WARNING 2025-04-27 22:22:50,368 transform Could not convert column facturado_2024 to numeric: The truth value of a Series is ambiguous. Use a.empty, a.bool(), a.item(), a.any() or a.all().
INFO 2025-04-27 22:22:50,373 transform Successfully loaded and parsed: ActivaGFINAL - Ingresos Anuales-Mensuales Proy 2.csv
INFO 2025-04-27 22:22:50,373 transform   Shape: (77, 12)
INFO 2025-04-27 22:22:50,373 transform   Columns: ['cliente', 'facturacion', 'presupuesto', 'facturado_2024', 'facturado_2024', 'facturado_2024', '1er_trimestre', '2do_cuatrimestre', '3er_cuatrimestre', '4to_cuatrimestre', 'facturacion_anual', 'facturacion_mensual']
WARNING 2025-04-27 22:22:50,466 transform Could not convert column facturado_2024 to numeric: The truth value of a Series is ambiguous. Use a.empty, a.bool(), a.item(), a.any() or a.all().
WARNING 2025-04-27 22:22:50,466 transform Could not convert column facturado_2024 to numeric: The truth value of a Series is ambiguous. Use a.empty, a.bool(), a.item(), a.any() or a.all().
WARNING 2025-04-27 22:22:50,467 transform Could not convert column facturado_2024 to numeric: The truth value of a Series is ambiguous. Use a.empty, a.bool(), a.item(), a.any() or a.all().
INFO 2025-04-27 22:22:50,473 transform Successfully loaded and parsed: ActivaGFINAL - Presupuesto 2,025.csv
INFO 2025-04-27 22:22:50,473 transform   Shape: (79, 12)
INFO 2025-04-27 22:22:50,473 transform   Columns: ['cliente', 'facturacion', 'presupuesto', 'facturado_2024', 'facturado_2024', 'facturado_2024', '1er_trimestre', '2do_cuatrimestre', '3er_cuatrimestre', '4to_cuatrimestre', 'facturacion_real', 'proyeccion']
INFO 2025-04-27 22:22:50,612 transform Successfully loaded and parsed: ActivaGFINAL - Profit & Loss.csv
INFO 2025-04-27 22:22:50,612 transform   Shape: (78, 15)
INFO 2025-04-27 22:22:50,613 transform   Columns: ['concepto', 'ENERO', 'FEBRERO', 'MARZO', 'ABRIL', 'MAYO', 'JUNIO', 'JULIO', 'AGOSTO', 'SEPTIEMBRE', 'OCTUBRE', 'NOVIEMBRE', 'DICIEMBRE', 'CONSOLIDADO', 'Unnamed: 14']
INFO 2025-04-27 22:22:50,613 transform Loaded 5 CSV files
INFO 2025-04-27 22:22:50,613 views Transforming and combining all data
INFO 2025-04-27 22:22:50,619 transform Added brand information to 4 clients
INFO 2025-04-27 22:22:50,621 transform Merged 11 columns from activagfinal_ingresos_anuales_mensuales_proy_2
INFO 2025-04-27 22:22:50,625 transform Merged 11 columns from activagfinal_presupuesto_2_025
INFO 2025-04-27 22:22:50,625 transform Saved financial summary data from activagfinal_profit_loss
INFO 2025-04-27 22:22:50,625 transform Created combined dataframe with 52 clients and 21 columns
INFO 2025-04-27 22:22:50,627 views Successfully processed and combined data
INFO 2025-04-27 22:27:23,616 views Initializing S3 connector
INFO 2025-04-27 22:27:23,734 utils Initialized S3Connector for bucket: activa-datalake
INFO 2025-04-27 22:27:23,735 views Initializing custom data transformer
INFO 2025-04-27 22:27:23,735 views Loading and parsing CSV files from S3
INFO 2025-04-27 22:27:24,116 utils Found 6 objects with prefix: raw-data-activa/
INFO 2025-04-27 22:27:24,255 transform Successfully loaded and parsed: ActivaGFINAL - CLIENTES MARCAS.csv
INFO 2025-04-27 22:27:24,256 transform   Shape: (74, 4)
INFO 2025-04-27 22:27:24,256 transform   Columns: ['cliente_marca', 'tipo_cliente', 'cliente_desde', 'rubro_negocios']
INFO 2025-04-27 22:27:24,374 transform Successfully loaded and parsed: ActivaGFINAL - Clientes AG 2.csv
INFO 2025-04-27 22:27:24,375 transform   Shape: (46, 2)
INFO 2025-04-27 22:27:24,375 transform   Columns: ['cliente', 'industria']
WARNING 2025-04-27 22:27:24,462 transform Could not convert column facturado_2024 to numeric: The truth value of a Series is ambiguous. Use a.empty, a.bool(), a.item(), a.any() or a.all().
WARNING 2025-04-27 22:27:24,462 transform Could not convert column facturado_2024 to numeric: The truth value of a Series is ambiguous. Use a.empty, a.bool(), a.item(), a.any() or a.all().
WARNING 2025-04-27 22:27:24,462 transform Could not convert column facturado_2024 to numeric: The truth value of a Series is ambiguous. Use a.empty, a.bool(), a.item(), a.any() or a.all().
INFO 2025-04-27 22:27:24,466 transform Successfully loaded and parsed: ActivaGFINAL - Ingresos Anuales-Mensuales Proy 2.csv
INFO 2025-04-27 22:27:24,466 transform   Shape: (77, 12)
INFO 2025-04-27 22:27:24,466 transform   Columns: ['cliente', 'facturacion', 'presupuesto', 'facturado_2024', 'facturado_2024', 'facturado_2024', '1er_trimestre', '2do_cuatrimestre', '3er_cuatrimestre', '4to_cuatrimestre', 'facturacion_anual', 'facturacion_mensual']
WARNING 2025-04-27 22:27:24,597 transform Could not convert column facturado_2024 to numeric: The truth value of a Series is ambiguous. Use a.empty, a.bool(), a.item(), a.any() or a.all().
WARNING 2025-04-27 22:27:24,598 transform Could not convert column facturado_2024 to numeric: The truth value of a Series is ambiguous. Use a.empty, a.bool(), a.item(), a.any() or a.all().
WARNING 2025-04-27 22:27:24,598 transform Could not convert column facturado_2024 to numeric: The truth value of a Series is ambiguous. Use a.empty, a.bool(), a.item(), a.any() or a.all().
INFO 2025-04-27 22:27:24,601 transform Successfully loaded and parsed: ActivaGFINAL - Presupuesto 2,025.csv
INFO 2025-04-27 22:27:24,601 transform   Shape: (79, 12)
INFO 2025-04-27 22:27:24,602 transform   Columns: ['cliente', 'facturacion', 'presupuesto', 'facturado_2024', 'facturado_2024', 'facturado_2024', '1er_trimestre', '2do_cuatrimestre', '3er_cuatrimestre', '4to_cuatrimestre', 'facturacion_real', 'proyeccion']
INFO 2025-04-27 22:27:24,709 transform Successfully loaded and parsed: ActivaGFINAL - Profit & Loss.csv
INFO 2025-04-27 22:27:24,709 transform   Shape: (78, 15)
INFO 2025-04-27 22:27:24,709 transform   Columns: ['concepto', 'ENERO', 'FEBRERO', 'MARZO', 'ABRIL', 'MAYO', 'JUNIO', 'JULIO', 'AGOSTO', 'SEPTIEMBRE', 'OCTUBRE', 'NOVIEMBRE', 'DICIEMBRE', 'CONSOLIDADO', 'Unnamed: 14']
INFO 2025-04-27 22:27:24,709 transform Loaded 5 CSV files
INFO 2025-04-27 22:27:24,719 views Initializing S3 connector
INFO 2025-04-27 22:27:24,725 utils Initialized S3Connector for bucket: activa-datalake
INFO 2025-04-27 22:27:24,725 views Initializing custom data transformer
INFO 2025-04-27 22:27:24,725 views Loading and parsing CSV files from S3
INFO 2025-04-27 22:27:24,954 utils Found 6 objects with prefix: raw-data-activa/
INFO 2025-04-27 22:27:25,035 transform Successfully loaded and parsed: ActivaGFINAL - CLIENTES MARCAS.csv
INFO 2025-04-27 22:27:25,035 transform   Shape: (74, 4)
INFO 2025-04-27 22:27:25,035 transform   Columns: ['cliente_marca', 'tipo_cliente', 'cliente_desde', 'rubro_negocios']
INFO 2025-04-27 22:27:25,119 transform Successfully loaded and parsed: ActivaGFINAL - Clientes AG 2.csv
INFO 2025-04-27 22:27:25,119 transform   Shape: (46, 2)
INFO 2025-04-27 22:27:25,119 transform   Columns: ['cliente', 'industria']
WARNING 2025-04-27 22:27:25,205 transform Could not convert column facturado_2024 to numeric: The truth value of a Series is ambiguous. Use a.empty, a.bool(), a.item(), a.any() or a.all().
WARNING 2025-04-27 22:27:25,205 transform Could not convert column facturado_2024 to numeric: The truth value of a Series is ambiguous. Use a.empty, a.bool(), a.item(), a.any() or a.all().
WARNING 2025-04-27 22:27:25,206 transform Could not convert column facturado_2024 to numeric: The truth value of a Series is ambiguous. Use a.empty, a.bool(), a.item(), a.any() or a.all().
INFO 2025-04-27 22:27:25,213 transform Successfully loaded and parsed: ActivaGFINAL - Ingresos Anuales-Mensuales Proy 2.csv
INFO 2025-04-27 22:27:25,214 transform   Shape: (77, 12)
INFO 2025-04-27 22:27:25,214 transform   Columns: ['cliente', 'facturacion', 'presupuesto', 'facturado_2024', 'facturado_2024', 'facturado_2024', '1er_trimestre', '2do_cuatrimestre', '3er_cuatrimestre', '4to_cuatrimestre', 'facturacion_anual', 'facturacion_mensual']
WARNING 2025-04-27 22:27:25,298 transform Could not convert column facturado_2024 to numeric: The truth value of a Series is ambiguous. Use a.empty, a.bool(), a.item(), a.any() or a.all().
WARNING 2025-04-27 22:27:25,299 transform Could not convert column facturado_2024 to numeric: The truth value of a Series is ambiguous. Use a.empty, a.bool(), a.item(), a.any() or a.all().
WARNING 2025-04-27 22:27:25,300 transform Could not convert column facturado_2024 to numeric: The truth value of a Series is ambiguous. Use a.empty, a.bool(), a.item(), a.any() or a.all().
INFO 2025-04-27 22:27:25,307 transform Successfully loaded and parsed: ActivaGFINAL - Presupuesto 2,025.csv
INFO 2025-04-27 22:27:25,307 transform   Shape: (79, 12)
INFO 2025-04-27 22:27:25,307 transform   Columns: ['cliente', 'facturacion', 'presupuesto', 'facturado_2024', 'facturado_2024', 'facturado_2024', '1er_trimestre', '2do_cuatrimestre', '3er_cuatrimestre', '4to_cuatrimestre', 'facturacion_real', 'proyeccion']
INFO 2025-04-27 22:27:25,398 transform Successfully loaded and parsed: ActivaGFINAL - Profit & Loss.csv
INFO 2025-04-27 22:27:25,398 transform   Shape: (78, 15)
INFO 2025-04-27 22:27:25,398 transform   Columns: ['concepto', 'ENERO', 'FEBRERO', 'MARZO', 'ABRIL', 'MAYO', 'JUNIO', 'JULIO', 'AGOSTO', 'SEPTIEMBRE', 'OCTUBRE', 'NOVIEMBRE', 'DICIEMBRE', 'CONSOLIDADO', 'Unnamed: 14']
INFO 2025-04-27 22:27:25,398 transform Loaded 5 CSV files
INFO 2025-04-27 22:27:25,398 views Transforming and combining data
INFO 2025-04-27 22:27:25,408 transform Added brand information to 4 clients
INFO 2025-04-27 22:27:25,413 transform Merged 11 columns from activagfinal_ingresos_anuales_mensuales_proy_2
INFO 2025-04-27 22:27:25,416 transform Merged 11 columns from activagfinal_presupuesto_2_025
INFO 2025-04-27 22:27:25,416 transform Saved financial summary data from activagfinal_profit_loss
INFO 2025-04-27 22:27:25,416 transform Created combined dataframe with 52 clients and 21 columns
INFO 2025-04-27 22:27:25,416 views Getting financial summary
ERROR 2025-04-27 22:27:25,416 views Error processing financial data: 'CustomDataTransformer' object has no attribute 'get_financial_summary'
INFO 2025-04-27 22:27:25,422 views Initializing S3 connector
INFO 2025-04-27 22:27:25,427 utils Initialized S3Connector for bucket: activa-datalake
INFO 2025-04-27 22:27:25,427 views Initializing custom data transformer
INFO 2025-04-27 22:27:25,427 views Loading and parsing CSV files from S3
INFO 2025-04-27 22:27:25,637 utils Found 6 objects with prefix: raw-data-activa/
INFO 2025-04-27 22:27:25,732 transform Successfully loaded and parsed: ActivaGFINAL - CLIENTES MARCAS.csv
INFO 2025-04-27 22:27:25,732 transform   Shape: (74, 4)
INFO 2025-04-27 22:27:25,732 transform   Columns: ['cliente_marca', 'tipo_cliente', 'cliente_desde', 'rubro_negocios']
INFO 2025-04-27 22:27:25,819 transform Successfully loaded and parsed: ActivaGFINAL - Clientes AG 2.csv
INFO 2025-04-27 22:27:25,819 transform   Shape: (46, 2)
INFO 2025-04-27 22:27:25,820 transform   Columns: ['cliente', 'industria']
WARNING 2025-04-27 22:27:25,909 transform Could not convert column facturado_2024 to numeric: The truth value of a Series is ambiguous. Use a.empty, a.bool(), a.item(), a.any() or a.all().
WARNING 2025-04-27 22:27:25,910 transform Could not convert column facturado_2024 to numeric: The truth value of a Series is ambiguous. Use a.empty, a.bool(), a.item(), a.any() or a.all().
WARNING 2025-04-27 22:27:25,910 transform Could not convert column facturado_2024 to numeric: The truth value of a Series is ambiguous. Use a.empty, a.bool(), a.item(), a.any() or a.all().
INFO 2025-04-27 22:27:25,918 transform Successfully loaded and parsed: ActivaGFINAL - Ingresos Anuales-Mensuales Proy 2.csv
INFO 2025-04-27 22:27:25,918 transform   Shape: (77, 12)
INFO 2025-04-27 22:27:25,918 transform   Columns: ['cliente', 'facturacion', 'presupuesto', 'facturado_2024', 'facturado_2024', 'facturado_2024', '1er_trimestre', '2do_cuatrimestre', '3er_cuatrimestre', '4to_cuatrimestre', 'facturacion_anual', 'facturacion_mensual']
WARNING 2025-04-27 22:27:25,996 transform Could not convert column facturado_2024 to numeric: The truth value of a Series is ambiguous. Use a.empty, a.bool(), a.item(), a.any() or a.all().
WARNING 2025-04-27 22:27:25,996 transform Could not convert column facturado_2024 to numeric: The truth value of a Series is ambiguous. Use a.empty, a.bool(), a.item(), a.any() or a.all().
WARNING 2025-04-27 22:27:25,997 transform Could not convert column facturado_2024 to numeric: The truth value of a Series is ambiguous. Use a.empty, a.bool(), a.item(), a.any() or a.all().
INFO 2025-04-27 22:27:26,003 transform Successfully loaded and parsed: ActivaGFINAL - Presupuesto 2,025.csv
INFO 2025-04-27 22:27:26,004 transform   Shape: (79, 12)
INFO 2025-04-27 22:27:26,004 transform   Columns: ['cliente', 'facturacion', 'presupuesto', 'facturado_2024', 'facturado_2024', 'facturado_2024', '1er_trimestre', '2do_cuatrimestre', '3er_cuatrimestre', '4to_cuatrimestre', 'facturacion_real', 'proyeccion']
INFO 2025-04-27 22:27:26,104 transform Successfully loaded and parsed: ActivaGFINAL - Profit & Loss.csv
INFO 2025-04-27 22:27:26,104 transform   Shape: (78, 15)
INFO 2025-04-27 22:27:26,104 transform   Columns: ['concepto', 'ENERO', 'FEBRERO', 'MARZO', 'ABRIL', 'MAYO', 'JUNIO', 'JULIO', 'AGOSTO', 'SEPTIEMBRE', 'OCTUBRE', 'NOVIEMBRE', 'DICIEMBRE', 'CONSOLIDADO', 'Unnamed: 14']
INFO 2025-04-27 22:27:26,104 transform Loaded 5 CSV files
INFO 2025-04-27 22:27:26,104 views Transforming and combining all data
INFO 2025-04-27 22:27:26,111 transform Added brand information to 4 clients
INFO 2025-04-27 22:27:26,113 transform Merged 11 columns from activagfinal_ingresos_anuales_mensuales_proy_2
INFO 2025-04-27 22:27:26,116 transform Merged 11 columns from activagfinal_presupuesto_2_025
INFO 2025-04-27 22:27:26,116 transform Saved financial summary data from activagfinal_profit_loss
INFO 2025-04-27 22:27:26,116 transform Created combined dataframe with 52 clients and 21 columns
ERROR 2025-04-27 22:27:26,118 views Error processing data: 'dict' object has no attribute 'replace'
INFO 2025-04-28 02:07:43,309 views Initializing S3 connector
INFO 2025-04-28 02:07:43,416 utils Initialized S3Connector for bucket: activa-datalake
INFO 2025-04-28 02:07:43,740 utils Found 6 objects with prefix: raw-data-activa/
INFO 2025-04-28 02:07:43,882 transform Successfully loaded and parsed: ActivaGFINAL - CLIENTES MARCAS.csv
INFO 2025-04-28 02:07:43,882 transform   Shape: (74, 4)
INFO 2025-04-28 02:07:43,882 transform   Columns: ['cliente_marca', 'tipo_cliente', 'cliente_desde', 'rubro_negocios']
INFO 2025-04-28 02:07:43,997 transform Successfully loaded and parsed: ActivaGFINAL - Clientes AG 2.csv
INFO 2025-04-28 02:07:43,998 transform   Shape: (46, 2)
INFO 2025-04-28 02:07:43,998 transform   Columns: ['cliente', 'industria']
WARNING 2025-04-28 02:07:44,102 transform Could not convert column facturado_2024 to numeric: The truth value of a Series is ambiguous. Use a.empty, a.bool(), a.item(), a.any() or a.all().
WARNING 2025-04-28 02:07:44,102 transform Could not convert column facturado_2024 to numeric: The truth value of a Series is ambiguous. Use a.empty, a.bool(), a.item(), a.any() or a.all().
WARNING 2025-04-28 02:07:44,102 transform Could not convert column facturado_2024 to numeric: The truth value of a Series is ambiguous. Use a.empty, a.bool(), a.item(), a.any() or a.all().
INFO 2025-04-28 02:07:44,109 transform Successfully loaded and parsed: ActivaGFINAL - Ingresos Anuales-Mensuales Proy 2.csv
INFO 2025-04-28 02:07:44,109 transform   Shape: (77, 12)
INFO 2025-04-28 02:07:44,109 transform   Columns: ['cliente', 'facturacion', 'presupuesto', 'facturado_2024', 'facturado_2024', 'facturado_2024', '1er_trimestre', '2do_cuatrimestre', '3er_cuatrimestre', '4to_cuatrimestre', 'facturacion_anual', 'facturacion_mensual']
WARNING 2025-04-28 02:07:44,213 transform Could not convert column facturado_2024 to numeric: The truth value of a Series is ambiguous. Use a.empty, a.bool(), a.item(), a.any() or a.all().
WARNING 2025-04-28 02:07:44,213 transform Could not convert column facturado_2024 to numeric: The truth value of a Series is ambiguous. Use a.empty, a.bool(), a.item(), a.any() or a.all().
WARNING 2025-04-28 02:07:44,214 transform Could not convert column facturado_2024 to numeric: The truth value of a Series is ambiguous. Use a.empty, a.bool(), a.item(), a.any() or a.all().
INFO 2025-04-28 02:07:44,217 transform Successfully loaded and parsed: ActivaGFINAL - Presupuesto 2,025.csv
INFO 2025-04-28 02:07:44,218 transform   Shape: (79, 12)
INFO 2025-04-28 02:07:44,218 transform   Columns: ['cliente', 'facturacion', 'presupuesto', 'facturado_2024', 'facturado_2024', 'facturado_2024', '1er_trimestre', '2do_cuatrimestre', '3er_cuatrimestre', '4to_cuatrimestre', 'facturacion_real', 'proyeccion']
INFO 2025-04-28 02:07:44,308 transform Successfully loaded and parsed: ActivaGFINAL - Profit & Loss.csv
INFO 2025-04-28 02:07:44,309 transform   Shape: (78, 15)
INFO 2025-04-28 02:07:44,309 transform   Columns: ['concepto', 'ENERO', 'FEBRERO', 'MARZO', 'ABRIL', 'MAYO', 'JUNIO', 'JULIO', 'AGOSTO', 'SEPTIEMBRE', 'OCTUBRE', 'NOVIEMBRE', 'DICIEMBRE', 'CONSOLIDADO', 'Unnamed: 14']
INFO 2025-04-28 02:07:44,309 transform Loaded 5 CSV files
INFO 2025-04-28 02:07:44,317 views Initializing S3 connector
INFO 2025-04-28 02:07:44,321 utils Initialized S3Connector for bucket: activa-datalake
INFO 2025-04-28 02:07:44,582 utils Found 6 objects with prefix: raw-data-activa/
INFO 2025-04-28 02:07:44,672 transform Successfully loaded and parsed: ActivaGFINAL - CLIENTES MARCAS.csv
INFO 2025-04-28 02:07:44,673 transform   Shape: (74, 4)
INFO 2025-04-28 02:07:44,673 transform   Columns: ['cliente_marca', 'tipo_cliente', 'cliente_desde', 'rubro_negocios']
INFO 2025-04-28 02:07:44,758 transform Successfully loaded and parsed: ActivaGFINAL - Clientes AG 2.csv
INFO 2025-04-28 02:07:44,758 transform   Shape: (46, 2)
INFO 2025-04-28 02:07:44,758 transform   Columns: ['cliente', 'industria']
WARNING 2025-04-28 02:07:44,839 transform Could not convert column facturado_2024 to numeric: The truth value of a Series is ambiguous. Use a.empty, a.bool(), a.item(), a.any() or a.all().
WARNING 2025-04-28 02:07:44,840 transform Could not convert column facturado_2024 to numeric: The truth value of a Series is ambiguous. Use a.empty, a.bool(), a.item(), a.any() or a.all().
WARNING 2025-04-28 02:07:44,840 transform Could not convert column facturado_2024 to numeric: The truth value of a Series is ambiguous. Use a.empty, a.bool(), a.item(), a.any() or a.all().
INFO 2025-04-28 02:07:44,845 transform Successfully loaded and parsed: ActivaGFINAL - Ingresos Anuales-Mensuales Proy 2.csv
INFO 2025-04-28 02:07:44,845 transform   Shape: (77, 12)
INFO 2025-04-28 02:07:44,845 transform   Columns: ['cliente', 'facturacion', 'presupuesto', 'facturado_2024', 'facturado_2024', 'facturado_2024', '1er_trimestre', '2do_cuatrimestre', '3er_cuatrimestre', '4to_cuatrimestre', 'facturacion_anual', 'facturacion_mensual']
WARNING 2025-04-28 02:07:44,931 transform Could not convert column facturado_2024 to numeric: The truth value of a Series is ambiguous. Use a.empty, a.bool(), a.item(), a.any() or a.all().
WARNING 2025-04-28 02:07:44,931 transform Could not convert column facturado_2024 to numeric: The truth value of a Series is ambiguous. Use a.empty, a.bool(), a.item(), a.any() or a.all().
WARNING 2025-04-28 02:07:44,932 transform Could not convert column facturado_2024 to numeric: The truth value of a Series is ambiguous. Use a.empty, a.bool(), a.item(), a.any() or a.all().
INFO 2025-04-28 02:07:44,940 transform Successfully loaded and parsed: ActivaGFINAL - Presupuesto 2,025.csv
INFO 2025-04-28 02:07:44,940 transform   Shape: (79, 12)
INFO 2025-04-28 02:07:44,940 transform   Columns: ['cliente', 'facturacion', 'presupuesto', 'facturado_2024', 'facturado_2024', 'facturado_2024', '1er_trimestre', '2do_cuatrimestre', '3er_cuatrimestre', '4to_cuatrimestre', 'facturacion_real', 'proyeccion']
INFO 2025-04-28 02:07:45,025 transform Successfully loaded and parsed: ActivaGFINAL - Profit & Loss.csv
INFO 2025-04-28 02:07:45,025 transform   Shape: (78, 15)
INFO 2025-04-28 02:07:45,025 transform   Columns: ['concepto', 'ENERO', 'FEBRERO', 'MARZO', 'ABRIL', 'MAYO', 'JUNIO', 'JULIO', 'AGOSTO', 'SEPTIEMBRE', 'OCTUBRE', 'NOVIEMBRE', 'DICIEMBRE', 'CONSOLIDADO', 'Unnamed: 14']
INFO 2025-04-28 02:07:45,025 transform Loaded 5 CSV files
INFO 2025-04-28 02:07:45,035 transform Added brand information to 4 clients
INFO 2025-04-28 02:07:45,039 transform Merged 11 columns from activagfinal_ingresos_anuales_mensuales_proy_2
INFO 2025-04-28 02:07:45,041 transform Merged 11 columns from activagfinal_presupuesto_2_025
INFO 2025-04-28 02:07:45,041 transform Saved financial summary data from activagfinal_profit_loss
INFO 2025-04-28 02:07:45,041 transform Created combined dataframe with 52 clients and 21 columns
ERROR 2025-04-28 02:07:45,041 views Error processing financial data: 'CustomDataTransformer' object has no attribute 'get_financial_summary'
INFO 2025-04-28 02:07:45,045 views Initializing S3 connector
INFO 2025-04-28 02:07:45,049 utils Initialized S3Connector for bucket: activa-datalake
INFO 2025-04-28 02:07:45,049 views Initializing custom data transformer
INFO 2025-04-28 02:07:45,049 views Loading and parsing CSV files from S3
INFO 2025-04-28 02:07:45,277 utils Found 6 objects with prefix: raw-data-activa/
INFO 2025-04-28 02:07:45,351 transform Successfully loaded and parsed: ActivaGFINAL - CLIENTES MARCAS.csv
INFO 2025-04-28 02:07:45,351 transform   Shape: (74, 4)
INFO 2025-04-28 02:07:45,351 transform   Columns: ['cliente_marca', 'tipo_cliente', 'cliente_desde', 'rubro_negocios']
INFO 2025-04-28 02:07:45,429 transform Successfully loaded and parsed: ActivaGFINAL - Clientes AG 2.csv
INFO 2025-04-28 02:07:45,429 transform   Shape: (46, 2)
INFO 2025-04-28 02:07:45,429 transform   Columns: ['cliente', 'industria']
WARNING 2025-04-28 02:07:45,506 transform Could not convert column facturado_2024 to numeric: The truth value of a Series is ambiguous. Use a.empty, a.bool(), a.item(), a.any() or a.all().
WARNING 2025-04-28 02:07:45,507 transform Could not convert column facturado_2024 to numeric: The truth value of a Series is ambiguous. Use a.empty, a.bool(), a.item(), a.any() or a.all().
WARNING 2025-04-28 02:07:45,507 transform Could not convert column facturado_2024 to numeric: The truth value of a Series is ambiguous. Use a.empty, a.bool(), a.item(), a.any() or a.all().
INFO 2025-04-28 02:07:45,510 transform Successfully loaded and parsed: ActivaGFINAL - Ingresos Anuales-Mensuales Proy 2.csv
INFO 2025-04-28 02:07:45,510 transform   Shape: (77, 12)
INFO 2025-04-28 02:07:45,510 transform   Columns: ['cliente', 'facturacion', 'presupuesto', 'facturado_2024', 'facturado_2024', 'facturado_2024', '1er_trimestre', '2do_cuatrimestre', '3er_cuatrimestre', '4to_cuatrimestre', 'facturacion_anual', 'facturacion_mensual']
WARNING 2025-04-28 02:07:45,592 transform Could not convert column facturado_2024 to numeric: The truth value of a Series is ambiguous. Use a.empty, a.bool(), a.item(), a.any() or a.all().
WARNING 2025-04-28 02:07:45,593 transform Could not convert column facturado_2024 to numeric: The truth value of a Series is ambiguous. Use a.empty, a.bool(), a.item(), a.any() or a.all().
WARNING 2025-04-28 02:07:45,593 transform Could not convert column facturado_2024 to numeric: The truth value of a Series is ambiguous. Use a.empty, a.bool(), a.item(), a.any() or a.all().
INFO 2025-04-28 02:07:45,597 transform Successfully loaded and parsed: ActivaGFINAL - Presupuesto 2,025.csv
INFO 2025-04-28 02:07:45,597 transform   Shape: (79, 12)
INFO 2025-04-28 02:07:45,597 transform   Columns: ['cliente', 'facturacion', 'presupuesto', 'facturado_2024', 'facturado_2024', 'facturado_2024', '1er_trimestre', '2do_cuatrimestre', '3er_cuatrimestre', '4to_cuatrimestre', 'facturacion_real', 'proyeccion']
INFO 2025-04-28 02:07:45,687 transform Successfully loaded and parsed: ActivaGFINAL - Profit & Loss.csv
INFO 2025-04-28 02:07:45,687 transform   Shape: (78, 15)
INFO 2025-04-28 02:07:45,687 transform   Columns: ['concepto', 'ENERO', 'FEBRERO', 'MARZO', 'ABRIL', 'MAYO', 'JUNIO', 'JULIO', 'AGOSTO', 'SEPTIEMBRE', 'OCTUBRE', 'NOVIEMBRE', 'DICIEMBRE', 'CONSOLIDADO', 'Unnamed: 14']
INFO 2025-04-28 02:07:45,687 transform Loaded 5 CSV files
INFO 2025-04-28 02:07:45,687 views Transforming and combining all data
INFO 2025-04-28 02:07:45,693 transform Added brand information to 4 clients
INFO 2025-04-28 02:07:45,695 transform Merged 11 columns from activagfinal_ingresos_anuales_mensuales_proy_2
INFO 2025-04-28 02:07:45,697 transform Merged 11 columns from activagfinal_presupuesto_2_025
INFO 2025-04-28 02:07:45,697 transform Saved financial summary data from activagfinal_profit_loss
INFO 2025-04-28 02:07:45,697 transform Created combined dataframe with 52 clients and 21 columns
ERROR 2025-04-28 02:07:45,698 views Error processing data: 'CustomDataTransformer' object has no attribute 'get_combined_data'
INFO 2025-04-28 02:12:11,287 views Initializing S3 connector
INFO 2025-04-28 02:12:11,401 utils Initialized S3Connector for bucket: activa-datalake
INFO 2025-04-28 02:12:11,693 utils Found 6 objects with prefix: raw-data-activa/
INFO 2025-04-28 02:12:11,797 transform Successfully loaded and parsed: ActivaGFINAL - CLIENTES MARCAS.csv
INFO 2025-04-28 02:12:11,798 transform   Shape: (74, 4)
INFO 2025-04-28 02:12:11,798 transform   Columns: ['cliente_marca', 'tipo_cliente', 'cliente_desde', 'rubro_negocios']
INFO 2025-04-28 02:12:11,905 transform Successfully loaded and parsed: ActivaGFINAL - Clientes AG 2.csv
INFO 2025-04-28 02:12:11,905 transform   Shape: (46, 2)
INFO 2025-04-28 02:12:11,905 transform   Columns: ['cliente', 'industria']
WARNING 2025-04-28 02:12:12,044 transform Could not convert column facturado_2024 to numeric: The truth value of a Series is ambiguous. Use a.empty, a.bool(), a.item(), a.any() or a.all().
WARNING 2025-04-28 02:12:12,045 transform Could not convert column facturado_2024 to numeric: The truth value of a Series is ambiguous. Use a.empty, a.bool(), a.item(), a.any() or a.all().
WARNING 2025-04-28 02:12:12,046 transform Could not convert column facturado_2024 to numeric: The truth value of a Series is ambiguous. Use a.empty, a.bool(), a.item(), a.any() or a.all().
INFO 2025-04-28 02:12:12,052 transform Successfully loaded and parsed: ActivaGFINAL - Ingresos Anuales-Mensuales Proy 2.csv
INFO 2025-04-28 02:12:12,052 transform   Shape: (77, 12)
INFO 2025-04-28 02:12:12,052 transform   Columns: ['cliente', 'facturacion', 'presupuesto', 'facturado_2024', 'facturado_2024', 'facturado_2024', '1er_trimestre', '2do_cuatrimestre', '3er_cuatrimestre', '4to_cuatrimestre', 'facturacion_anual', 'facturacion_mensual']
WARNING 2025-04-28 02:12:12,163 transform Could not convert column facturado_2024 to numeric: The truth value of a Series is ambiguous. Use a.empty, a.bool(), a.item(), a.any() or a.all().
WARNING 2025-04-28 02:12:12,163 transform Could not convert column facturado_2024 to numeric: The truth value of a Series is ambiguous. Use a.empty, a.bool(), a.item(), a.any() or a.all().
WARNING 2025-04-28 02:12:12,164 transform Could not convert column facturado_2024 to numeric: The truth value of a Series is ambiguous. Use a.empty, a.bool(), a.item(), a.any() or a.all().
INFO 2025-04-28 02:12:12,167 transform Successfully loaded and parsed: ActivaGFINAL - Presupuesto 2,025.csv
INFO 2025-04-28 02:12:12,167 transform   Shape: (79, 12)
INFO 2025-04-28 02:12:12,167 transform   Columns: ['cliente', 'facturacion', 'presupuesto', 'facturado_2024', 'facturado_2024', 'facturado_2024', '1er_trimestre', '2do_cuatrimestre', '3er_cuatrimestre', '4to_cuatrimestre', 'facturacion_real', 'proyeccion']
INFO 2025-04-28 02:12:12,264 transform Successfully loaded and parsed: ActivaGFINAL - Profit & Loss.csv
INFO 2025-04-28 02:12:12,264 transform   Shape: (78, 15)
INFO 2025-04-28 02:12:12,264 transform   Columns: ['concepto', 'ENERO', 'FEBRERO', 'MARZO', 'ABRIL', 'MAYO', 'JUNIO', 'JULIO', 'AGOSTO', 'SEPTIEMBRE', 'OCTUBRE', 'NOVIEMBRE', 'DICIEMBRE', 'CONSOLIDADO', 'Unnamed: 14']
INFO 2025-04-28 02:12:12,264 transform Loaded 5 CSV files
INFO 2025-04-28 02:12:12,274 views Initializing S3 connector
INFO 2025-04-28 02:12:12,279 utils Initialized S3Connector for bucket: activa-datalake
INFO 2025-04-28 02:12:12,524 utils Found 6 objects with prefix: raw-data-activa/
INFO 2025-04-28 02:12:12,605 transform Successfully loaded and parsed: ActivaGFINAL - CLIENTES MARCAS.csv
INFO 2025-04-28 02:12:12,605 transform   Shape: (74, 4)
INFO 2025-04-28 02:12:12,605 transform   Columns: ['cliente_marca', 'tipo_cliente', 'cliente_desde', 'rubro_negocios']
INFO 2025-04-28 02:12:12,683 transform Successfully loaded and parsed: ActivaGFINAL - Clientes AG 2.csv
INFO 2025-04-28 02:12:12,683 transform   Shape: (46, 2)
INFO 2025-04-28 02:12:12,683 transform   Columns: ['cliente', 'industria']
WARNING 2025-04-28 02:12:12,796 transform Could not convert column facturado_2024 to numeric: The truth value of a Series is ambiguous. Use a.empty, a.bool(), a.item(), a.any() or a.all().
WARNING 2025-04-28 02:12:12,796 transform Could not convert column facturado_2024 to numeric: The truth value of a Series is ambiguous. Use a.empty, a.bool(), a.item(), a.any() or a.all().
WARNING 2025-04-28 02:12:12,797 transform Could not convert column facturado_2024 to numeric: The truth value of a Series is ambiguous. Use a.empty, a.bool(), a.item(), a.any() or a.all().
INFO 2025-04-28 02:12:12,804 transform Successfully loaded and parsed: ActivaGFINAL - Ingresos Anuales-Mensuales Proy 2.csv
INFO 2025-04-28 02:12:12,804 transform   Shape: (77, 12)
INFO 2025-04-28 02:12:12,804 transform   Columns: ['cliente', 'facturacion', 'presupuesto', 'facturado_2024', 'facturado_2024', 'facturado_2024', '1er_trimestre', '2do_cuatrimestre', '3er_cuatrimestre', '4to_cuatrimestre', 'facturacion_anual', 'facturacion_mensual']
WARNING 2025-04-28 02:12:12,889 transform Could not convert column facturado_2024 to numeric: The truth value of a Series is ambiguous. Use a.empty, a.bool(), a.item(), a.any() or a.all().
WARNING 2025-04-28 02:12:12,890 transform Could not convert column facturado_2024 to numeric: The truth value of a Series is ambiguous. Use a.empty, a.bool(), a.item(), a.any() or a.all().
WARNING 2025-04-28 02:12:12,890 transform Could not convert column facturado_2024 to numeric: The truth value of a Series is ambiguous. Use a.empty, a.bool(), a.item(), a.any() or a.all().
INFO 2025-04-28 02:12:12,897 transform Successfully loaded and parsed: ActivaGFINAL - Presupuesto 2,025.csv
INFO 2025-04-28 02:12:12,897 transform   Shape: (79, 12)
INFO 2025-04-28 02:12:12,897 transform   Columns: ['cliente', 'facturacion', 'presupuesto', 'facturado_2024', 'facturado_2024', 'facturado_2024', '1er_trimestre', '2do_cuatrimestre', '3er_cuatrimestre', '4to_cuatrimestre', 'facturacion_real', 'proyeccion']
INFO 2025-04-28 02:12:12,993 transform Successfully loaded and parsed: ActivaGFINAL - Profit & Loss.csv
INFO 2025-04-28 02:12:12,993 transform   Shape: (78, 15)
INFO 2025-04-28 02:12:12,994 transform   Columns: ['concepto', 'ENERO', 'FEBRERO', 'MARZO', 'ABRIL', 'MAYO', 'JUNIO', 'JULIO', 'AGOSTO', 'SEPTIEMBRE', 'OCTUBRE', 'NOVIEMBRE', 'DICIEMBRE', 'CONSOLIDADO', 'Unnamed: 14']
INFO 2025-04-28 02:12:12,994 transform Loaded 5 CSV files
INFO 2025-04-28 02:12:13,003 transform Added brand information to 4 clients
INFO 2025-04-28 02:12:13,006 transform Merged 11 columns from activagfinal_ingresos_anuales_mensuales_proy_2
INFO 2025-04-28 02:12:13,009 transform Merged 11 columns from activagfinal_presupuesto_2_025
INFO 2025-04-28 02:12:13,009 transform Saved financial summary data from activagfinal_profit_loss
INFO 2025-04-28 02:12:13,009 transform Created combined dataframe with 52 clients and 21 columns
ERROR 2025-04-28 02:12:13,013 views Error processing financial data: module 'pandas' has no attribute 'np'
INFO 2025-04-28 02:12:13,018 views Initializing S3 connector
INFO 2025-04-28 02:12:13,022 utils Initialized S3Connector for bucket: activa-datalake
INFO 2025-04-28 02:12:13,022 views Initializing custom data transformer
INFO 2025-04-28 02:12:13,022 views Loading and parsing CSV files from S3
INFO 2025-04-28 02:12:13,282 utils Found 6 objects with prefix: raw-data-activa/
INFO 2025-04-28 02:12:13,362 transform Successfully loaded and parsed: ActivaGFINAL - CLIENTES MARCAS.csv
INFO 2025-04-28 02:12:13,362 transform   Shape: (74, 4)
INFO 2025-04-28 02:12:13,362 transform   Columns: ['cliente_marca', 'tipo_cliente', 'cliente_desde', 'rubro_negocios']
INFO 2025-04-28 02:12:13,453 transform Successfully loaded and parsed: ActivaGFINAL - Clientes AG 2.csv
INFO 2025-04-28 02:12:13,453 transform   Shape: (46, 2)
INFO 2025-04-28 02:12:13,453 transform   Columns: ['cliente', 'industria']
WARNING 2025-04-28 02:12:13,582 transform Could not convert column facturado_2024 to numeric: The truth value of a Series is ambiguous. Use a.empty, a.bool(), a.item(), a.any() or a.all().
WARNING 2025-04-28 02:12:13,584 transform Could not convert column facturado_2024 to numeric: The truth value of a Series is ambiguous. Use a.empty, a.bool(), a.item(), a.any() or a.all().
WARNING 2025-04-28 02:12:13,584 transform Could not convert column facturado_2024 to numeric: The truth value of a Series is ambiguous. Use a.empty, a.bool(), a.item(), a.any() or a.all().
INFO 2025-04-28 02:12:13,595 transform Successfully loaded and parsed: ActivaGFINAL - Ingresos Anuales-Mensuales Proy 2.csv
INFO 2025-04-28 02:12:13,595 transform   Shape: (77, 12)
INFO 2025-04-28 02:12:13,595 transform   Columns: ['cliente', 'facturacion', 'presupuesto', 'facturado_2024', 'facturado_2024', 'facturado_2024', '1er_trimestre', '2do_cuatrimestre', '3er_cuatrimestre', '4to_cuatrimestre', 'facturacion_anual', 'facturacion_mensual']
WARNING 2025-04-28 02:12:13,681 transform Could not convert column facturado_2024 to numeric: The truth value of a Series is ambiguous. Use a.empty, a.bool(), a.item(), a.any() or a.all().
WARNING 2025-04-28 02:12:13,681 transform Could not convert column facturado_2024 to numeric: The truth value of a Series is ambiguous. Use a.empty, a.bool(), a.item(), a.any() or a.all().
WARNING 2025-04-28 02:12:13,683 transform Could not convert column facturado_2024 to numeric: The truth value of a Series is ambiguous. Use a.empty, a.bool(), a.item(), a.any() or a.all().
INFO 2025-04-28 02:12:13,688 transform Successfully loaded and parsed: ActivaGFINAL - Presupuesto 2,025.csv
INFO 2025-04-28 02:12:13,688 transform   Shape: (79, 12)
INFO 2025-04-28 02:12:13,689 transform   Columns: ['cliente', 'facturacion', 'presupuesto', 'facturado_2024', 'facturado_2024', 'facturado_2024', '1er_trimestre', '2do_cuatrimestre', '3er_cuatrimestre', '4to_cuatrimestre', 'facturacion_real', 'proyeccion']
INFO 2025-04-28 02:12:13,789 transform Successfully loaded and parsed: ActivaGFINAL - Profit & Loss.csv
INFO 2025-04-28 02:12:13,789 transform   Shape: (78, 15)
INFO 2025-04-28 02:12:13,789 transform   Columns: ['concepto', 'ENERO', 'FEBRERO', 'MARZO', 'ABRIL', 'MAYO', 'JUNIO', 'JULIO', 'AGOSTO', 'SEPTIEMBRE', 'OCTUBRE', 'NOVIEMBRE', 'DICIEMBRE', 'CONSOLIDADO', 'Unnamed: 14']
INFO 2025-04-28 02:12:13,789 transform Loaded 5 CSV files
INFO 2025-04-28 02:12:13,789 views Transforming and combining all data
INFO 2025-04-28 02:12:13,794 transform Added brand information to 4 clients
INFO 2025-04-28 02:12:13,797 transform Merged 11 columns from activagfinal_ingresos_anuales_mensuales_proy_2
INFO 2025-04-28 02:12:13,800 transform Merged 11 columns from activagfinal_presupuesto_2_025
INFO 2025-04-28 02:12:13,800 transform Saved financial summary data from activagfinal_profit_loss
INFO 2025-04-28 02:12:13,800 transform Created combined dataframe with 52 clients and 21 columns
ERROR 2025-04-28 02:12:13,802 views Error processing data: module 'pandas' has no attribute 'np'
INFO 2025-04-28 02:14:28,886 views Initializing S3 connector
INFO 2025-04-28 02:14:28,948 utils Initialized S3Connector for bucket: activa-datalake
INFO 2025-04-28 02:14:29,213 utils Found 6 objects with prefix: raw-data-activa/
INFO 2025-04-28 02:14:29,305 transform Successfully loaded and parsed: ActivaGFINAL - CLIENTES MARCAS.csv
INFO 2025-04-28 02:14:29,306 transform   Shape: (74, 4)
INFO 2025-04-28 02:14:29,306 transform   Columns: ['cliente_marca', 'tipo_cliente', 'cliente_desde', 'rubro_negocios']
INFO 2025-04-28 02:14:29,384 transform Successfully loaded and parsed: ActivaGFINAL - Clientes AG 2.csv
INFO 2025-04-28 02:14:29,384 transform   Shape: (46, 2)
INFO 2025-04-28 02:14:29,384 transform   Columns: ['cliente', 'industria']
WARNING 2025-04-28 02:14:29,546 transform Could not convert column facturado_2024 to numeric: The truth value of a Series is ambiguous. Use a.empty, a.bool(), a.item(), a.any() or a.all().
WARNING 2025-04-28 02:14:29,547 transform Could not convert column facturado_2024 to numeric: The truth value of a Series is ambiguous. Use a.empty, a.bool(), a.item(), a.any() or a.all().
WARNING 2025-04-28 02:14:29,547 transform Could not convert column facturado_2024 to numeric: The truth value of a Series is ambiguous. Use a.empty, a.bool(), a.item(), a.any() or a.all().
INFO 2025-04-28 02:14:29,555 transform Successfully loaded and parsed: ActivaGFINAL - Ingresos Anuales-Mensuales Proy 2.csv
INFO 2025-04-28 02:14:29,555 transform   Shape: (77, 12)
INFO 2025-04-28 02:14:29,555 transform   Columns: ['cliente', 'facturacion', 'presupuesto', 'facturado_2024', 'facturado_2024', 'facturado_2024', '1er_trimestre', '2do_cuatrimestre', '3er_cuatrimestre', '4to_cuatrimestre', 'facturacion_anual', 'facturacion_mensual']
WARNING 2025-04-28 02:14:29,646 transform Could not convert column facturado_2024 to numeric: The truth value of a Series is ambiguous. Use a.empty, a.bool(), a.item(), a.any() or a.all().
WARNING 2025-04-28 02:14:29,647 transform Could not convert column facturado_2024 to numeric: The truth value of a Series is ambiguous. Use a.empty, a.bool(), a.item(), a.any() or a.all().
WARNING 2025-04-28 02:14:29,647 transform Could not convert column facturado_2024 to numeric: The truth value of a Series is ambiguous. Use a.empty, a.bool(), a.item(), a.any() or a.all().
INFO 2025-04-28 02:14:29,655 transform Successfully loaded and parsed: ActivaGFINAL - Presupuesto 2,025.csv
INFO 2025-04-28 02:14:29,655 transform   Shape: (79, 12)
INFO 2025-04-28 02:14:29,655 transform   Columns: ['cliente', 'facturacion', 'presupuesto', 'facturado_2024', 'facturado_2024', 'facturado_2024', '1er_trimestre', '2do_cuatrimestre', '3er_cuatrimestre', '4to_cuatrimestre', 'facturacion_real', 'proyeccion']
INFO 2025-04-28 02:14:29,756 transform Successfully loaded and parsed: ActivaGFINAL - Profit & Loss.csv
INFO 2025-04-28 02:14:29,756 transform   Shape: (78, 15)
INFO 2025-04-28 02:14:29,756 transform   Columns: ['concepto', 'ENERO', 'FEBRERO', 'MARZO', 'ABRIL', 'MAYO', 'JUNIO', 'JULIO', 'AGOSTO', 'SEPTIEMBRE', 'OCTUBRE', 'NOVIEMBRE', 'DICIEMBRE', 'CONSOLIDADO', 'Unnamed: 14']
INFO 2025-04-28 02:14:29,757 transform Loaded 5 CSV files
INFO 2025-04-28 02:14:29,768 views Initializing S3 connector
INFO 2025-04-28 02:14:29,774 utils Initialized S3Connector for bucket: activa-datalake
INFO 2025-04-28 02:14:30,005 utils Found 6 objects with prefix: raw-data-activa/
INFO 2025-04-28 02:14:30,088 transform Successfully loaded and parsed: ActivaGFINAL - CLIENTES MARCAS.csv
INFO 2025-04-28 02:14:30,089 transform   Shape: (74, 4)
INFO 2025-04-28 02:14:30,089 transform   Columns: ['cliente_marca', 'tipo_cliente', 'cliente_desde', 'rubro_negocios']
INFO 2025-04-28 02:14:30,166 transform Successfully loaded and parsed: ActivaGFINAL - Clientes AG 2.csv
INFO 2025-04-28 02:14:30,167 transform   Shape: (46, 2)
INFO 2025-04-28 02:14:30,167 transform   Columns: ['cliente', 'industria']
WARNING 2025-04-28 02:14:30,254 transform Could not convert column facturado_2024 to numeric: The truth value of a Series is ambiguous. Use a.empty, a.bool(), a.item(), a.any() or a.all().
WARNING 2025-04-28 02:14:30,255 transform Could not convert column facturado_2024 to numeric: The truth value of a Series is ambiguous. Use a.empty, a.bool(), a.item(), a.any() or a.all().
WARNING 2025-04-28 02:14:30,256 transform Could not convert column facturado_2024 to numeric: The truth value of a Series is ambiguous. Use a.empty, a.bool(), a.item(), a.any() or a.all().
INFO 2025-04-28 02:14:30,263 transform Successfully loaded and parsed: ActivaGFINAL - Ingresos Anuales-Mensuales Proy 2.csv
INFO 2025-04-28 02:14:30,263 transform   Shape: (77, 12)
INFO 2025-04-28 02:14:30,263 transform   Columns: ['cliente', 'facturacion', 'presupuesto', 'facturado_2024', 'facturado_2024', 'facturado_2024', '1er_trimestre', '2do_cuatrimestre', '3er_cuatrimestre', '4to_cuatrimestre', 'facturacion_anual', 'facturacion_mensual']
WARNING 2025-04-28 02:14:30,347 transform Could not convert column facturado_2024 to numeric: The truth value of a Series is ambiguous. Use a.empty, a.bool(), a.item(), a.any() or a.all().
WARNING 2025-04-28 02:14:30,347 transform Could not convert column facturado_2024 to numeric: The truth value of a Series is ambiguous. Use a.empty, a.bool(), a.item(), a.any() or a.all().
WARNING 2025-04-28 02:14:30,348 transform Could not convert column facturado_2024 to numeric: The truth value of a Series is ambiguous. Use a.empty, a.bool(), a.item(), a.any() or a.all().
INFO 2025-04-28 02:14:30,355 transform Successfully loaded and parsed: ActivaGFINAL - Presupuesto 2,025.csv
INFO 2025-04-28 02:14:30,355 transform   Shape: (79, 12)
INFO 2025-04-28 02:14:30,355 transform   Columns: ['cliente', 'facturacion', 'presupuesto', 'facturado_2024', 'facturado_2024', 'facturado_2024', '1er_trimestre', '2do_cuatrimestre', '3er_cuatrimestre', '4to_cuatrimestre', 'facturacion_real', 'proyeccion']
INFO 2025-04-28 02:14:30,438 transform Successfully loaded and parsed: ActivaGFINAL - Profit & Loss.csv
INFO 2025-04-28 02:14:30,438 transform   Shape: (78, 15)
INFO 2025-04-28 02:14:30,439 transform   Columns: ['concepto', 'ENERO', 'FEBRERO', 'MARZO', 'ABRIL', 'MAYO', 'JUNIO', 'JULIO', 'AGOSTO', 'SEPTIEMBRE', 'OCTUBRE', 'NOVIEMBRE', 'DICIEMBRE', 'CONSOLIDADO', 'Unnamed: 14']
INFO 2025-04-28 02:14:30,439 transform Loaded 5 CSV files
INFO 2025-04-28 02:14:30,443 transform Added brand information to 4 clients
INFO 2025-04-28 02:14:30,445 transform Merged 11 columns from activagfinal_ingresos_anuales_mensuales_proy_2
INFO 2025-04-28 02:14:30,447 transform Merged 11 columns from activagfinal_presupuesto_2_025
INFO 2025-04-28 02:14:30,447 transform Saved financial summary data from activagfinal_profit_loss
INFO 2025-04-28 02:14:30,447 transform Created combined dataframe with 52 clients and 21 columns
ERROR 2025-04-28 02:14:30,449 views Error processing financial data: module 'pandas' has no attribute 'np'
INFO 2025-04-28 02:14:30,454 views Initializing S3 connector
INFO 2025-04-28 02:14:30,458 utils Initialized S3Connector for bucket: activa-datalake
INFO 2025-04-28 02:14:30,458 views Initializing custom data transformer
INFO 2025-04-28 02:14:30,458 views Loading and parsing CSV files from S3
INFO 2025-04-28 02:14:30,716 utils Found 6 objects with prefix: raw-data-activa/
INFO 2025-04-28 02:14:30,805 transform Successfully loaded and parsed: ActivaGFINAL - CLIENTES MARCAS.csv
INFO 2025-04-28 02:14:30,805 transform   Shape: (74, 4)
INFO 2025-04-28 02:14:30,805 transform   Columns: ['cliente_marca', 'tipo_cliente', 'cliente_desde', 'rubro_negocios']
INFO 2025-04-28 02:14:30,917 transform Successfully loaded and parsed: ActivaGFINAL - Clientes AG 2.csv
INFO 2025-04-28 02:14:30,917 transform   Shape: (46, 2)
INFO 2025-04-28 02:14:30,917 transform   Columns: ['cliente', 'industria']
WARNING 2025-04-28 02:14:31,008 transform Could not convert column facturado_2024 to numeric: The truth value of a Series is ambiguous. Use a.empty, a.bool(), a.item(), a.any() or a.all().
WARNING 2025-04-28 02:14:31,008 transform Could not convert column facturado_2024 to numeric: The truth value of a Series is ambiguous. Use a.empty, a.bool(), a.item(), a.any() or a.all().
WARNING 2025-04-28 02:14:31,009 transform Could not convert column facturado_2024 to numeric: The truth value of a Series is ambiguous. Use a.empty, a.bool(), a.item(), a.any() or a.all().
INFO 2025-04-28 02:14:31,016 transform Successfully loaded and parsed: ActivaGFINAL - Ingresos Anuales-Mensuales Proy 2.csv
INFO 2025-04-28 02:14:31,016 transform   Shape: (77, 12)
INFO 2025-04-28 02:14:31,016 transform   Columns: ['cliente', 'facturacion', 'presupuesto', 'facturado_2024', 'facturado_2024', 'facturado_2024', '1er_trimestre', '2do_cuatrimestre', '3er_cuatrimestre', '4to_cuatrimestre', 'facturacion_anual', 'facturacion_mensual']
WARNING 2025-04-28 02:14:31,103 transform Could not convert column facturado_2024 to numeric: The truth value of a Series is ambiguous. Use a.empty, a.bool(), a.item(), a.any() or a.all().
WARNING 2025-04-28 02:14:31,103 transform Could not convert column facturado_2024 to numeric: The truth value of a Series is ambiguous. Use a.empty, a.bool(), a.item(), a.any() or a.all().
WARNING 2025-04-28 02:14:31,104 transform Could not convert column facturado_2024 to numeric: The truth value of a Series is ambiguous. Use a.empty, a.bool(), a.item(), a.any() or a.all().
INFO 2025-04-28 02:14:31,111 transform Successfully loaded and parsed: ActivaGFINAL - Presupuesto 2,025.csv
INFO 2025-04-28 02:14:31,111 transform   Shape: (79, 12)
INFO 2025-04-28 02:14:31,111 transform   Columns: ['cliente', 'facturacion', 'presupuesto', 'facturado_2024', 'facturado_2024', 'facturado_2024', '1er_trimestre', '2do_cuatrimestre', '3er_cuatrimestre', '4to_cuatrimestre', 'facturacion_real', 'proyeccion']
INFO 2025-04-28 02:14:31,215 transform Successfully loaded and parsed: ActivaGFINAL - Profit & Loss.csv
INFO 2025-04-28 02:14:31,216 transform   Shape: (78, 15)
INFO 2025-04-28 02:14:31,216 transform   Columns: ['concepto', 'ENERO', 'FEBRERO', 'MARZO', 'ABRIL', 'MAYO', 'JUNIO', 'JULIO', 'AGOSTO', 'SEPTIEMBRE', 'OCTUBRE', 'NOVIEMBRE', 'DICIEMBRE', 'CONSOLIDADO', 'Unnamed: 14']
INFO 2025-04-28 02:14:31,216 transform Loaded 5 CSV files
INFO 2025-04-28 02:14:31,216 views Transforming and combining all data
INFO 2025-04-28 02:14:31,222 transform Added brand information to 4 clients
INFO 2025-04-28 02:14:31,225 transform Merged 11 columns from activagfinal_ingresos_anuales_mensuales_proy_2
INFO 2025-04-28 02:14:31,227 transform Merged 11 columns from activagfinal_presupuesto_2_025
INFO 2025-04-28 02:14:31,227 transform Saved financial summary data from activagfinal_profit_loss
INFO 2025-04-28 02:14:31,228 transform Created combined dataframe with 52 clients and 21 columns
ERROR 2025-04-28 02:14:31,229 views Error processing data: module 'pandas' has no attribute 'np'
INFO 2025-04-28 02:15:46,472 views Initializing S3 connector
INFO 2025-04-28 02:15:46,582 utils Initialized S3Connector for bucket: activa-datalake
INFO 2025-04-28 02:15:46,950 utils Found 6 objects with prefix: raw-data-activa/
INFO 2025-04-28 02:15:47,053 transform Successfully loaded and parsed: ActivaGFINAL - CLIENTES MARCAS.csv
INFO 2025-04-28 02:15:47,053 transform   Shape: (74, 4)
INFO 2025-04-28 02:15:47,053 transform   Columns: ['cliente_marca', 'tipo_cliente', 'cliente_desde', 'rubro_negocios']
INFO 2025-04-28 02:15:47,148 transform Successfully loaded and parsed: ActivaGFINAL - Clientes AG 2.csv
INFO 2025-04-28 02:15:47,148 transform   Shape: (46, 2)
INFO 2025-04-28 02:15:47,148 transform   Columns: ['cliente', 'industria']
WARNING 2025-04-28 02:15:47,241 transform Could not convert column facturado_2024 to numeric: The truth value of a Series is ambiguous. Use a.empty, a.bool(), a.item(), a.any() or a.all().
WARNING 2025-04-28 02:15:47,242 transform Could not convert column facturado_2024 to numeric: The truth value of a Series is ambiguous. Use a.empty, a.bool(), a.item(), a.any() or a.all().
WARNING 2025-04-28 02:15:47,242 transform Could not convert column facturado_2024 to numeric: The truth value of a Series is ambiguous. Use a.empty, a.bool(), a.item(), a.any() or a.all().
INFO 2025-04-28 02:15:47,247 transform Successfully loaded and parsed: ActivaGFINAL - Ingresos Anuales-Mensuales Proy 2.csv
INFO 2025-04-28 02:15:47,247 transform   Shape: (77, 12)
INFO 2025-04-28 02:15:47,247 transform   Columns: ['cliente', 'facturacion', 'presupuesto', 'facturado_2024', 'facturado_2024', 'facturado_2024', '1er_trimestre', '2do_cuatrimestre', '3er_cuatrimestre', '4to_cuatrimestre', 'facturacion_anual', 'facturacion_mensual']
WARNING 2025-04-28 02:15:47,328 transform Could not convert column facturado_2024 to numeric: The truth value of a Series is ambiguous. Use a.empty, a.bool(), a.item(), a.any() or a.all().
WARNING 2025-04-28 02:15:47,328 transform Could not convert column facturado_2024 to numeric: The truth value of a Series is ambiguous. Use a.empty, a.bool(), a.item(), a.any() or a.all().
WARNING 2025-04-28 02:15:47,329 transform Could not convert column facturado_2024 to numeric: The truth value of a Series is ambiguous. Use a.empty, a.bool(), a.item(), a.any() or a.all().
INFO 2025-04-28 02:15:47,336 transform Successfully loaded and parsed: ActivaGFINAL - Presupuesto 2,025.csv
INFO 2025-04-28 02:15:47,336 transform   Shape: (79, 12)
INFO 2025-04-28 02:15:47,337 transform   Columns: ['cliente', 'facturacion', 'presupuesto', 'facturado_2024', 'facturado_2024', 'facturado_2024', '1er_trimestre', '2do_cuatrimestre', '3er_cuatrimestre', '4to_cuatrimestre', 'facturacion_real', 'proyeccion']
INFO 2025-04-28 02:15:47,432 transform Successfully loaded and parsed: ActivaGFINAL - Profit & Loss.csv
INFO 2025-04-28 02:15:47,432 transform   Shape: (78, 15)
INFO 2025-04-28 02:15:47,432 transform   Columns: ['concepto', 'ENERO', 'FEBRERO', 'MARZO', 'ABRIL', 'MAYO', 'JUNIO', 'JULIO', 'AGOSTO', 'SEPTIEMBRE', 'OCTUBRE', 'NOVIEMBRE', 'DICIEMBRE', 'CONSOLIDADO', 'Unnamed: 14']
INFO 2025-04-28 02:15:47,433 transform Loaded 5 CSV files
INFO 2025-04-28 02:15:47,445 views Initializing S3 connector
INFO 2025-04-28 02:15:47,452 utils Initialized S3Connector for bucket: activa-datalake
INFO 2025-04-28 02:15:47,683 utils Found 6 objects with prefix: raw-data-activa/
INFO 2025-04-28 02:15:47,765 transform Successfully loaded and parsed: ActivaGFINAL - CLIENTES MARCAS.csv
INFO 2025-04-28 02:15:47,765 transform   Shape: (74, 4)
INFO 2025-04-28 02:15:47,765 transform   Columns: ['cliente_marca', 'tipo_cliente', 'cliente_desde', 'rubro_negocios']
INFO 2025-04-28 02:15:47,839 transform Successfully loaded and parsed: ActivaGFINAL - Clientes AG 2.csv
INFO 2025-04-28 02:15:47,839 transform   Shape: (46, 2)
INFO 2025-04-28 02:15:47,839 transform   Columns: ['cliente', 'industria']
WARNING 2025-04-28 02:15:47,920 transform Could not convert column facturado_2024 to numeric: The truth value of a Series is ambiguous. Use a.empty, a.bool(), a.item(), a.any() or a.all().
WARNING 2025-04-28 02:15:47,920 transform Could not convert column facturado_2024 to numeric: The truth value of a Series is ambiguous. Use a.empty, a.bool(), a.item(), a.any() or a.all().
WARNING 2025-04-28 02:15:47,920 transform Could not convert column facturado_2024 to numeric: The truth value of a Series is ambiguous. Use a.empty, a.bool(), a.item(), a.any() or a.all().
INFO 2025-04-28 02:15:47,925 transform Successfully loaded and parsed: ActivaGFINAL - Ingresos Anuales-Mensuales Proy 2.csv
INFO 2025-04-28 02:15:47,925 transform   Shape: (77, 12)
INFO 2025-04-28 02:15:47,925 transform   Columns: ['cliente', 'facturacion', 'presupuesto', 'facturado_2024', 'facturado_2024', 'facturado_2024', '1er_trimestre', '2do_cuatrimestre', '3er_cuatrimestre', '4to_cuatrimestre', 'facturacion_anual', 'facturacion_mensual']
WARNING 2025-04-28 02:15:48,004 transform Could not convert column facturado_2024 to numeric: The truth value of a Series is ambiguous. Use a.empty, a.bool(), a.item(), a.any() or a.all().
WARNING 2025-04-28 02:15:48,004 transform Could not convert column facturado_2024 to numeric: The truth value of a Series is ambiguous. Use a.empty, a.bool(), a.item(), a.any() or a.all().
WARNING 2025-04-28 02:15:48,005 transform Could not convert column facturado_2024 to numeric: The truth value of a Series is ambiguous. Use a.empty, a.bool(), a.item(), a.any() or a.all().
INFO 2025-04-28 02:15:48,010 transform Successfully loaded and parsed: ActivaGFINAL - Presupuesto 2,025.csv
INFO 2025-04-28 02:15:48,010 transform   Shape: (79, 12)
INFO 2025-04-28 02:15:48,010 transform   Columns: ['cliente', 'facturacion', 'presupuesto', 'facturado_2024', 'facturado_2024', 'facturado_2024', '1er_trimestre', '2do_cuatrimestre', '3er_cuatrimestre', '4to_cuatrimestre', 'facturacion_real', 'proyeccion']
INFO 2025-04-28 02:15:48,097 transform Successfully loaded and parsed: ActivaGFINAL - Profit & Loss.csv
INFO 2025-04-28 02:15:48,097 transform   Shape: (78, 15)
INFO 2025-04-28 02:15:48,097 transform   Columns: ['concepto', 'ENERO', 'FEBRERO', 'MARZO', 'ABRIL', 'MAYO', 'JUNIO', 'JULIO', 'AGOSTO', 'SEPTIEMBRE', 'OCTUBRE', 'NOVIEMBRE', 'DICIEMBRE', 'CONSOLIDADO', 'Unnamed: 14']
INFO 2025-04-28 02:15:48,097 transform Loaded 5 CSV files
INFO 2025-04-28 02:15:48,106 transform Added brand information to 4 clients
INFO 2025-04-28 02:15:48,109 transform Merged 11 columns from activagfinal_ingresos_anuales_mensuales_proy_2
INFO 2025-04-28 02:15:48,111 transform Merged 11 columns from activagfinal_presupuesto_2_025
INFO 2025-04-28 02:15:48,112 transform Saved financial summary data from activagfinal_profit_loss
INFO 2025-04-28 02:15:48,112 transform Created combined dataframe with 52 clients and 21 columns
ERROR 2025-04-28 02:15:48,114 views Error processing financial data: module 'pandas' has no attribute 'np'
INFO 2025-04-28 02:15:48,119 views Initializing S3 connector
INFO 2025-04-28 02:15:48,123 utils Initialized S3Connector for bucket: activa-datalake
INFO 2025-04-28 02:15:48,123 views Initializing custom data transformer
INFO 2025-04-28 02:15:48,123 views Loading and parsing CSV files from S3
INFO 2025-04-28 02:15:48,353 utils Found 6 objects with prefix: raw-data-activa/
INFO 2025-04-28 02:15:48,466 transform Successfully loaded and parsed: ActivaGFINAL - CLIENTES MARCAS.csv
INFO 2025-04-28 02:15:48,466 transform   Shape: (74, 4)
INFO 2025-04-28 02:15:48,466 transform   Columns: ['cliente_marca', 'tipo_cliente', 'cliente_desde', 'rubro_negocios']
INFO 2025-04-28 02:15:48,548 transform Successfully loaded and parsed: ActivaGFINAL - Clientes AG 2.csv
INFO 2025-04-28 02:15:48,548 transform   Shape: (46, 2)
INFO 2025-04-28 02:15:48,548 transform   Columns: ['cliente', 'industria']
WARNING 2025-04-28 02:15:48,658 transform Could not convert column facturado_2024 to numeric: The truth value of a Series is ambiguous. Use a.empty, a.bool(), a.item(), a.any() or a.all().
WARNING 2025-04-28 02:15:48,658 transform Could not convert column facturado_2024 to numeric: The truth value of a Series is ambiguous. Use a.empty, a.bool(), a.item(), a.any() or a.all().
WARNING 2025-04-28 02:15:48,659 transform Could not convert column facturado_2024 to numeric: The truth value of a Series is ambiguous. Use a.empty, a.bool(), a.item(), a.any() or a.all().
INFO 2025-04-28 02:15:48,668 transform Successfully loaded and parsed: ActivaGFINAL - Ingresos Anuales-Mensuales Proy 2.csv
INFO 2025-04-28 02:15:48,668 transform   Shape: (77, 12)
INFO 2025-04-28 02:15:48,668 transform   Columns: ['cliente', 'facturacion', 'presupuesto', 'facturado_2024', 'facturado_2024', 'facturado_2024', '1er_trimestre', '2do_cuatrimestre', '3er_cuatrimestre', '4to_cuatrimestre', 'facturacion_anual', 'facturacion_mensual']
WARNING 2025-04-28 02:15:48,755 transform Could not convert column facturado_2024 to numeric: The truth value of a Series is ambiguous. Use a.empty, a.bool(), a.item(), a.any() or a.all().
WARNING 2025-04-28 02:15:48,756 transform Could not convert column facturado_2024 to numeric: The truth value of a Series is ambiguous. Use a.empty, a.bool(), a.item(), a.any() or a.all().
WARNING 2025-04-28 02:15:48,756 transform Could not convert column facturado_2024 to numeric: The truth value of a Series is ambiguous. Use a.empty, a.bool(), a.item(), a.any() or a.all().
INFO 2025-04-28 02:15:48,763 transform Successfully loaded and parsed: ActivaGFINAL - Presupuesto 2,025.csv
INFO 2025-04-28 02:15:48,763 transform   Shape: (79, 12)
INFO 2025-04-28 02:15:48,763 transform   Columns: ['cliente', 'facturacion', 'presupuesto', 'facturado_2024', 'facturado_2024', 'facturado_2024', '1er_trimestre', '2do_cuatrimestre', '3er_cuatrimestre', '4to_cuatrimestre', 'facturacion_real', 'proyeccion']
INFO 2025-04-28 02:15:48,857 transform Successfully loaded and parsed: ActivaGFINAL - Profit & Loss.csv
INFO 2025-04-28 02:15:48,857 transform   Shape: (78, 15)
INFO 2025-04-28 02:15:48,857 transform   Columns: ['concepto', 'ENERO', 'FEBRERO', 'MARZO', 'ABRIL', 'MAYO', 'JUNIO', 'JULIO', 'AGOSTO', 'SEPTIEMBRE', 'OCTUBRE', 'NOVIEMBRE', 'DICIEMBRE', 'CONSOLIDADO', 'Unnamed: 14']
INFO 2025-04-28 02:15:48,857 transform Loaded 5 CSV files
INFO 2025-04-28 02:15:48,857 views Transforming and combining all data
INFO 2025-04-28 02:15:48,863 transform Added brand information to 4 clients
INFO 2025-04-28 02:15:48,936 transform Merged 11 columns from activagfinal_ingresos_anuales_mensuales_proy_2
INFO 2025-04-28 02:15:48,938 transform Merged 11 columns from activagfinal_presupuesto_2_025
INFO 2025-04-28 02:15:48,938 transform Saved financial summary data from activagfinal_profit_loss
INFO 2025-04-28 02:15:48,938 transform Created combined dataframe with 52 clients and 21 columns
ERROR 2025-04-28 02:15:48,939 views Error processing data: module 'pandas' has no attribute 'np'
INFO 2025-04-28 02:19:19,118 views Initializing S3 connector
INFO 2025-04-28 02:19:19,225 utils Initialized S3Connector for bucket: activa-datalake
INFO 2025-04-28 02:19:19,603 utils Found 6 objects with prefix: raw-data-activa/
INFO 2025-04-28 02:19:19,696 transform Successfully loaded and parsed: ActivaGFINAL - CLIENTES MARCAS.csv
INFO 2025-04-28 02:19:19,697 transform   Shape: (74, 4)
INFO 2025-04-28 02:19:19,697 transform   Columns: ['cliente_marca', 'tipo_cliente', 'cliente_desde', 'rubro_negocios']
INFO 2025-04-28 02:19:19,815 transform Successfully loaded and parsed: ActivaGFINAL - Clientes AG 2.csv
INFO 2025-04-28 02:19:19,816 transform   Shape: (46, 2)
INFO 2025-04-28 02:19:19,816 transform   Columns: ['cliente', 'industria']
WARNING 2025-04-28 02:19:19,916 transform Could not convert column facturado_2024 to numeric: The truth value of a Series is ambiguous. Use a.empty, a.bool(), a.item(), a.any() or a.all().
WARNING 2025-04-28 02:19:19,917 transform Could not convert column facturado_2024 to numeric: The truth value of a Series is ambiguous. Use a.empty, a.bool(), a.item(), a.any() or a.all().
WARNING 2025-04-28 02:19:19,917 transform Could not convert column facturado_2024 to numeric: The truth value of a Series is ambiguous. Use a.empty, a.bool(), a.item(), a.any() or a.all().
INFO 2025-04-28 02:19:19,924 transform Successfully loaded and parsed: ActivaGFINAL - Ingresos Anuales-Mensuales Proy 2.csv
INFO 2025-04-28 02:19:19,924 transform   Shape: (77, 12)
INFO 2025-04-28 02:19:19,924 transform   Columns: ['cliente', 'facturacion', 'presupuesto', 'facturado_2024', 'facturado_2024', 'facturado_2024', '1er_trimestre', '2do_cuatrimestre', '3er_cuatrimestre', '4to_cuatrimestre', 'facturacion_anual', 'facturacion_mensual']
WARNING 2025-04-28 02:19:20,020 transform Could not convert column facturado_2024 to numeric: The truth value of a Series is ambiguous. Use a.empty, a.bool(), a.item(), a.any() or a.all().
WARNING 2025-04-28 02:19:20,021 transform Could not convert column facturado_2024 to numeric: The truth value of a Series is ambiguous. Use a.empty, a.bool(), a.item(), a.any() or a.all().
WARNING 2025-04-28 02:19:20,021 transform Could not convert column facturado_2024 to numeric: The truth value of a Series is ambiguous. Use a.empty, a.bool(), a.item(), a.any() or a.all().
INFO 2025-04-28 02:19:20,028 transform Successfully loaded and parsed: ActivaGFINAL - Presupuesto 2,025.csv
INFO 2025-04-28 02:19:20,029 transform   Shape: (79, 12)
INFO 2025-04-28 02:19:20,029 transform   Columns: ['cliente', 'facturacion', 'presupuesto', 'facturado_2024', 'facturado_2024', 'facturado_2024', '1er_trimestre', '2do_cuatrimestre', '3er_cuatrimestre', '4to_cuatrimestre', 'facturacion_real', 'proyeccion']
INFO 2025-04-28 02:19:20,141 transform Successfully loaded and parsed: ActivaGFINAL - Profit & Loss.csv
INFO 2025-04-28 02:19:20,142 transform   Shape: (78, 15)
INFO 2025-04-28 02:19:20,142 transform   Columns: ['concepto', 'ENERO', 'FEBRERO', 'MARZO', 'ABRIL', 'MAYO', 'JUNIO', 'JULIO', 'AGOSTO', 'SEPTIEMBRE', 'OCTUBRE', 'NOVIEMBRE', 'DICIEMBRE', 'CONSOLIDADO', 'Unnamed: 14']
INFO 2025-04-28 02:19:20,142 transform Loaded 5 CSV files
INFO 2025-04-28 02:19:20,154 views Initializing S3 connector
INFO 2025-04-28 02:19:20,160 utils Initialized S3Connector for bucket: activa-datalake
INFO 2025-04-28 02:19:20,403 utils Found 6 objects with prefix: raw-data-activa/
INFO 2025-04-28 02:19:20,493 transform Successfully loaded and parsed: ActivaGFINAL - CLIENTES MARCAS.csv
INFO 2025-04-28 02:19:20,497 transform   Shape: (74, 4)
INFO 2025-04-28 02:19:20,498 transform   Columns: ['cliente_marca', 'tipo_cliente', 'cliente_desde', 'rubro_negocios']
INFO 2025-04-28 02:19:20,575 transform Successfully loaded and parsed: ActivaGFINAL - Clientes AG 2.csv
INFO 2025-04-28 02:19:20,575 transform   Shape: (46, 2)
INFO 2025-04-28 02:19:20,575 transform   Columns: ['cliente', 'industria']
WARNING 2025-04-28 02:19:20,661 transform Could not convert column facturado_2024 to numeric: The truth value of a Series is ambiguous. Use a.empty, a.bool(), a.item(), a.any() or a.all().
WARNING 2025-04-28 02:19:20,661 transform Could not convert column facturado_2024 to numeric: The truth value of a Series is ambiguous. Use a.empty, a.bool(), a.item(), a.any() or a.all().
WARNING 2025-04-28 02:19:20,662 transform Could not convert column facturado_2024 to numeric: The truth value of a Series is ambiguous. Use a.empty, a.bool(), a.item(), a.any() or a.all().
INFO 2025-04-28 02:19:20,666 transform Successfully loaded and parsed: ActivaGFINAL - Ingresos Anuales-Mensuales Proy 2.csv
INFO 2025-04-28 02:19:20,666 transform   Shape: (77, 12)
INFO 2025-04-28 02:19:20,666 transform   Columns: ['cliente', 'facturacion', 'presupuesto', 'facturado_2024', 'facturado_2024', 'facturado_2024', '1er_trimestre', '2do_cuatrimestre', '3er_cuatrimestre', '4to_cuatrimestre', 'facturacion_anual', 'facturacion_mensual']
WARNING 2025-04-28 02:19:20,750 transform Could not convert column facturado_2024 to numeric: The truth value of a Series is ambiguous. Use a.empty, a.bool(), a.item(), a.any() or a.all().
WARNING 2025-04-28 02:19:20,750 transform Could not convert column facturado_2024 to numeric: The truth value of a Series is ambiguous. Use a.empty, a.bool(), a.item(), a.any() or a.all().
WARNING 2025-04-28 02:19:20,751 transform Could not convert column facturado_2024 to numeric: The truth value of a Series is ambiguous. Use a.empty, a.bool(), a.item(), a.any() or a.all().
INFO 2025-04-28 02:19:20,755 transform Successfully loaded and parsed: ActivaGFINAL - Presupuesto 2,025.csv
INFO 2025-04-28 02:19:20,755 transform   Shape: (79, 12)
INFO 2025-04-28 02:19:20,755 transform   Columns: ['cliente', 'facturacion', 'presupuesto', 'facturado_2024', 'facturado_2024', 'facturado_2024', '1er_trimestre', '2do_cuatrimestre', '3er_cuatrimestre', '4to_cuatrimestre', 'facturacion_real', 'proyeccion']
INFO 2025-04-28 02:19:20,846 transform Successfully loaded and parsed: ActivaGFINAL - Profit & Loss.csv
INFO 2025-04-28 02:19:20,847 transform   Shape: (78, 15)
INFO 2025-04-28 02:19:20,847 transform   Columns: ['concepto', 'ENERO', 'FEBRERO', 'MARZO', 'ABRIL', 'MAYO', 'JUNIO', 'JULIO', 'AGOSTO', 'SEPTIEMBRE', 'OCTUBRE', 'NOVIEMBRE', 'DICIEMBRE', 'CONSOLIDADO', 'Unnamed: 14']
INFO 2025-04-28 02:19:20,847 transform Loaded 5 CSV files
INFO 2025-04-28 02:19:20,854 transform Added brand information to 4 clients
INFO 2025-04-28 02:19:20,858 transform Merged 11 columns from activagfinal_ingresos_anuales_mensuales_proy_2
INFO 2025-04-28 02:19:20,860 transform Merged 11 columns from activagfinal_presupuesto_2_025
INFO 2025-04-28 02:19:20,860 transform Saved financial summary data from activagfinal_profit_loss
INFO 2025-04-28 02:19:20,861 transform Created combined dataframe with 52 clients and 21 columns
ERROR 2025-04-28 02:19:20,861 views Error processing financial data: 'CustomDataTransformer' object has no attribute 'get_financial_summary'
INFO 2025-04-28 02:19:20,865 views Initializing S3 connector
INFO 2025-04-28 02:19:20,869 utils Initialized S3Connector for bucket: activa-datalake
INFO 2025-04-28 02:19:20,869 views Initializing custom data transformer
INFO 2025-04-28 02:19:20,870 views Loading and parsing CSV files from S3
INFO 2025-04-28 02:19:21,093 utils Found 6 objects with prefix: raw-data-activa/
INFO 2025-04-28 02:19:21,179 transform Successfully loaded and parsed: ActivaGFINAL - CLIENTES MARCAS.csv
INFO 2025-04-28 02:19:21,179 transform   Shape: (74, 4)
INFO 2025-04-28 02:19:21,179 transform   Columns: ['cliente_marca', 'tipo_cliente', 'cliente_desde', 'rubro_negocios']
INFO 2025-04-28 02:19:21,270 transform Successfully loaded and parsed: ActivaGFINAL - Clientes AG 2.csv
INFO 2025-04-28 02:19:21,270 transform   Shape: (46, 2)
INFO 2025-04-28 02:19:21,271 transform   Columns: ['cliente', 'industria']
WARNING 2025-04-28 02:19:21,358 transform Could not convert column facturado_2024 to numeric: The truth value of a Series is ambiguous. Use a.empty, a.bool(), a.item(), a.any() or a.all().
WARNING 2025-04-28 02:19:21,358 transform Could not convert column facturado_2024 to numeric: The truth value of a Series is ambiguous. Use a.empty, a.bool(), a.item(), a.any() or a.all().
WARNING 2025-04-28 02:19:21,359 transform Could not convert column facturado_2024 to numeric: The truth value of a Series is ambiguous. Use a.empty, a.bool(), a.item(), a.any() or a.all().
INFO 2025-04-28 02:19:21,363 transform Successfully loaded and parsed: ActivaGFINAL - Ingresos Anuales-Mensuales Proy 2.csv
INFO 2025-04-28 02:19:21,363 transform   Shape: (77, 12)
INFO 2025-04-28 02:19:21,363 transform   Columns: ['cliente', 'facturacion', 'presupuesto', 'facturado_2024', 'facturado_2024', 'facturado_2024', '1er_trimestre', '2do_cuatrimestre', '3er_cuatrimestre', '4to_cuatrimestre', 'facturacion_anual', 'facturacion_mensual']
WARNING 2025-04-28 02:19:21,445 transform Could not convert column facturado_2024 to numeric: The truth value of a Series is ambiguous. Use a.empty, a.bool(), a.item(), a.any() or a.all().
WARNING 2025-04-28 02:19:21,445 transform Could not convert column facturado_2024 to numeric: The truth value of a Series is ambiguous. Use a.empty, a.bool(), a.item(), a.any() or a.all().
WARNING 2025-04-28 02:19:21,445 transform Could not convert column facturado_2024 to numeric: The truth value of a Series is ambiguous. Use a.empty, a.bool(), a.item(), a.any() or a.all().
INFO 2025-04-28 02:19:21,450 transform Successfully loaded and parsed: ActivaGFINAL - Presupuesto 2,025.csv
INFO 2025-04-28 02:19:21,450 transform   Shape: (79, 12)
INFO 2025-04-28 02:19:21,450 transform   Columns: ['cliente', 'facturacion', 'presupuesto', 'facturado_2024', 'facturado_2024', 'facturado_2024', '1er_trimestre', '2do_cuatrimestre', '3er_cuatrimestre', '4to_cuatrimestre', 'facturacion_real', 'proyeccion']
INFO 2025-04-28 02:19:21,546 transform Successfully loaded and parsed: ActivaGFINAL - Profit & Loss.csv
INFO 2025-04-28 02:19:21,546 transform   Shape: (78, 15)
INFO 2025-04-28 02:19:21,546 transform   Columns: ['concepto', 'ENERO', 'FEBRERO', 'MARZO', 'ABRIL', 'MAYO', 'JUNIO', 'JULIO', 'AGOSTO', 'SEPTIEMBRE', 'OCTUBRE', 'NOVIEMBRE', 'DICIEMBRE', 'CONSOLIDADO', 'Unnamed: 14']
INFO 2025-04-28 02:19:21,546 transform Loaded 5 CSV files
INFO 2025-04-28 02:19:21,546 views Transforming and combining all data
INFO 2025-04-28 02:19:21,552 transform Added brand information to 4 clients
INFO 2025-04-28 02:19:21,555 transform Merged 11 columns from activagfinal_ingresos_anuales_mensuales_proy_2
INFO 2025-04-28 02:19:21,557 transform Merged 11 columns from activagfinal_presupuesto_2_025
INFO 2025-04-28 02:19:21,557 transform Saved financial summary data from activagfinal_profit_loss
INFO 2025-04-28 02:19:21,558 transform Created combined dataframe with 52 clients and 21 columns
ERROR 2025-04-28 02:19:21,558 views Error processing data: 'CustomDataTransformer' object has no attribute 'get_combined_data'
INFO 2025-04-28 02:24:18,366 views Initializing S3 connector
INFO 2025-04-28 02:24:18,468 utils Initialized S3Connector for bucket: activa-datalake
INFO 2025-04-28 02:24:18,781 utils Found 6 objects with prefix: raw-data-activa/
INFO 2025-04-28 02:24:18,879 transform Successfully loaded and parsed: ActivaGFINAL - CLIENTES MARCAS.csv
INFO 2025-04-28 02:24:18,879 transform   Shape: (74, 4)
INFO 2025-04-28 02:24:18,879 transform   Columns: ['cliente_marca', 'tipo_cliente', 'cliente_desde', 'rubro_negocios']
INFO 2025-04-28 02:24:18,971 transform Successfully loaded and parsed: ActivaGFINAL - Clientes AG 2.csv
INFO 2025-04-28 02:24:18,971 transform   Shape: (46, 2)
INFO 2025-04-28 02:24:18,971 transform   Columns: ['cliente', 'industria']
WARNING 2025-04-28 02:24:19,081 transform Could not convert column facturado_2024 to numeric: The truth value of a Series is ambiguous. Use a.empty, a.bool(), a.item(), a.any() or a.all().
WARNING 2025-04-28 02:24:19,082 transform Could not convert column facturado_2024 to numeric: The truth value of a Series is ambiguous. Use a.empty, a.bool(), a.item(), a.any() or a.all().
WARNING 2025-04-28 02:24:19,082 transform Could not convert column facturado_2024 to numeric: The truth value of a Series is ambiguous. Use a.empty, a.bool(), a.item(), a.any() or a.all().
INFO 2025-04-28 02:24:19,088 transform Successfully loaded and parsed: ActivaGFINAL - Ingresos Anuales-Mensuales Proy 2.csv
INFO 2025-04-28 02:24:19,088 transform   Shape: (77, 12)
INFO 2025-04-28 02:24:19,088 transform   Columns: ['cliente', 'facturacion', 'presupuesto', 'facturado_2024', 'facturado_2024', 'facturado_2024', '1er_trimestre', '2do_cuatrimestre', '3er_cuatrimestre', '4to_cuatrimestre', 'facturacion_anual', 'facturacion_mensual']
WARNING 2025-04-28 02:24:19,178 transform Could not convert column facturado_2024 to numeric: The truth value of a Series is ambiguous. Use a.empty, a.bool(), a.item(), a.any() or a.all().
WARNING 2025-04-28 02:24:19,178 transform Could not convert column facturado_2024 to numeric: The truth value of a Series is ambiguous. Use a.empty, a.bool(), a.item(), a.any() or a.all().
WARNING 2025-04-28 02:24:19,179 transform Could not convert column facturado_2024 to numeric: The truth value of a Series is ambiguous. Use a.empty, a.bool(), a.item(), a.any() or a.all().
INFO 2025-04-28 02:24:19,182 transform Successfully loaded and parsed: ActivaGFINAL - Presupuesto 2,025.csv
INFO 2025-04-28 02:24:19,182 transform   Shape: (79, 12)
INFO 2025-04-28 02:24:19,182 transform   Columns: ['cliente', 'facturacion', 'presupuesto', 'facturado_2024', 'facturado_2024', 'facturado_2024', '1er_trimestre', '2do_cuatrimestre', '3er_cuatrimestre', '4to_cuatrimestre', 'facturacion_real', 'proyeccion']
INFO 2025-04-28 02:24:19,271 transform Successfully loaded and parsed: ActivaGFINAL - Profit & Loss.csv
INFO 2025-04-28 02:24:19,271 transform   Shape: (78, 15)
INFO 2025-04-28 02:24:19,271 transform   Columns: ['concepto', 'ENERO', 'FEBRERO', 'MARZO', 'ABRIL', 'MAYO', 'JUNIO', 'JULIO', 'AGOSTO', 'SEPTIEMBRE', 'OCTUBRE', 'NOVIEMBRE', 'DICIEMBRE', 'CONSOLIDADO', 'Unnamed: 14']
INFO 2025-04-28 02:24:19,271 transform Loaded 5 CSV files
INFO 2025-04-28 02:24:19,280 views Initializing S3 connector
INFO 2025-04-28 02:24:19,284 utils Initialized S3Connector for bucket: activa-datalake
INFO 2025-04-28 02:24:19,512 utils Found 6 objects with prefix: raw-data-activa/
INFO 2025-04-28 02:24:19,594 transform Successfully loaded and parsed: ActivaGFINAL - CLIENTES MARCAS.csv
INFO 2025-04-28 02:24:19,595 transform   Shape: (74, 4)
INFO 2025-04-28 02:24:19,595 transform   Columns: ['cliente_marca', 'tipo_cliente', 'cliente_desde', 'rubro_negocios']
INFO 2025-04-28 02:24:19,677 transform Successfully loaded and parsed: ActivaGFINAL - Clientes AG 2.csv
INFO 2025-04-28 02:24:19,677 transform   Shape: (46, 2)
INFO 2025-04-28 02:24:19,677 transform   Columns: ['cliente', 'industria']
WARNING 2025-04-28 02:24:19,761 transform Could not convert column facturado_2024 to numeric: The truth value of a Series is ambiguous. Use a.empty, a.bool(), a.item(), a.any() or a.all().
WARNING 2025-04-28 02:24:19,762 transform Could not convert column facturado_2024 to numeric: The truth value of a Series is ambiguous. Use a.empty, a.bool(), a.item(), a.any() or a.all().
WARNING 2025-04-28 02:24:19,762 transform Could not convert column facturado_2024 to numeric: The truth value of a Series is ambiguous. Use a.empty, a.bool(), a.item(), a.any() or a.all().
INFO 2025-04-28 02:24:19,768 transform Successfully loaded and parsed: ActivaGFINAL - Ingresos Anuales-Mensuales Proy 2.csv
INFO 2025-04-28 02:24:19,768 transform   Shape: (77, 12)
INFO 2025-04-28 02:24:19,768 transform   Columns: ['cliente', 'facturacion', 'presupuesto', 'facturado_2024', 'facturado_2024', 'facturado_2024', '1er_trimestre', '2do_cuatrimestre', '3er_cuatrimestre', '4to_cuatrimestre', 'facturacion_anual', 'facturacion_mensual']
WARNING 2025-04-28 02:24:19,853 transform Could not convert column facturado_2024 to numeric: The truth value of a Series is ambiguous. Use a.empty, a.bool(), a.item(), a.any() or a.all().
WARNING 2025-04-28 02:24:19,853 transform Could not convert column facturado_2024 to numeric: The truth value of a Series is ambiguous. Use a.empty, a.bool(), a.item(), a.any() or a.all().
WARNING 2025-04-28 02:24:19,854 transform Could not convert column facturado_2024 to numeric: The truth value of a Series is ambiguous. Use a.empty, a.bool(), a.item(), a.any() or a.all().
INFO 2025-04-28 02:24:19,860 transform Successfully loaded and parsed: ActivaGFINAL - Presupuesto 2,025.csv
INFO 2025-04-28 02:24:19,860 transform   Shape: (79, 12)
INFO 2025-04-28 02:24:19,860 transform   Columns: ['cliente', 'facturacion', 'presupuesto', 'facturado_2024', 'facturado_2024', 'facturado_2024', '1er_trimestre', '2do_cuatrimestre', '3er_cuatrimestre', '4to_cuatrimestre', 'facturacion_real', 'proyeccion']
INFO 2025-04-28 02:24:19,959 transform Successfully loaded and parsed: ActivaGFINAL - Profit & Loss.csv
INFO 2025-04-28 02:24:19,959 transform   Shape: (78, 15)
INFO 2025-04-28 02:24:19,959 transform   Columns: ['concepto', 'ENERO', 'FEBRERO', 'MARZO', 'ABRIL', 'MAYO', 'JUNIO', 'JULIO', 'AGOSTO', 'SEPTIEMBRE', 'OCTUBRE', 'NOVIEMBRE', 'DICIEMBRE', 'CONSOLIDADO', 'Unnamed: 14']
INFO 2025-04-28 02:24:19,959 transform Loaded 5 CSV files
INFO 2025-04-28 02:24:19,968 transform Added brand information to 4 clients
INFO 2025-04-28 02:24:19,972 transform Merged 11 columns from activagfinal_ingresos_anuales_mensuales_proy_2
INFO 2025-04-28 02:24:19,974 transform Merged 11 columns from activagfinal_presupuesto_2_025
INFO 2025-04-28 02:24:19,974 transform Saved financial summary data from activagfinal_profit_loss
INFO 2025-04-28 02:24:19,975 transform Created combined dataframe with 52 clients and 21 columns
INFO 2025-04-28 02:24:19,985 views Initializing S3 connector
INFO 2025-04-28 02:24:19,989 utils Initialized S3Connector for bucket: activa-datalake
INFO 2025-04-28 02:24:19,989 views Initializing custom data transformer
INFO 2025-04-28 02:24:19,989 views Loading and parsing CSV files from S3
INFO 2025-04-28 02:24:20,223 utils Found 6 objects with prefix: raw-data-activa/
INFO 2025-04-28 02:24:20,308 transform Successfully loaded and parsed: ActivaGFINAL - CLIENTES MARCAS.csv
INFO 2025-04-28 02:24:20,308 transform   Shape: (74, 4)
INFO 2025-04-28 02:24:20,308 transform   Columns: ['cliente_marca', 'tipo_cliente', 'cliente_desde', 'rubro_negocios']
INFO 2025-04-28 02:24:20,394 transform Successfully loaded and parsed: ActivaGFINAL - Clientes AG 2.csv
INFO 2025-04-28 02:24:20,395 transform   Shape: (46, 2)
INFO 2025-04-28 02:24:20,395 transform   Columns: ['cliente', 'industria']
WARNING 2025-04-28 02:24:20,479 transform Could not convert column facturado_2024 to numeric: The truth value of a Series is ambiguous. Use a.empty, a.bool(), a.item(), a.any() or a.all().
WARNING 2025-04-28 02:24:20,480 transform Could not convert column facturado_2024 to numeric: The truth value of a Series is ambiguous. Use a.empty, a.bool(), a.item(), a.any() or a.all().
WARNING 2025-04-28 02:24:20,480 transform Could not convert column facturado_2024 to numeric: The truth value of a Series is ambiguous. Use a.empty, a.bool(), a.item(), a.any() or a.all().
INFO 2025-04-28 02:24:20,484 transform Successfully loaded and parsed: ActivaGFINAL - Ingresos Anuales-Mensuales Proy 2.csv
INFO 2025-04-28 02:24:20,484 transform   Shape: (77, 12)
INFO 2025-04-28 02:24:20,484 transform   Columns: ['cliente', 'facturacion', 'presupuesto', 'facturado_2024', 'facturado_2024', 'facturado_2024', '1er_trimestre', '2do_cuatrimestre', '3er_cuatrimestre', '4to_cuatrimestre', 'facturacion_anual', 'facturacion_mensual']
WARNING 2025-04-28 02:24:20,576 transform Could not convert column facturado_2024 to numeric: The truth value of a Series is ambiguous. Use a.empty, a.bool(), a.item(), a.any() or a.all().
WARNING 2025-04-28 02:24:20,576 transform Could not convert column facturado_2024 to numeric: The truth value of a Series is ambiguous. Use a.empty, a.bool(), a.item(), a.any() or a.all().
WARNING 2025-04-28 02:24:20,576 transform Could not convert column facturado_2024 to numeric: The truth value of a Series is ambiguous. Use a.empty, a.bool(), a.item(), a.any() or a.all().
INFO 2025-04-28 02:24:20,583 transform Successfully loaded and parsed: ActivaGFINAL - Presupuesto 2,025.csv
INFO 2025-04-28 02:24:20,583 transform   Shape: (79, 12)
INFO 2025-04-28 02:24:20,583 transform   Columns: ['cliente', 'facturacion', 'presupuesto', 'facturado_2024', 'facturado_2024', 'facturado_2024', '1er_trimestre', '2do_cuatrimestre', '3er_cuatrimestre', '4to_cuatrimestre', 'facturacion_real', 'proyeccion']
INFO 2025-04-28 02:24:20,690 transform Successfully loaded and parsed: ActivaGFINAL - Profit & Loss.csv
INFO 2025-04-28 02:24:20,690 transform   Shape: (78, 15)
INFO 2025-04-28 02:24:20,690 transform   Columns: ['concepto', 'ENERO', 'FEBRERO', 'MARZO', 'ABRIL', 'MAYO', 'JUNIO', 'JULIO', 'AGOSTO', 'SEPTIEMBRE', 'OCTUBRE', 'NOVIEMBRE', 'DICIEMBRE', 'CONSOLIDADO', 'Unnamed: 14']
INFO 2025-04-28 02:24:20,690 transform Loaded 5 CSV files
INFO 2025-04-28 02:24:20,690 views Transforming and combining all data
INFO 2025-04-28 02:24:20,696 transform Added brand information to 4 clients
INFO 2025-04-28 02:24:20,698 transform Merged 11 columns from activagfinal_ingresos_anuales_mensuales_proy_2
INFO 2025-04-28 02:24:20,701 transform Merged 11 columns from activagfinal_presupuesto_2_025
INFO 2025-04-28 02:24:20,701 transform Saved financial summary data from activagfinal_profit_loss
INFO 2025-04-28 02:24:20,701 transform Created combined dataframe with 52 clients and 21 columns
ERROR 2025-04-28 02:24:20,703 views Error processing data: 'str' object has no attribute 'items'
INFO 2025-04-28 02:27:21,813 views Initializing S3 connector
INFO 2025-04-28 02:27:21,919 utils Initialized S3Connector for bucket: activa-datalake
INFO 2025-04-28 02:27:22,242 utils Found 6 objects with prefix: raw-data-activa/
INFO 2025-04-28 02:27:22,328 transform Successfully loaded and parsed: ActivaGFINAL - CLIENTES MARCAS.csv
INFO 2025-04-28 02:27:22,328 transform   Shape: (74, 4)
INFO 2025-04-28 02:27:22,328 transform   Columns: ['cliente_marca', 'tipo_cliente', 'cliente_desde', 'rubro_negocios']
INFO 2025-04-28 02:27:22,404 transform Successfully loaded and parsed: ActivaGFINAL - Clientes AG 2.csv
INFO 2025-04-28 02:27:22,404 transform   Shape: (46, 2)
INFO 2025-04-28 02:27:22,405 transform   Columns: ['cliente', 'industria']
WARNING 2025-04-28 02:27:22,495 transform Could not convert column facturado_2024 to numeric: The truth value of a Series is ambiguous. Use a.empty, a.bool(), a.item(), a.any() or a.all().
WARNING 2025-04-28 02:27:22,496 transform Could not convert column facturado_2024 to numeric: The truth value of a Series is ambiguous. Use a.empty, a.bool(), a.item(), a.any() or a.all().
WARNING 2025-04-28 02:27:22,496 transform Could not convert column facturado_2024 to numeric: The truth value of a Series is ambiguous. Use a.empty, a.bool(), a.item(), a.any() or a.all().
INFO 2025-04-28 02:27:22,502 transform Successfully loaded and parsed: ActivaGFINAL - Ingresos Anuales-Mensuales Proy 2.csv
INFO 2025-04-28 02:27:22,503 transform   Shape: (77, 12)
INFO 2025-04-28 02:27:22,503 transform   Columns: ['cliente', 'facturacion', 'presupuesto', 'facturado_2024', 'facturado_2024', 'facturado_2024', '1er_trimestre', '2do_cuatrimestre', '3er_cuatrimestre', '4to_cuatrimestre', 'facturacion_anual', 'facturacion_mensual']
WARNING 2025-04-28 02:27:22,609 transform Could not convert column facturado_2024 to numeric: The truth value of a Series is ambiguous. Use a.empty, a.bool(), a.item(), a.any() or a.all().
WARNING 2025-04-28 02:27:22,609 transform Could not convert column facturado_2024 to numeric: The truth value of a Series is ambiguous. Use a.empty, a.bool(), a.item(), a.any() or a.all().
WARNING 2025-04-28 02:27:22,610 transform Could not convert column facturado_2024 to numeric: The truth value of a Series is ambiguous. Use a.empty, a.bool(), a.item(), a.any() or a.all().
INFO 2025-04-28 02:27:22,617 transform Successfully loaded and parsed: ActivaGFINAL - Presupuesto 2,025.csv
INFO 2025-04-28 02:27:22,617 transform   Shape: (79, 12)
INFO 2025-04-28 02:27:22,618 transform   Columns: ['cliente', 'facturacion', 'presupuesto', 'facturado_2024', 'facturado_2024', 'facturado_2024', '1er_trimestre', '2do_cuatrimestre', '3er_cuatrimestre', '4to_cuatrimestre', 'facturacion_real', 'proyeccion']
INFO 2025-04-28 02:27:22,712 transform Successfully loaded and parsed: ActivaGFINAL - Profit & Loss.csv
INFO 2025-04-28 02:27:22,713 transform   Shape: (78, 15)
INFO 2025-04-28 02:27:22,713 transform   Columns: ['concepto', 'ENERO', 'FEBRERO', 'MARZO', 'ABRIL', 'MAYO', 'JUNIO', 'JULIO', 'AGOSTO', 'SEPTIEMBRE', 'OCTUBRE', 'NOVIEMBRE', 'DICIEMBRE', 'CONSOLIDADO', 'Unnamed: 14']
INFO 2025-04-28 02:27:22,713 transform Loaded 5 CSV files
INFO 2025-04-28 02:27:22,725 views Initializing S3 connector
INFO 2025-04-28 02:27:22,731 utils Initialized S3Connector for bucket: activa-datalake
INFO 2025-04-28 02:27:22,951 utils Found 6 objects with prefix: raw-data-activa/
INFO 2025-04-28 02:27:23,032 transform Successfully loaded and parsed: ActivaGFINAL - CLIENTES MARCAS.csv
INFO 2025-04-28 02:27:23,037 transform   Shape: (74, 4)
INFO 2025-04-28 02:27:23,037 transform   Columns: ['cliente_marca', 'tipo_cliente', 'cliente_desde', 'rubro_negocios']
INFO 2025-04-28 02:27:23,127 transform Successfully loaded and parsed: ActivaGFINAL - Clientes AG 2.csv
INFO 2025-04-28 02:27:23,127 transform   Shape: (46, 2)
INFO 2025-04-28 02:27:23,127 transform   Columns: ['cliente', 'industria']
WARNING 2025-04-28 02:27:23,203 transform Could not convert column facturado_2024 to numeric: The truth value of a Series is ambiguous. Use a.empty, a.bool(), a.item(), a.any() or a.all().
WARNING 2025-04-28 02:27:23,203 transform Could not convert column facturado_2024 to numeric: The truth value of a Series is ambiguous. Use a.empty, a.bool(), a.item(), a.any() or a.all().
WARNING 2025-04-28 02:27:23,204 transform Could not convert column facturado_2024 to numeric: The truth value of a Series is ambiguous. Use a.empty, a.bool(), a.item(), a.any() or a.all().
INFO 2025-04-28 02:27:23,209 transform Successfully loaded and parsed: ActivaGFINAL - Ingresos Anuales-Mensuales Proy 2.csv
INFO 2025-04-28 02:27:23,209 transform   Shape: (77, 12)
INFO 2025-04-28 02:27:23,209 transform   Columns: ['cliente', 'facturacion', 'presupuesto', 'facturado_2024', 'facturado_2024', 'facturado_2024', '1er_trimestre', '2do_cuatrimestre', '3er_cuatrimestre', '4to_cuatrimestre', 'facturacion_anual', 'facturacion_mensual']
WARNING 2025-04-28 02:27:23,283 transform Could not convert column facturado_2024 to numeric: The truth value of a Series is ambiguous. Use a.empty, a.bool(), a.item(), a.any() or a.all().
WARNING 2025-04-28 02:27:23,284 transform Could not convert column facturado_2024 to numeric: The truth value of a Series is ambiguous. Use a.empty, a.bool(), a.item(), a.any() or a.all().
WARNING 2025-04-28 02:27:23,284 transform Could not convert column facturado_2024 to numeric: The truth value of a Series is ambiguous. Use a.empty, a.bool(), a.item(), a.any() or a.all().
INFO 2025-04-28 02:27:23,289 transform Successfully loaded and parsed: ActivaGFINAL - Presupuesto 2,025.csv
INFO 2025-04-28 02:27:23,289 transform   Shape: (79, 12)
INFO 2025-04-28 02:27:23,289 transform   Columns: ['cliente', 'facturacion', 'presupuesto', 'facturado_2024', 'facturado_2024', 'facturado_2024', '1er_trimestre', '2do_cuatrimestre', '3er_cuatrimestre', '4to_cuatrimestre', 'facturacion_real', 'proyeccion']
INFO 2025-04-28 02:27:23,378 transform Successfully loaded and parsed: ActivaGFINAL - Profit & Loss.csv
INFO 2025-04-28 02:27:23,378 transform   Shape: (78, 15)
INFO 2025-04-28 02:27:23,378 transform   Columns: ['concepto', 'ENERO', 'FEBRERO', 'MARZO', 'ABRIL', 'MAYO', 'JUNIO', 'JULIO', 'AGOSTO', 'SEPTIEMBRE', 'OCTUBRE', 'NOVIEMBRE', 'DICIEMBRE', 'CONSOLIDADO', 'Unnamed: 14']
INFO 2025-04-28 02:27:23,378 transform Loaded 5 CSV files
INFO 2025-04-28 02:27:23,386 transform Added brand information to 4 clients
INFO 2025-04-28 02:27:23,390 transform Merged 11 columns from activagfinal_ingresos_anuales_mensuales_proy_2
INFO 2025-04-28 02:27:23,393 transform Merged 11 columns from activagfinal_presupuesto_2_025
INFO 2025-04-28 02:27:23,393 transform Saved financial summary data from activagfinal_profit_loss
INFO 2025-04-28 02:27:23,393 transform Created combined dataframe with 52 clients and 21 columns
INFO 2025-04-28 02:27:23,405 views Initializing S3 connector
INFO 2025-04-28 02:27:23,409 utils Initialized S3Connector for bucket: activa-datalake
INFO 2025-04-28 02:27:23,409 views Initializing custom data transformer
INFO 2025-04-28 02:27:23,409 views Loading and parsing CSV files from S3
INFO 2025-04-28 02:27:23,807 utils Found 6 objects with prefix: raw-data-activa/
INFO 2025-04-28 02:27:23,903 transform Successfully loaded and parsed: ActivaGFINAL - CLIENTES MARCAS.csv
INFO 2025-04-28 02:27:23,903 transform   Shape: (74, 4)
INFO 2025-04-28 02:27:23,904 transform   Columns: ['cliente_marca', 'tipo_cliente', 'cliente_desde', 'rubro_negocios']
INFO 2025-04-28 02:27:24,008 transform Successfully loaded and parsed: ActivaGFINAL - Clientes AG 2.csv
INFO 2025-04-28 02:27:24,008 transform   Shape: (46, 2)
INFO 2025-04-28 02:27:24,008 transform   Columns: ['cliente', 'industria']
WARNING 2025-04-28 02:27:24,090 transform Could not convert column facturado_2024 to numeric: The truth value of a Series is ambiguous. Use a.empty, a.bool(), a.item(), a.any() or a.all().
WARNING 2025-04-28 02:27:24,091 transform Could not convert column facturado_2024 to numeric: The truth value of a Series is ambiguous. Use a.empty, a.bool(), a.item(), a.any() or a.all().
WARNING 2025-04-28 02:27:24,091 transform Could not convert column facturado_2024 to numeric: The truth value of a Series is ambiguous. Use a.empty, a.bool(), a.item(), a.any() or a.all().
INFO 2025-04-28 02:27:24,098 transform Successfully loaded and parsed: ActivaGFINAL - Ingresos Anuales-Mensuales Proy 2.csv
INFO 2025-04-28 02:27:24,099 transform   Shape: (77, 12)
INFO 2025-04-28 02:27:24,099 transform   Columns: ['cliente', 'facturacion', 'presupuesto', 'facturado_2024', 'facturado_2024', 'facturado_2024', '1er_trimestre', '2do_cuatrimestre', '3er_cuatrimestre', '4to_cuatrimestre', 'facturacion_anual', 'facturacion_mensual']
WARNING 2025-04-28 02:27:24,176 transform Could not convert column facturado_2024 to numeric: The truth value of a Series is ambiguous. Use a.empty, a.bool(), a.item(), a.any() or a.all().
WARNING 2025-04-28 02:27:24,176 transform Could not convert column facturado_2024 to numeric: The truth value of a Series is ambiguous. Use a.empty, a.bool(), a.item(), a.any() or a.all().
WARNING 2025-04-28 02:27:24,176 transform Could not convert column facturado_2024 to numeric: The truth value of a Series is ambiguous. Use a.empty, a.bool(), a.item(), a.any() or a.all().
INFO 2025-04-28 02:27:24,181 transform Successfully loaded and parsed: ActivaGFINAL - Presupuesto 2,025.csv
INFO 2025-04-28 02:27:24,181 transform   Shape: (79, 12)
INFO 2025-04-28 02:27:24,181 transform   Columns: ['cliente', 'facturacion', 'presupuesto', 'facturado_2024', 'facturado_2024', 'facturado_2024', '1er_trimestre', '2do_cuatrimestre', '3er_cuatrimestre', '4to_cuatrimestre', 'facturacion_real', 'proyeccion']
INFO 2025-04-28 02:27:24,276 transform Successfully loaded and parsed: ActivaGFINAL - Profit & Loss.csv
INFO 2025-04-28 02:27:24,276 transform   Shape: (78, 15)
INFO 2025-04-28 02:27:24,276 transform   Columns: ['concepto', 'ENERO', 'FEBRERO', 'MARZO', 'ABRIL', 'MAYO', 'JUNIO', 'JULIO', 'AGOSTO', 'SEPTIEMBRE', 'OCTUBRE', 'NOVIEMBRE', 'DICIEMBRE', 'CONSOLIDADO', 'Unnamed: 14']
INFO 2025-04-28 02:27:24,276 transform Loaded 5 CSV files
INFO 2025-04-28 02:27:24,276 views Transforming and combining all data
INFO 2025-04-28 02:27:24,281 transform Added brand information to 4 clients
INFO 2025-04-28 02:27:24,334 transform Merged 11 columns from activagfinal_ingresos_anuales_mensuales_proy_2
INFO 2025-04-28 02:27:24,336 transform Merged 11 columns from activagfinal_presupuesto_2_025
INFO 2025-04-28 02:27:24,336 transform Saved financial summary data from activagfinal_profit_loss
INFO 2025-04-28 02:27:24,336 transform Created combined dataframe with 52 clients and 21 columns
INFO 2025-04-28 02:27:24,336 views Getting combined data as dictionary
ERROR 2025-04-28 02:27:24,337 views Error processing data: name 'pd' is not defined
INFO 2025-04-28 02:29:35,665 views Initializing S3 connector
INFO 2025-04-28 02:29:35,762 utils Initialized S3Connector for bucket: activa-datalake
INFO 2025-04-28 02:29:36,081 utils Found 6 objects with prefix: raw-data-activa/
INFO 2025-04-28 02:29:36,168 transform Successfully loaded and parsed: ActivaGFINAL - CLIENTES MARCAS.csv
INFO 2025-04-28 02:29:36,168 transform   Shape: (74, 4)
INFO 2025-04-28 02:29:36,169 transform   Columns: ['cliente_marca', 'tipo_cliente', 'cliente_desde', 'rubro_negocios']
INFO 2025-04-28 02:29:36,241 transform Successfully loaded and parsed: ActivaGFINAL - Clientes AG 2.csv
INFO 2025-04-28 02:29:36,241 transform   Shape: (46, 2)
INFO 2025-04-28 02:29:36,241 transform   Columns: ['cliente', 'industria']
WARNING 2025-04-28 02:29:36,319 transform Could not convert column facturado_2024 to numeric: The truth value of a Series is ambiguous. Use a.empty, a.bool(), a.item(), a.any() or a.all().
WARNING 2025-04-28 02:29:36,319 transform Could not convert column facturado_2024 to numeric: The truth value of a Series is ambiguous. Use a.empty, a.bool(), a.item(), a.any() or a.all().
WARNING 2025-04-28 02:29:36,320 transform Could not convert column facturado_2024 to numeric: The truth value of a Series is ambiguous. Use a.empty, a.bool(), a.item(), a.any() or a.all().
INFO 2025-04-28 02:29:36,324 transform Successfully loaded and parsed: ActivaGFINAL - Ingresos Anuales-Mensuales Proy 2.csv
INFO 2025-04-28 02:29:36,324 transform   Shape: (77, 12)
INFO 2025-04-28 02:29:36,324 transform   Columns: ['cliente', 'facturacion', 'presupuesto', 'facturado_2024', 'facturado_2024', 'facturado_2024', '1er_trimestre', '2do_cuatrimestre', '3er_cuatrimestre', '4to_cuatrimestre', 'facturacion_anual', 'facturacion_mensual']
WARNING 2025-04-28 02:29:36,405 transform Could not convert column facturado_2024 to numeric: The truth value of a Series is ambiguous. Use a.empty, a.bool(), a.item(), a.any() or a.all().
WARNING 2025-04-28 02:29:36,405 transform Could not convert column facturado_2024 to numeric: The truth value of a Series is ambiguous. Use a.empty, a.bool(), a.item(), a.any() or a.all().
WARNING 2025-04-28 02:29:36,406 transform Could not convert column facturado_2024 to numeric: The truth value of a Series is ambiguous. Use a.empty, a.bool(), a.item(), a.any() or a.all().
INFO 2025-04-28 02:29:36,411 transform Successfully loaded and parsed: ActivaGFINAL - Presupuesto 2,025.csv
INFO 2025-04-28 02:29:36,411 transform   Shape: (79, 12)
INFO 2025-04-28 02:29:36,411 transform   Columns: ['cliente', 'facturacion', 'presupuesto', 'facturado_2024', 'facturado_2024', 'facturado_2024', '1er_trimestre', '2do_cuatrimestre', '3er_cuatrimestre', '4to_cuatrimestre', 'facturacion_real', 'proyeccion']
INFO 2025-04-28 02:29:36,504 transform Successfully loaded and parsed: ActivaGFINAL - Profit & Loss.csv
INFO 2025-04-28 02:29:36,505 transform   Shape: (78, 15)
INFO 2025-04-28 02:29:36,505 transform   Columns: ['concepto', 'ENERO', 'FEBRERO', 'MARZO', 'ABRIL', 'MAYO', 'JUNIO', 'JULIO', 'AGOSTO', 'SEPTIEMBRE', 'OCTUBRE', 'NOVIEMBRE', 'DICIEMBRE', 'CONSOLIDADO', 'Unnamed: 14']
INFO 2025-04-28 02:29:36,505 transform Loaded 5 CSV files
INFO 2025-04-28 02:29:36,516 views Initializing S3 connector
INFO 2025-04-28 02:29:36,522 utils Initialized S3Connector for bucket: activa-datalake
INFO 2025-04-28 02:29:36,783 utils Found 6 objects with prefix: raw-data-activa/
INFO 2025-04-28 02:29:36,873 transform Successfully loaded and parsed: ActivaGFINAL - CLIENTES MARCAS.csv
INFO 2025-04-28 02:29:36,873 transform   Shape: (74, 4)
INFO 2025-04-28 02:29:36,873 transform   Columns: ['cliente_marca', 'tipo_cliente', 'cliente_desde', 'rubro_negocios']
INFO 2025-04-28 02:29:36,962 transform Successfully loaded and parsed: ActivaGFINAL - Clientes AG 2.csv
INFO 2025-04-28 02:29:36,962 transform   Shape: (46, 2)
INFO 2025-04-28 02:29:36,962 transform   Columns: ['cliente', 'industria']
WARNING 2025-04-28 02:29:37,054 transform Could not convert column facturado_2024 to numeric: The truth value of a Series is ambiguous. Use a.empty, a.bool(), a.item(), a.any() or a.all().
WARNING 2025-04-28 02:29:37,055 transform Could not convert column facturado_2024 to numeric: The truth value of a Series is ambiguous. Use a.empty, a.bool(), a.item(), a.any() or a.all().
WARNING 2025-04-28 02:29:37,055 transform Could not convert column facturado_2024 to numeric: The truth value of a Series is ambiguous. Use a.empty, a.bool(), a.item(), a.any() or a.all().
INFO 2025-04-28 02:29:37,063 transform Successfully loaded and parsed: ActivaGFINAL - Ingresos Anuales-Mensuales Proy 2.csv
INFO 2025-04-28 02:29:37,063 transform   Shape: (77, 12)
INFO 2025-04-28 02:29:37,063 transform   Columns: ['cliente', 'facturacion', 'presupuesto', 'facturado_2024', 'facturado_2024', 'facturado_2024', '1er_trimestre', '2do_cuatrimestre', '3er_cuatrimestre', '4to_cuatrimestre', 'facturacion_anual', 'facturacion_mensual']
WARNING 2025-04-28 02:29:37,156 transform Could not convert column facturado_2024 to numeric: The truth value of a Series is ambiguous. Use a.empty, a.bool(), a.item(), a.any() or a.all().
WARNING 2025-04-28 02:29:37,157 transform Could not convert column facturado_2024 to numeric: The truth value of a Series is ambiguous. Use a.empty, a.bool(), a.item(), a.any() or a.all().
WARNING 2025-04-28 02:29:37,157 transform Could not convert column facturado_2024 to numeric: The truth value of a Series is ambiguous. Use a.empty, a.bool(), a.item(), a.any() or a.all().
INFO 2025-04-28 02:29:37,165 transform Successfully loaded and parsed: ActivaGFINAL - Presupuesto 2,025.csv
INFO 2025-04-28 02:29:37,165 transform   Shape: (79, 12)
INFO 2025-04-28 02:29:37,165 transform   Columns: ['cliente', 'facturacion', 'presupuesto', 'facturado_2024', 'facturado_2024', 'facturado_2024', '1er_trimestre', '2do_cuatrimestre', '3er_cuatrimestre', '4to_cuatrimestre', 'facturacion_real', 'proyeccion']
INFO 2025-04-28 02:29:37,259 transform Successfully loaded and parsed: ActivaGFINAL - Profit & Loss.csv
INFO 2025-04-28 02:29:37,260 transform   Shape: (78, 15)
INFO 2025-04-28 02:29:37,260 transform   Columns: ['concepto', 'ENERO', 'FEBRERO', 'MARZO', 'ABRIL', 'MAYO', 'JUNIO', 'JULIO', 'AGOSTO', 'SEPTIEMBRE', 'OCTUBRE', 'NOVIEMBRE', 'DICIEMBRE', 'CONSOLIDADO', 'Unnamed: 14']
INFO 2025-04-28 02:29:37,260 transform Loaded 5 CSV files
INFO 2025-04-28 02:29:37,266 transform Added brand information to 4 clients
INFO 2025-04-28 02:29:37,270 transform Merged 11 columns from activagfinal_ingresos_anuales_mensuales_proy_2
INFO 2025-04-28 02:29:37,272 transform Merged 11 columns from activagfinal_presupuesto_2_025
INFO 2025-04-28 02:29:37,272 transform Saved financial summary data from activagfinal_profit_loss
INFO 2025-04-28 02:29:37,273 transform Created combined dataframe with 52 clients and 21 columns
INFO 2025-04-28 02:29:37,283 views Initializing S3 connector
INFO 2025-04-28 02:29:37,287 utils Initialized S3Connector for bucket: activa-datalake
INFO 2025-04-28 02:29:37,287 views Initializing custom data transformer
INFO 2025-04-28 02:29:37,287 views Loading and parsing CSV files from S3
INFO 2025-04-28 02:29:37,529 utils Found 6 objects with prefix: raw-data-activa/
INFO 2025-04-28 02:29:37,623 transform Successfully loaded and parsed: ActivaGFINAL - CLIENTES MARCAS.csv
INFO 2025-04-28 02:29:37,623 transform   Shape: (74, 4)
INFO 2025-04-28 02:29:37,623 transform   Columns: ['cliente_marca', 'tipo_cliente', 'cliente_desde', 'rubro_negocios']
INFO 2025-04-28 02:29:37,702 transform Successfully loaded and parsed: ActivaGFINAL - Clientes AG 2.csv
INFO 2025-04-28 02:29:37,703 transform   Shape: (46, 2)
INFO 2025-04-28 02:29:37,703 transform   Columns: ['cliente', 'industria']
WARNING 2025-04-28 02:29:37,786 transform Could not convert column facturado_2024 to numeric: The truth value of a Series is ambiguous. Use a.empty, a.bool(), a.item(), a.any() or a.all().
WARNING 2025-04-28 02:29:37,787 transform Could not convert column facturado_2024 to numeric: The truth value of a Series is ambiguous. Use a.empty, a.bool(), a.item(), a.any() or a.all().
WARNING 2025-04-28 02:29:37,788 transform Could not convert column facturado_2024 to numeric: The truth value of a Series is ambiguous. Use a.empty, a.bool(), a.item(), a.any() or a.all().
INFO 2025-04-28 02:29:37,794 transform Successfully loaded and parsed: ActivaGFINAL - Ingresos Anuales-Mensuales Proy 2.csv
INFO 2025-04-28 02:29:37,794 transform   Shape: (77, 12)
INFO 2025-04-28 02:29:37,794 transform   Columns: ['cliente', 'facturacion', 'presupuesto', 'facturado_2024', 'facturado_2024', 'facturado_2024', '1er_trimestre', '2do_cuatrimestre', '3er_cuatrimestre', '4to_cuatrimestre', 'facturacion_anual', 'facturacion_mensual']
WARNING 2025-04-28 02:29:37,879 transform Could not convert column facturado_2024 to numeric: The truth value of a Series is ambiguous. Use a.empty, a.bool(), a.item(), a.any() or a.all().
WARNING 2025-04-28 02:29:37,879 transform Could not convert column facturado_2024 to numeric: The truth value of a Series is ambiguous. Use a.empty, a.bool(), a.item(), a.any() or a.all().
WARNING 2025-04-28 02:29:37,880 transform Could not convert column facturado_2024 to numeric: The truth value of a Series is ambiguous. Use a.empty, a.bool(), a.item(), a.any() or a.all().
INFO 2025-04-28 02:29:37,886 transform Successfully loaded and parsed: ActivaGFINAL - Presupuesto 2,025.csv
INFO 2025-04-28 02:29:37,886 transform   Shape: (79, 12)
INFO 2025-04-28 02:29:37,886 transform   Columns: ['cliente', 'facturacion', 'presupuesto', 'facturado_2024', 'facturado_2024', 'facturado_2024', '1er_trimestre', '2do_cuatrimestre', '3er_cuatrimestre', '4to_cuatrimestre', 'facturacion_real', 'proyeccion']
INFO 2025-04-28 02:29:38,000 transform Successfully loaded and parsed: ActivaGFINAL - Profit & Loss.csv
INFO 2025-04-28 02:29:38,000 transform   Shape: (78, 15)
INFO 2025-04-28 02:29:38,000 transform   Columns: ['concepto', 'ENERO', 'FEBRERO', 'MARZO', 'ABRIL', 'MAYO', 'JUNIO', 'JULIO', 'AGOSTO', 'SEPTIEMBRE', 'OCTUBRE', 'NOVIEMBRE', 'DICIEMBRE', 'CONSOLIDADO', 'Unnamed: 14']
INFO 2025-04-28 02:29:38,000 transform Loaded 5 CSV files
INFO 2025-04-28 02:29:38,000 views Transforming and combining all data
INFO 2025-04-28 02:29:38,006 transform Added brand information to 4 clients
INFO 2025-04-28 02:29:38,008 transform Merged 11 columns from activagfinal_ingresos_anuales_mensuales_proy_2
INFO 2025-04-28 02:29:38,010 transform Merged 11 columns from activagfinal_presupuesto_2_025
INFO 2025-04-28 02:29:38,011 transform Saved financial summary data from activagfinal_profit_loss
INFO 2025-04-28 02:29:38,011 transform Created combined dataframe with 52 clients and 21 columns
INFO 2025-04-28 02:29:38,011 views Getting combined data as dictionary
INFO 2025-04-28 02:29:38,016 views Successfully processed and combined data
INFO 2025-04-28 03:11:35,714 views Initializing S3 connector
INFO 2025-04-28 03:11:36,280 utils Initialized S3Connector for bucket: activa-datalake
INFO 2025-04-28 03:11:36,280 views Initializing custom data transformer
INFO 2025-04-28 03:11:36,280 views Loading and parsing CSV files from S3
INFO 2025-04-28 03:11:36,661 utils Found 6 objects with prefix: raw-data-activa/
INFO 2025-04-28 03:11:36,880 transform Successfully loaded and parsed: ActivaGFINAL - CLIENTES MARCAS.csv
INFO 2025-04-28 03:11:36,880 transform   Shape: (74, 4)
INFO 2025-04-28 03:11:36,880 transform   Columns: ['cliente_marca', 'tipo_cliente', 'cliente_desde', 'rubro_negocios']
INFO 2025-04-28 03:11:36,994 transform Successfully loaded and parsed: ActivaGFINAL - Clientes AG 2.csv
INFO 2025-04-28 03:11:36,995 transform   Shape: (46, 2)
INFO 2025-04-28 03:11:36,995 transform   Columns: ['cliente', 'industria']
WARNING 2025-04-28 03:11:37,128 transform Could not convert column facturado_2024 to numeric: The truth value of a Series is ambiguous. Use a.empty, a.bool(), a.item(), a.any() or a.all().
WARNING 2025-04-28 03:11:37,129 transform Could not convert column facturado_2024 to numeric: The truth value of a Series is ambiguous. Use a.empty, a.bool(), a.item(), a.any() or a.all().
WARNING 2025-04-28 03:11:37,129 transform Could not convert column facturado_2024 to numeric: The truth value of a Series is ambiguous. Use a.empty, a.bool(), a.item(), a.any() or a.all().
INFO 2025-04-28 03:11:37,136 transform Successfully loaded and parsed: ActivaGFINAL - Ingresos Anuales-Mensuales Proy 2.csv
INFO 2025-04-28 03:11:37,136 transform   Shape: (77, 12)
INFO 2025-04-28 03:11:37,136 transform   Columns: ['cliente', 'facturacion', 'presupuesto', 'facturado_2024', 'facturado_2024', 'facturado_2024', '1er_trimestre', '2do_cuatrimestre', '3er_cuatrimestre', '4to_cuatrimestre', 'facturacion_anual', 'facturacion_mensual']
WARNING 2025-04-28 03:11:37,235 transform Could not convert column facturado_2024 to numeric: The truth value of a Series is ambiguous. Use a.empty, a.bool(), a.item(), a.any() or a.all().
WARNING 2025-04-28 03:11:37,237 transform Could not convert column facturado_2024 to numeric: The truth value of a Series is ambiguous. Use a.empty, a.bool(), a.item(), a.any() or a.all().
WARNING 2025-04-28 03:11:37,250 transform Could not convert column facturado_2024 to numeric: The truth value of a Series is ambiguous. Use a.empty, a.bool(), a.item(), a.any() or a.all().
INFO 2025-04-28 03:11:37,261 transform Successfully loaded and parsed: ActivaGFINAL - Presupuesto 2,025.csv
INFO 2025-04-28 03:11:37,261 transform   Shape: (79, 12)
INFO 2025-04-28 03:11:37,261 transform   Columns: ['cliente', 'facturacion', 'presupuesto', 'facturado_2024', 'facturado_2024', 'facturado_2024', '1er_trimestre', '2do_cuatrimestre', '3er_cuatrimestre', '4to_cuatrimestre', 'facturacion_real', 'proyeccion']
INFO 2025-04-28 03:11:37,357 transform Successfully loaded and parsed: ActivaGFINAL - Profit & Loss.csv
INFO 2025-04-28 03:11:37,357 transform   Shape: (78, 15)
INFO 2025-04-28 03:11:37,357 transform   Columns: ['concepto', 'ENERO', 'FEBRERO', 'MARZO', 'ABRIL', 'MAYO', 'JUNIO', 'JULIO', 'AGOSTO', 'SEPTIEMBRE', 'OCTUBRE', 'NOVIEMBRE', 'DICIEMBRE', 'CONSOLIDADO', 'Unnamed: 14']
INFO 2025-04-28 03:11:37,357 transform Loaded 5 CSV files
INFO 2025-04-28 03:11:37,357 views Transforming and combining all data
INFO 2025-04-28 03:11:37,368 transform Added brand information to 4 clients
INFO 2025-04-28 03:11:37,371 transform Merged 11 columns from activagfinal_ingresos_anuales_mensuales_proy_2
INFO 2025-04-28 03:11:37,373 transform Merged 11 columns from activagfinal_presupuesto_2_025
INFO 2025-04-28 03:11:37,373 transform Saved financial summary data from activagfinal_profit_loss
INFO 2025-04-28 03:11:37,373 transform Created combined dataframe with 52 clients and 21 columns
INFO 2025-04-28 03:11:37,373 views Getting combined data as dictionary
INFO 2025-04-28 03:11:37,376 views Successfully processed and combined data
INFO 2025-04-29 17:53:47,604 views Initializing S3 connector
INFO 2025-04-29 17:53:47,799 utils Initialized S3Connector for bucket: activa-datalake
INFO 2025-04-29 17:53:48,119 utils Found 6 objects with prefix: raw-data-activa/
INFO 2025-04-29 17:53:48,261 transform Successfully loaded and parsed: ActivaGFINAL - CLIENTES MARCAS.csv
INFO 2025-04-29 17:53:48,261 transform   Shape: (74, 4)
INFO 2025-04-29 17:53:48,261 transform   Columns: ['cliente_marca', 'tipo_cliente', 'cliente_desde', 'rubro_negocios']
INFO 2025-04-29 17:53:48,362 transform Successfully loaded and parsed: ActivaGFINAL - Clientes AG 2.csv
INFO 2025-04-29 17:53:48,362 transform   Shape: (46, 2)
INFO 2025-04-29 17:53:48,362 transform   Columns: ['cliente', 'industria']
WARNING 2025-04-29 17:53:48,499 transform Could not convert column facturado_2024 to numeric: The truth value of a Series is ambiguous. Use a.empty, a.bool(), a.item(), a.any() or a.all().
WARNING 2025-04-29 17:53:48,500 transform Could not convert column facturado_2024 to numeric: The truth value of a Series is ambiguous. Use a.empty, a.bool(), a.item(), a.any() or a.all().
WARNING 2025-04-29 17:53:48,501 transform Could not convert column facturado_2024 to numeric: The truth value of a Series is ambiguous. Use a.empty, a.bool(), a.item(), a.any() or a.all().
INFO 2025-04-29 17:53:48,509 transform Successfully loaded and parsed: ActivaGFINAL - Ingresos Anuales-Mensuales Proy 2.csv
INFO 2025-04-29 17:53:48,509 transform   Shape: (77, 12)
INFO 2025-04-29 17:53:48,509 transform   Columns: ['cliente', 'facturacion', 'presupuesto', 'facturado_2024', 'facturado_2024', 'facturado_2024', '1er_trimestre', '2do_cuatrimestre', '3er_cuatrimestre', '4to_cuatrimestre', 'facturacion_anual', 'facturacion_mensual']
WARNING 2025-04-29 17:53:48,619 transform Could not convert column facturado_2024 to numeric: The truth value of a Series is ambiguous. Use a.empty, a.bool(), a.item(), a.any() or a.all().
WARNING 2025-04-29 17:53:48,620 transform Could not convert column facturado_2024 to numeric: The truth value of a Series is ambiguous. Use a.empty, a.bool(), a.item(), a.any() or a.all().
WARNING 2025-04-29 17:53:48,621 transform Could not convert column facturado_2024 to numeric: The truth value of a Series is ambiguous. Use a.empty, a.bool(), a.item(), a.any() or a.all().
INFO 2025-04-29 17:53:48,631 transform Successfully loaded and parsed: ActivaGFINAL - Presupuesto 2,025.csv
INFO 2025-04-29 17:53:48,632 transform   Shape: (79, 12)
INFO 2025-04-29 17:53:48,632 transform   Columns: ['cliente', 'facturacion', 'presupuesto', 'facturado_2024', 'facturado_2024', 'facturado_2024', '1er_trimestre', '2do_cuatrimestre', '3er_cuatrimestre', '4to_cuatrimestre', 'facturacion_real', 'proyeccion']
INFO 2025-04-29 17:53:48,765 transform Successfully loaded and parsed: ActivaGFINAL - Profit & Loss.csv
INFO 2025-04-29 17:53:48,765 transform   Shape: (78, 15)
INFO 2025-04-29 17:53:48,765 transform   Columns: ['concepto', 'ENERO', 'FEBRERO', 'MARZO', 'ABRIL', 'MAYO', 'JUNIO', 'JULIO', 'AGOSTO', 'SEPTIEMBRE', 'OCTUBRE', 'NOVIEMBRE', 'DICIEMBRE', 'CONSOLIDADO', 'Unnamed: 14']
INFO 2025-04-29 17:53:48,766 transform Loaded 5 CSV files
INFO 2025-04-29 17:53:48,785 views Initializing S3 connector
INFO 2025-04-29 17:53:48,791 utils Initialized S3Connector for bucket: activa-datalake
INFO 2025-04-29 17:53:48,791 views Initializing custom data transformer
INFO 2025-04-29 17:53:48,791 views Loading and parsing CSV files from S3
INFO 2025-04-29 17:53:49,060 utils Found 6 objects with prefix: raw-data-activa/
INFO 2025-04-29 17:53:49,154 transform Successfully loaded and parsed: ActivaGFINAL - CLIENTES MARCAS.csv
INFO 2025-04-29 17:53:49,154 transform   Shape: (74, 4)
INFO 2025-04-29 17:53:49,154 transform   Columns: ['cliente_marca', 'tipo_cliente', 'cliente_desde', 'rubro_negocios']
INFO 2025-04-29 17:53:49,249 transform Successfully loaded and parsed: ActivaGFINAL - Clientes AG 2.csv
INFO 2025-04-29 17:53:49,250 transform   Shape: (46, 2)
INFO 2025-04-29 17:53:49,250 transform   Columns: ['cliente', 'industria']
WARNING 2025-04-29 17:53:49,351 transform Could not convert column facturado_2024 to numeric: The truth value of a Series is ambiguous. Use a.empty, a.bool(), a.item(), a.any() or a.all().
WARNING 2025-04-29 17:53:49,353 transform Could not convert column facturado_2024 to numeric: The truth value of a Series is ambiguous. Use a.empty, a.bool(), a.item(), a.any() or a.all().
WARNING 2025-04-29 17:53:49,354 transform Could not convert column facturado_2024 to numeric: The truth value of a Series is ambiguous. Use a.empty, a.bool(), a.item(), a.any() or a.all().
INFO 2025-04-29 17:53:49,367 transform Successfully loaded and parsed: ActivaGFINAL - Ingresos Anuales-Mensuales Proy 2.csv
INFO 2025-04-29 17:53:49,367 transform   Shape: (77, 12)
INFO 2025-04-29 17:53:49,367 transform   Columns: ['cliente', 'facturacion', 'presupuesto', 'facturado_2024', 'facturado_2024', 'facturado_2024', '1er_trimestre', '2do_cuatrimestre', '3er_cuatrimestre', '4to_cuatrimestre', 'facturacion_anual', 'facturacion_mensual']
WARNING 2025-04-29 17:53:49,471 transform Could not convert column facturado_2024 to numeric: The truth value of a Series is ambiguous. Use a.empty, a.bool(), a.item(), a.any() or a.all().
WARNING 2025-04-29 17:53:49,472 transform Could not convert column facturado_2024 to numeric: The truth value of a Series is ambiguous. Use a.empty, a.bool(), a.item(), a.any() or a.all().
WARNING 2025-04-29 17:53:49,473 transform Could not convert column facturado_2024 to numeric: The truth value of a Series is ambiguous. Use a.empty, a.bool(), a.item(), a.any() or a.all().
INFO 2025-04-29 17:53:49,483 transform Successfully loaded and parsed: ActivaGFINAL - Presupuesto 2,025.csv
INFO 2025-04-29 17:53:49,484 transform   Shape: (79, 12)
INFO 2025-04-29 17:53:49,484 transform   Columns: ['cliente', 'facturacion', 'presupuesto', 'facturado_2024', 'facturado_2024', 'facturado_2024', '1er_trimestre', '2do_cuatrimestre', '3er_cuatrimestre', '4to_cuatrimestre', 'facturacion_real', 'proyeccion']
INFO 2025-04-29 17:53:49,600 transform Successfully loaded and parsed: ActivaGFINAL - Profit & Loss.csv
INFO 2025-04-29 17:53:49,600 transform   Shape: (78, 15)
INFO 2025-04-29 17:53:49,601 transform   Columns: ['concepto', 'ENERO', 'FEBRERO', 'MARZO', 'ABRIL', 'MAYO', 'JUNIO', 'JULIO', 'AGOSTO', 'SEPTIEMBRE', 'OCTUBRE', 'NOVIEMBRE', 'DICIEMBRE', 'CONSOLIDADO', 'Unnamed: 14']
INFO 2025-04-29 17:53:49,601 transform Loaded 5 CSV files
INFO 2025-04-29 17:53:49,601 views Transforming and combining all data
INFO 2025-04-29 17:53:49,620 transform Added brand information to 4 clients
INFO 2025-04-29 17:53:49,625 transform Merged 11 columns from activagfinal_ingresos_anuales_mensuales_proy_2
INFO 2025-04-29 17:53:49,628 transform Merged 11 columns from activagfinal_presupuesto_2_025
INFO 2025-04-29 17:53:49,628 transform Saved financial summary data from activagfinal_profit_loss
INFO 2025-04-29 17:53:49,629 transform Created combined dataframe with 52 clients and 21 columns
INFO 2025-04-29 17:53:49,629 views Getting combined data as dictionary
INFO 2025-04-29 17:53:49,633 views Successfully processed and combined data
INFO 2025-04-29 17:53:49,640 views Initializing S3 connector
INFO 2025-04-29 17:53:49,645 utils Initialized S3Connector for bucket: activa-datalake
INFO 2025-04-29 17:53:49,911 utils Found 6 objects with prefix: raw-data-activa/
INFO 2025-04-29 17:53:50,095 transform Successfully loaded and parsed: ActivaGFINAL - CLIENTES MARCAS.csv
INFO 2025-04-29 17:53:50,096 transform   Shape: (74, 4)
INFO 2025-04-29 17:53:50,096 transform   Columns: ['cliente_marca', 'tipo_cliente', 'cliente_desde', 'rubro_negocios']
INFO 2025-04-29 17:53:50,177 transform Successfully loaded and parsed: ActivaGFINAL - Clientes AG 2.csv
INFO 2025-04-29 17:53:50,177 transform   Shape: (46, 2)
INFO 2025-04-29 17:53:50,177 transform   Columns: ['cliente', 'industria']
WARNING 2025-04-29 17:53:50,272 transform Could not convert column facturado_2024 to numeric: The truth value of a Series is ambiguous. Use a.empty, a.bool(), a.item(), a.any() or a.all().
WARNING 2025-04-29 17:53:50,273 transform Could not convert column facturado_2024 to numeric: The truth value of a Series is ambiguous. Use a.empty, a.bool(), a.item(), a.any() or a.all().
WARNING 2025-04-29 17:53:50,274 transform Could not convert column facturado_2024 to numeric: The truth value of a Series is ambiguous. Use a.empty, a.bool(), a.item(), a.any() or a.all().
INFO 2025-04-29 17:53:50,286 transform Successfully loaded and parsed: ActivaGFINAL - Ingresos Anuales-Mensuales Proy 2.csv
INFO 2025-04-29 17:53:50,287 transform   Shape: (77, 12)
INFO 2025-04-29 17:53:50,287 transform   Columns: ['cliente', 'facturacion', 'presupuesto', 'facturado_2024', 'facturado_2024', 'facturado_2024', '1er_trimestre', '2do_cuatrimestre', '3er_cuatrimestre', '4to_cuatrimestre', 'facturacion_anual', 'facturacion_mensual']
WARNING 2025-04-29 17:53:50,380 transform Could not convert column facturado_2024 to numeric: The truth value of a Series is ambiguous. Use a.empty, a.bool(), a.item(), a.any() or a.all().
WARNING 2025-04-29 17:53:50,381 transform Could not convert column facturado_2024 to numeric: The truth value of a Series is ambiguous. Use a.empty, a.bool(), a.item(), a.any() or a.all().
WARNING 2025-04-29 17:53:50,381 transform Could not convert column facturado_2024 to numeric: The truth value of a Series is ambiguous. Use a.empty, a.bool(), a.item(), a.any() or a.all().
INFO 2025-04-29 17:53:50,393 transform Successfully loaded and parsed: ActivaGFINAL - Presupuesto 2,025.csv
INFO 2025-04-29 17:53:50,393 transform   Shape: (79, 12)
INFO 2025-04-29 17:53:50,394 transform   Columns: ['cliente', 'facturacion', 'presupuesto', 'facturado_2024', 'facturado_2024', 'facturado_2024', '1er_trimestre', '2do_cuatrimestre', '3er_cuatrimestre', '4to_cuatrimestre', 'facturacion_real', 'proyeccion']
INFO 2025-04-29 17:53:50,505 transform Successfully loaded and parsed: ActivaGFINAL - Profit & Loss.csv
INFO 2025-04-29 17:53:50,505 transform   Shape: (78, 15)
INFO 2025-04-29 17:53:50,505 transform   Columns: ['concepto', 'ENERO', 'FEBRERO', 'MARZO', 'ABRIL', 'MAYO', 'JUNIO', 'JULIO', 'AGOSTO', 'SEPTIEMBRE', 'OCTUBRE', 'NOVIEMBRE', 'DICIEMBRE', 'CONSOLIDADO', 'Unnamed: 14']
INFO 2025-04-29 17:53:50,505 transform Loaded 5 CSV files
INFO 2025-04-29 17:53:50,513 transform Added brand information to 4 clients
INFO 2025-04-29 17:53:50,516 transform Merged 11 columns from activagfinal_ingresos_anuales_mensuales_proy_2
INFO 2025-04-29 17:53:50,520 transform Merged 11 columns from activagfinal_presupuesto_2_025
INFO 2025-04-29 17:53:50,520 transform Saved financial summary data from activagfinal_profit_loss
INFO 2025-04-29 17:53:50,520 transform Created combined dataframe with 52 clients and 21 columns
INFO 2025-04-29 18:02:00,388 views Initializing S3 connector
INFO 2025-04-29 18:02:00,399 utils Initialized S3Connector for bucket: activa-datalake
INFO 2025-04-29 18:02:00,705 utils Found 6 objects with prefix: raw-data-activa/
INFO 2025-04-29 18:02:00,813 transform Successfully loaded and parsed: ActivaGFINAL - CLIENTES MARCAS.csv
INFO 2025-04-29 18:02:00,813 transform   Shape: (74, 4)
INFO 2025-04-29 18:02:00,813 transform   Columns: ['cliente_marca', 'tipo_cliente', 'cliente_desde', 'rubro_negocios']
INFO 2025-04-29 18:02:00,916 transform Successfully loaded and parsed: ActivaGFINAL - Clientes AG 2.csv
INFO 2025-04-29 18:02:00,916 transform   Shape: (46, 2)
INFO 2025-04-29 18:02:00,916 transform   Columns: ['cliente', 'industria']
WARNING 2025-04-29 18:02:01,019 transform Could not convert column facturado_2024 to numeric: The truth value of a Series is ambiguous. Use a.empty, a.bool(), a.item(), a.any() or a.all().
WARNING 2025-04-29 18:02:01,020 transform Could not convert column facturado_2024 to numeric: The truth value of a Series is ambiguous. Use a.empty, a.bool(), a.item(), a.any() or a.all().
WARNING 2025-04-29 18:02:01,021 transform Could not convert column facturado_2024 to numeric: The truth value of a Series is ambiguous. Use a.empty, a.bool(), a.item(), a.any() or a.all().
INFO 2025-04-29 18:02:01,031 transform Successfully loaded and parsed: ActivaGFINAL - Ingresos Anuales-Mensuales Proy 2.csv
INFO 2025-04-29 18:02:01,032 transform   Shape: (77, 12)
INFO 2025-04-29 18:02:01,032 transform   Columns: ['cliente', 'facturacion', 'presupuesto', 'facturado_2024', 'facturado_2024', 'facturado_2024', '1er_trimestre', '2do_cuatrimestre', '3er_cuatrimestre', '4to_cuatrimestre', 'facturacion_anual', 'facturacion_mensual']
WARNING 2025-04-29 18:02:01,146 transform Could not convert column facturado_2024 to numeric: The truth value of a Series is ambiguous. Use a.empty, a.bool(), a.item(), a.any() or a.all().
WARNING 2025-04-29 18:02:01,147 transform Could not convert column facturado_2024 to numeric: The truth value of a Series is ambiguous. Use a.empty, a.bool(), a.item(), a.any() or a.all().
WARNING 2025-04-29 18:02:01,147 transform Could not convert column facturado_2024 to numeric: The truth value of a Series is ambiguous. Use a.empty, a.bool(), a.item(), a.any() or a.all().
INFO 2025-04-29 18:02:01,160 transform Successfully loaded and parsed: ActivaGFINAL - Presupuesto 2,025.csv
INFO 2025-04-29 18:02:01,160 transform   Shape: (79, 12)
INFO 2025-04-29 18:02:01,160 transform   Columns: ['cliente', 'facturacion', 'presupuesto', 'facturado_2024', 'facturado_2024', 'facturado_2024', '1er_trimestre', '2do_cuatrimestre', '3er_cuatrimestre', '4to_cuatrimestre', 'facturacion_real', 'proyeccion']
INFO 2025-04-29 18:02:01,281 transform Successfully loaded and parsed: ActivaGFINAL - Profit & Loss.csv
INFO 2025-04-29 18:02:01,281 transform   Shape: (78, 15)
INFO 2025-04-29 18:02:01,281 transform   Columns: ['concepto', 'ENERO', 'FEBRERO', 'MARZO', 'ABRIL', 'MAYO', 'JUNIO', 'JULIO', 'AGOSTO', 'SEPTIEMBRE', 'OCTUBRE', 'NOVIEMBRE', 'DICIEMBRE', 'CONSOLIDADO', 'Unnamed: 14']
INFO 2025-04-29 18:02:01,281 transform Loaded 5 CSV files
INFO 2025-04-29 18:02:01,290 views Initializing S3 connector
INFO 2025-04-29 18:02:01,294 utils Initialized S3Connector for bucket: activa-datalake
INFO 2025-04-29 18:02:01,294 views Initializing custom data transformer
INFO 2025-04-29 18:02:01,294 views Loading and parsing CSV files from S3
INFO 2025-04-29 18:02:01,565 utils Found 6 objects with prefix: raw-data-activa/
INFO 2025-04-29 18:02:01,670 transform Successfully loaded and parsed: ActivaGFINAL - CLIENTES MARCAS.csv
INFO 2025-04-29 18:02:01,670 transform   Shape: (74, 4)
INFO 2025-04-29 18:02:01,670 transform   Columns: ['cliente_marca', 'tipo_cliente', 'cliente_desde', 'rubro_negocios']
INFO 2025-04-29 18:02:01,761 transform Successfully loaded and parsed: ActivaGFINAL - Clientes AG 2.csv
INFO 2025-04-29 18:02:01,761 transform   Shape: (46, 2)
INFO 2025-04-29 18:02:01,761 transform   Columns: ['cliente', 'industria']
WARNING 2025-04-29 18:02:01,862 transform Could not convert column facturado_2024 to numeric: The truth value of a Series is ambiguous. Use a.empty, a.bool(), a.item(), a.any() or a.all().
WARNING 2025-04-29 18:02:01,864 transform Could not convert column facturado_2024 to numeric: The truth value of a Series is ambiguous. Use a.empty, a.bool(), a.item(), a.any() or a.all().
WARNING 2025-04-29 18:02:01,865 transform Could not convert column facturado_2024 to numeric: The truth value of a Series is ambiguous. Use a.empty, a.bool(), a.item(), a.any() or a.all().
INFO 2025-04-29 18:02:01,880 transform Successfully loaded and parsed: ActivaGFINAL - Ingresos Anuales-Mensuales Proy 2.csv
INFO 2025-04-29 18:02:01,880 transform   Shape: (77, 12)
INFO 2025-04-29 18:02:01,880 transform   Columns: ['cliente', 'facturacion', 'presupuesto', 'facturado_2024', 'facturado_2024', 'facturado_2024', '1er_trimestre', '2do_cuatrimestre', '3er_cuatrimestre', '4to_cuatrimestre', 'facturacion_anual', 'facturacion_mensual']
WARNING 2025-04-29 18:02:01,978 transform Could not convert column facturado_2024 to numeric: The truth value of a Series is ambiguous. Use a.empty, a.bool(), a.item(), a.any() or a.all().
WARNING 2025-04-29 18:02:01,979 transform Could not convert column facturado_2024 to numeric: The truth value of a Series is ambiguous. Use a.empty, a.bool(), a.item(), a.any() or a.all().
WARNING 2025-04-29 18:02:01,979 transform Could not convert column facturado_2024 to numeric: The truth value of a Series is ambiguous. Use a.empty, a.bool(), a.item(), a.any() or a.all().
INFO 2025-04-29 18:02:01,990 transform Successfully loaded and parsed: ActivaGFINAL - Presupuesto 2,025.csv
INFO 2025-04-29 18:02:01,990 transform   Shape: (79, 12)
INFO 2025-04-29 18:02:01,990 transform   Columns: ['cliente', 'facturacion', 'presupuesto', 'facturado_2024', 'facturado_2024', 'facturado_2024', '1er_trimestre', '2do_cuatrimestre', '3er_cuatrimestre', '4to_cuatrimestre', 'facturacion_real', 'proyeccion']
INFO 2025-04-29 18:02:02,111 transform Successfully loaded and parsed: ActivaGFINAL - Profit & Loss.csv
INFO 2025-04-29 18:02:02,111 transform   Shape: (78, 15)
INFO 2025-04-29 18:02:02,111 transform   Columns: ['concepto', 'ENERO', 'FEBRERO', 'MARZO', 'ABRIL', 'MAYO', 'JUNIO', 'JULIO', 'AGOSTO', 'SEPTIEMBRE', 'OCTUBRE', 'NOVIEMBRE', 'DICIEMBRE', 'CONSOLIDADO', 'Unnamed: 14']
INFO 2025-04-29 18:02:02,111 transform Loaded 5 CSV files
INFO 2025-04-29 18:02:02,111 views Transforming and combining all data
INFO 2025-04-29 18:02:02,123 transform Added brand information to 4 clients
INFO 2025-04-29 18:02:02,126 transform Merged 11 columns from activagfinal_ingresos_anuales_mensuales_proy_2
INFO 2025-04-29 18:02:02,130 transform Merged 11 columns from activagfinal_presupuesto_2_025
INFO 2025-04-29 18:02:02,130 transform Saved financial summary data from activagfinal_profit_loss
INFO 2025-04-29 18:02:02,131 transform Created combined dataframe with 52 clients and 21 columns
INFO 2025-04-29 18:02:02,131 views Getting combined data as dictionary
INFO 2025-04-29 18:02:02,136 views Successfully processed and combined data
INFO 2025-04-29 18:02:02,145 views Initializing S3 connector
INFO 2025-04-29 18:02:02,151 utils Initialized S3Connector for bucket: activa-datalake
INFO 2025-04-29 18:02:02,427 utils Found 6 objects with prefix: raw-data-activa/
INFO 2025-04-29 18:02:02,535 transform Successfully loaded and parsed: ActivaGFINAL - CLIENTES MARCAS.csv
INFO 2025-04-29 18:02:02,535 transform   Shape: (74, 4)
INFO 2025-04-29 18:02:02,536 transform   Columns: ['cliente_marca', 'tipo_cliente', 'cliente_desde', 'rubro_negocios']
INFO 2025-04-29 18:02:02,647 transform Successfully loaded and parsed: ActivaGFINAL - Clientes AG 2.csv
INFO 2025-04-29 18:02:02,648 transform   Shape: (46, 2)
INFO 2025-04-29 18:02:02,648 transform   Columns: ['cliente', 'industria']
WARNING 2025-04-29 18:02:02,747 transform Could not convert column facturado_2024 to numeric: The truth value of a Series is ambiguous. Use a.empty, a.bool(), a.item(), a.any() or a.all().
WARNING 2025-04-29 18:02:02,749 transform Could not convert column facturado_2024 to numeric: The truth value of a Series is ambiguous. Use a.empty, a.bool(), a.item(), a.any() or a.all().
WARNING 2025-04-29 18:02:02,750 transform Could not convert column facturado_2024 to numeric: The truth value of a Series is ambiguous. Use a.empty, a.bool(), a.item(), a.any() or a.all().
INFO 2025-04-29 18:02:02,763 transform Successfully loaded and parsed: ActivaGFINAL - Ingresos Anuales-Mensuales Proy 2.csv
INFO 2025-04-29 18:02:02,763 transform   Shape: (77, 12)
INFO 2025-04-29 18:02:02,763 transform   Columns: ['cliente', 'facturacion', 'presupuesto', 'facturado_2024', 'facturado_2024', 'facturado_2024', '1er_trimestre', '2do_cuatrimestre', '3er_cuatrimestre', '4to_cuatrimestre', 'facturacion_anual', 'facturacion_mensual']
WARNING 2025-04-29 18:02:02,875 transform Could not convert column facturado_2024 to numeric: The truth value of a Series is ambiguous. Use a.empty, a.bool(), a.item(), a.any() or a.all().
WARNING 2025-04-29 18:02:02,876 transform Could not convert column facturado_2024 to numeric: The truth value of a Series is ambiguous. Use a.empty, a.bool(), a.item(), a.any() or a.all().
WARNING 2025-04-29 18:02:02,877 transform Could not convert column facturado_2024 to numeric: The truth value of a Series is ambiguous. Use a.empty, a.bool(), a.item(), a.any() or a.all().
INFO 2025-04-29 18:02:02,890 transform Successfully loaded and parsed: ActivaGFINAL - Presupuesto 2,025.csv
INFO 2025-04-29 18:02:02,890 transform   Shape: (79, 12)
INFO 2025-04-29 18:02:02,890 transform   Columns: ['cliente', 'facturacion', 'presupuesto', 'facturado_2024', 'facturado_2024', 'facturado_2024', '1er_trimestre', '2do_cuatrimestre', '3er_cuatrimestre', '4to_cuatrimestre', 'facturacion_real', 'proyeccion']
INFO 2025-04-29 18:02:03,017 transform Successfully loaded and parsed: ActivaGFINAL - Profit & Loss.csv
INFO 2025-04-29 18:02:03,018 transform   Shape: (78, 15)
INFO 2025-04-29 18:02:03,018 transform   Columns: ['concepto', 'ENERO', 'FEBRERO', 'MARZO', 'ABRIL', 'MAYO', 'JUNIO', 'JULIO', 'AGOSTO', 'SEPTIEMBRE', 'OCTUBRE', 'NOVIEMBRE', 'DICIEMBRE', 'CONSOLIDADO', 'Unnamed: 14']
INFO 2025-04-29 18:02:03,018 transform Loaded 5 CSV files
INFO 2025-04-29 18:02:03,028 transform Added brand information to 4 clients
INFO 2025-04-29 18:02:03,035 transform Merged 11 columns from activagfinal_ingresos_anuales_mensuales_proy_2
INFO 2025-04-29 18:02:03,039 transform Merged 11 columns from activagfinal_presupuesto_2_025
INFO 2025-04-29 18:02:03,039 transform Saved financial summary data from activagfinal_profit_loss
INFO 2025-04-29 18:02:03,039 transform Created combined dataframe with 52 clients and 21 columns
INFO 2025-04-29 18:07:43,054 views Initializing S3 connector
INFO 2025-04-29 18:07:43,066 utils Initialized S3Connector for bucket: activa-datalake
INFO 2025-04-29 18:07:43,396 utils Found 6 objects with prefix: raw-data-activa/
INFO 2025-04-29 18:07:43,507 transform Successfully loaded and parsed: ActivaGFINAL - CLIENTES MARCAS.csv
INFO 2025-04-29 18:07:43,507 transform   Shape: (74, 4)
INFO 2025-04-29 18:07:43,507 transform   Columns: ['cliente_marca', 'tipo_cliente', 'cliente_desde', 'rubro_negocios']
INFO 2025-04-29 18:07:43,613 transform Successfully loaded and parsed: ActivaGFINAL - Clientes AG 2.csv
INFO 2025-04-29 18:07:43,613 transform   Shape: (46, 2)
INFO 2025-04-29 18:07:43,613 transform   Columns: ['cliente', 'industria']
WARNING 2025-04-29 18:07:43,720 transform Could not convert column facturado_2024 to numeric: The truth value of a Series is ambiguous. Use a.empty, a.bool(), a.item(), a.any() or a.all().
WARNING 2025-04-29 18:07:43,721 transform Could not convert column facturado_2024 to numeric: The truth value of a Series is ambiguous. Use a.empty, a.bool(), a.item(), a.any() or a.all().
WARNING 2025-04-29 18:07:43,721 transform Could not convert column facturado_2024 to numeric: The truth value of a Series is ambiguous. Use a.empty, a.bool(), a.item(), a.any() or a.all().
INFO 2025-04-29 18:07:43,731 transform Successfully loaded and parsed: ActivaGFINAL - Ingresos Anuales-Mensuales Proy 2.csv
INFO 2025-04-29 18:07:43,731 transform   Shape: (77, 12)
INFO 2025-04-29 18:07:43,732 transform   Columns: ['cliente', 'facturacion', 'presupuesto', 'facturado_2024', 'facturado_2024', 'facturado_2024', '1er_trimestre', '2do_cuatrimestre', '3er_cuatrimestre', '4to_cuatrimestre', 'facturacion_anual', 'facturacion_mensual']
WARNING 2025-04-29 18:07:43,840 transform Could not convert column facturado_2024 to numeric: The truth value of a Series is ambiguous. Use a.empty, a.bool(), a.item(), a.any() or a.all().
WARNING 2025-04-29 18:07:43,841 transform Could not convert column facturado_2024 to numeric: The truth value of a Series is ambiguous. Use a.empty, a.bool(), a.item(), a.any() or a.all().
WARNING 2025-04-29 18:07:43,842 transform Could not convert column facturado_2024 to numeric: The truth value of a Series is ambiguous. Use a.empty, a.bool(), a.item(), a.any() or a.all().
INFO 2025-04-29 18:07:43,855 transform Successfully loaded and parsed: ActivaGFINAL - Presupuesto 2,025.csv
INFO 2025-04-29 18:07:43,855 transform   Shape: (79, 12)
INFO 2025-04-29 18:07:43,855 transform   Columns: ['cliente', 'facturacion', 'presupuesto', 'facturado_2024', 'facturado_2024', 'facturado_2024', '1er_trimestre', '2do_cuatrimestre', '3er_cuatrimestre', '4to_cuatrimestre', 'facturacion_real', 'proyeccion']
INFO 2025-04-29 18:07:43,963 transform Successfully loaded and parsed: ActivaGFINAL - Profit & Loss.csv
INFO 2025-04-29 18:07:43,963 transform   Shape: (78, 15)
INFO 2025-04-29 18:07:43,963 transform   Columns: ['concepto', 'ENERO', 'FEBRERO', 'MARZO', 'ABRIL', 'MAYO', 'JUNIO', 'JULIO', 'AGOSTO', 'SEPTIEMBRE', 'OCTUBRE', 'NOVIEMBRE', 'DICIEMBRE', 'CONSOLIDADO', 'Unnamed: 14']
INFO 2025-04-29 18:07:43,963 transform Loaded 5 CSV files
INFO 2025-04-29 22:09:25,996 views Initializing S3 connector
INFO 2025-04-29 22:09:26,057 utils Initialized S3Connector for bucket: activa-datalake
INFO 2025-04-29 22:09:26,454 utils Found 6 objects with prefix: raw-data-activa/
INFO 2025-04-29 22:09:26,609 transform Successfully loaded and parsed: ActivaGFINAL - CLIENTES MARCAS.csv
INFO 2025-04-29 22:09:26,609 transform   Shape: (74, 4)
INFO 2025-04-29 22:09:26,609 transform   Columns: ['cliente_marca', 'tipo_cliente', 'cliente_desde', 'rubro_negocios']
INFO 2025-04-29 22:09:26,709 transform Successfully loaded and parsed: ActivaGFINAL - Clientes AG 2.csv
INFO 2025-04-29 22:09:26,710 transform   Shape: (46, 2)
INFO 2025-04-29 22:09:26,710 transform   Columns: ['cliente', 'industria']
WARNING 2025-04-29 22:09:26,845 transform Could not convert column facturado_2024 to numeric: The truth value of a Series is ambiguous. Use a.empty, a.bool(), a.item(), a.any() or a.all().
WARNING 2025-04-29 22:09:26,845 transform Could not convert column facturado_2024 to numeric: The truth value of a Series is ambiguous. Use a.empty, a.bool(), a.item(), a.any() or a.all().
WARNING 2025-04-29 22:09:26,846 transform Could not convert column facturado_2024 to numeric: The truth value of a Series is ambiguous. Use a.empty, a.bool(), a.item(), a.any() or a.all().
INFO 2025-04-29 22:09:26,850 transform Successfully loaded and parsed: ActivaGFINAL - Ingresos Anuales-Mensuales Proy 2.csv
INFO 2025-04-29 22:09:26,850 transform   Shape: (77, 12)
INFO 2025-04-29 22:09:26,850 transform   Columns: ['cliente', 'facturacion', 'presupuesto', 'facturado_2024', 'facturado_2024', 'facturado_2024', '1er_trimestre', '2do_cuatrimestre', '3er_cuatrimestre', '4to_cuatrimestre', 'facturacion_anual', 'facturacion_mensual']
WARNING 2025-04-29 22:09:27,010 transform Could not convert column facturado_2024 to numeric: The truth value of a Series is ambiguous. Use a.empty, a.bool(), a.item(), a.any() or a.all().
WARNING 2025-04-29 22:09:27,011 transform Could not convert column facturado_2024 to numeric: The truth value of a Series is ambiguous. Use a.empty, a.bool(), a.item(), a.any() or a.all().
WARNING 2025-04-29 22:09:27,013 transform Could not convert column facturado_2024 to numeric: The truth value of a Series is ambiguous. Use a.empty, a.bool(), a.item(), a.any() or a.all().
INFO 2025-04-29 22:09:27,025 transform Successfully loaded and parsed: ActivaGFINAL - Presupuesto 2,025.csv
INFO 2025-04-29 22:09:27,025 transform   Shape: (79, 12)
INFO 2025-04-29 22:09:27,025 transform   Columns: ['cliente', 'facturacion', 'presupuesto', 'facturado_2024', 'facturado_2024', 'facturado_2024', '1er_trimestre', '2do_cuatrimestre', '3er_cuatrimestre', '4to_cuatrimestre', 'facturacion_real', 'proyeccion']
INFO 2025-04-29 22:09:27,142 transform Successfully loaded and parsed: ActivaGFINAL - Profit & Loss.csv
INFO 2025-04-29 22:09:27,142 transform   Shape: (78, 15)
INFO 2025-04-29 22:09:27,142 transform   Columns: ['concepto', 'ENERO', 'FEBRERO', 'MARZO', 'ABRIL', 'MAYO', 'JUNIO', 'JULIO', 'AGOSTO', 'SEPTIEMBRE', 'OCTUBRE', 'NOVIEMBRE', 'DICIEMBRE', 'CONSOLIDADO', 'Unnamed: 14']
INFO 2025-04-29 22:09:27,142 transform Loaded 5 CSV files
INFO 2025-04-29 22:09:27,160 views Initializing S3 connector
INFO 2025-04-29 22:09:27,170 utils Initialized S3Connector for bucket: activa-datalake
INFO 2025-04-29 22:09:27,171 views Initializing custom data transformer
INFO 2025-04-29 22:09:27,171 views Loading and parsing CSV files from S3
INFO 2025-04-29 22:09:27,444 utils Found 6 objects with prefix: raw-data-activa/
INFO 2025-04-29 22:09:27,561 transform Successfully loaded and parsed: ActivaGFINAL - CLIENTES MARCAS.csv
INFO 2025-04-29 22:09:27,562 transform   Shape: (74, 4)
INFO 2025-04-29 22:09:27,562 transform   Columns: ['cliente_marca', 'tipo_cliente', 'cliente_desde', 'rubro_negocios']
INFO 2025-04-29 22:09:27,664 transform Successfully loaded and parsed: ActivaGFINAL - Clientes AG 2.csv
INFO 2025-04-29 22:09:27,665 transform   Shape: (46, 2)
INFO 2025-04-29 22:09:27,665 transform   Columns: ['cliente', 'industria']
WARNING 2025-04-29 22:09:27,835 transform Could not convert column facturado_2024 to numeric: The truth value of a Series is ambiguous. Use a.empty, a.bool(), a.item(), a.any() or a.all().
WARNING 2025-04-29 22:09:27,836 transform Could not convert column facturado_2024 to numeric: The truth value of a Series is ambiguous. Use a.empty, a.bool(), a.item(), a.any() or a.all().
WARNING 2025-04-29 22:09:27,836 transform Could not convert column facturado_2024 to numeric: The truth value of a Series is ambiguous. Use a.empty, a.bool(), a.item(), a.any() or a.all().
INFO 2025-04-29 22:09:27,848 transform Successfully loaded and parsed: ActivaGFINAL - Ingresos Anuales-Mensuales Proy 2.csv
INFO 2025-04-29 22:09:27,849 transform   Shape: (77, 12)
INFO 2025-04-29 22:09:27,849 transform   Columns: ['cliente', 'facturacion', 'presupuesto', 'facturado_2024', 'facturado_2024', 'facturado_2024', '1er_trimestre', '2do_cuatrimestre', '3er_cuatrimestre', '4to_cuatrimestre', 'facturacion_anual', 'facturacion_mensual']
WARNING 2025-04-29 22:09:27,979 transform Could not convert column facturado_2024 to numeric: The truth value of a Series is ambiguous. Use a.empty, a.bool(), a.item(), a.any() or a.all().
WARNING 2025-04-29 22:09:27,981 transform Could not convert column facturado_2024 to numeric: The truth value of a Series is ambiguous. Use a.empty, a.bool(), a.item(), a.any() or a.all().
WARNING 2025-04-29 22:09:27,983 transform Could not convert column facturado_2024 to numeric: The truth value of a Series is ambiguous. Use a.empty, a.bool(), a.item(), a.any() or a.all().
INFO 2025-04-29 22:09:27,995 transform Successfully loaded and parsed: ActivaGFINAL - Presupuesto 2,025.csv
INFO 2025-04-29 22:09:27,995 transform   Shape: (79, 12)
INFO 2025-04-29 22:09:27,995 transform   Columns: ['cliente', 'facturacion', 'presupuesto', 'facturado_2024', 'facturado_2024', 'facturado_2024', '1er_trimestre', '2do_cuatrimestre', '3er_cuatrimestre', '4to_cuatrimestre', 'facturacion_real', 'proyeccion']
INFO 2025-04-29 22:09:28,134 transform Successfully loaded and parsed: ActivaGFINAL - Profit & Loss.csv
INFO 2025-04-29 22:09:28,135 transform   Shape: (78, 15)
INFO 2025-04-29 22:09:28,135 transform   Columns: ['concepto', 'ENERO', 'FEBRERO', 'MARZO', 'ABRIL', 'MAYO', 'JUNIO', 'JULIO', 'AGOSTO', 'SEPTIEMBRE', 'OCTUBRE', 'NOVIEMBRE', 'DICIEMBRE', 'CONSOLIDADO', 'Unnamed: 14']
INFO 2025-04-29 22:09:28,135 transform Loaded 5 CSV files
INFO 2025-04-29 22:09:28,135 views Transforming and combining all data
INFO 2025-04-29 22:09:28,156 transform Added brand information to 4 clients
INFO 2025-04-29 22:09:28,161 transform Merged 11 columns from activagfinal_ingresos_anuales_mensuales_proy_2
INFO 2025-04-29 22:09:28,164 transform Merged 11 columns from activagfinal_presupuesto_2_025
INFO 2025-04-29 22:09:28,165 transform Saved financial summary data from activagfinal_profit_loss
INFO 2025-04-29 22:09:28,165 transform Created combined dataframe with 52 clients and 21 columns
INFO 2025-04-29 22:09:28,165 views Getting combined data as dictionary
INFO 2025-04-29 22:09:28,169 views Successfully processed and combined data
INFO 2025-04-29 22:09:28,183 views Initializing S3 connector
INFO 2025-04-29 22:09:28,187 utils Initialized S3Connector for bucket: activa-datalake
INFO 2025-04-29 22:09:28,513 utils Found 6 objects with prefix: raw-data-activa/
INFO 2025-04-29 22:09:28,611 transform Successfully loaded and parsed: ActivaGFINAL - CLIENTES MARCAS.csv
INFO 2025-04-29 22:09:28,612 transform   Shape: (74, 4)
INFO 2025-04-29 22:09:28,612 transform   Columns: ['cliente_marca', 'tipo_cliente', 'cliente_desde', 'rubro_negocios']
INFO 2025-04-29 22:09:28,706 transform Successfully loaded and parsed: ActivaGFINAL - Clientes AG 2.csv
INFO 2025-04-29 22:09:28,706 transform   Shape: (46, 2)
INFO 2025-04-29 22:09:28,706 transform   Columns: ['cliente', 'industria']
WARNING 2025-04-29 22:09:28,803 transform Could not convert column facturado_2024 to numeric: The truth value of a Series is ambiguous. Use a.empty, a.bool(), a.item(), a.any() or a.all().
WARNING 2025-04-29 22:09:28,804 transform Could not convert column facturado_2024 to numeric: The truth value of a Series is ambiguous. Use a.empty, a.bool(), a.item(), a.any() or a.all().
WARNING 2025-04-29 22:09:28,805 transform Could not convert column facturado_2024 to numeric: The truth value of a Series is ambiguous. Use a.empty, a.bool(), a.item(), a.any() or a.all().
INFO 2025-04-29 22:09:28,816 transform Successfully loaded and parsed: ActivaGFINAL - Ingresos Anuales-Mensuales Proy 2.csv
INFO 2025-04-29 22:09:28,816 transform   Shape: (77, 12)
INFO 2025-04-29 22:09:28,817 transform   Columns: ['cliente', 'facturacion', 'presupuesto', 'facturado_2024', 'facturado_2024', 'facturado_2024', '1er_trimestre', '2do_cuatrimestre', '3er_cuatrimestre', '4to_cuatrimestre', 'facturacion_anual', 'facturacion_mensual']
WARNING 2025-04-29 22:09:28,914 transform Could not convert column facturado_2024 to numeric: The truth value of a Series is ambiguous. Use a.empty, a.bool(), a.item(), a.any() or a.all().
WARNING 2025-04-29 22:09:28,916 transform Could not convert column facturado_2024 to numeric: The truth value of a Series is ambiguous. Use a.empty, a.bool(), a.item(), a.any() or a.all().
WARNING 2025-04-29 22:09:28,917 transform Could not convert column facturado_2024 to numeric: The truth value of a Series is ambiguous. Use a.empty, a.bool(), a.item(), a.any() or a.all().
INFO 2025-04-29 22:09:28,928 transform Successfully loaded and parsed: ActivaGFINAL - Presupuesto 2,025.csv
INFO 2025-04-29 22:09:28,929 transform   Shape: (79, 12)
INFO 2025-04-29 22:09:28,929 transform   Columns: ['cliente', 'facturacion', 'presupuesto', 'facturado_2024', 'facturado_2024', 'facturado_2024', '1er_trimestre', '2do_cuatrimestre', '3er_cuatrimestre', '4to_cuatrimestre', 'facturacion_real', 'proyeccion']
INFO 2025-04-29 22:09:29,044 transform Successfully loaded and parsed: ActivaGFINAL - Profit & Loss.csv
INFO 2025-04-29 22:09:29,044 transform   Shape: (78, 15)
INFO 2025-04-29 22:09:29,044 transform   Columns: ['concepto', 'ENERO', 'FEBRERO', 'MARZO', 'ABRIL', 'MAYO', 'JUNIO', 'JULIO', 'AGOSTO', 'SEPTIEMBRE', 'OCTUBRE', 'NOVIEMBRE', 'DICIEMBRE', 'CONSOLIDADO', 'Unnamed: 14']
INFO 2025-04-29 22:09:29,044 transform Loaded 5 CSV files
INFO 2025-04-29 22:09:29,052 transform Added brand information to 4 clients
INFO 2025-04-29 22:09:29,055 transform Merged 11 columns from activagfinal_ingresos_anuales_mensuales_proy_2
INFO 2025-04-29 22:09:29,059 transform Merged 11 columns from activagfinal_presupuesto_2_025
INFO 2025-04-29 22:09:29,059 transform Saved financial summary data from activagfinal_profit_loss
INFO 2025-04-29 22:09:29,060 transform Created combined dataframe with 52 clients and 21 columns
INFO 2025-04-29 22:12:58,903 views Initializing S3 connector
INFO 2025-04-29 22:12:58,924 utils Initialized S3Connector for bucket: activa-datalake
INFO 2025-04-29 22:12:59,226 utils Found 6 objects with prefix: raw-data-activa/
INFO 2025-04-29 22:12:59,343 transform Successfully loaded and parsed: ActivaGFINAL - CLIENTES MARCAS.csv
INFO 2025-04-29 22:12:59,343 transform   Shape: (74, 4)
INFO 2025-04-29 22:12:59,343 transform   Columns: ['cliente_marca', 'tipo_cliente', 'cliente_desde', 'rubro_negocios']
INFO 2025-04-29 22:12:59,431 transform Successfully loaded and parsed: ActivaGFINAL - Clientes AG 2.csv
INFO 2025-04-29 22:12:59,432 transform   Shape: (46, 2)
INFO 2025-04-29 22:12:59,432 transform   Columns: ['cliente', 'industria']
WARNING 2025-04-29 22:12:59,559 transform Could not convert column facturado_2024 to numeric: The truth value of a Series is ambiguous. Use a.empty, a.bool(), a.item(), a.any() or a.all().
WARNING 2025-04-29 22:12:59,560 transform Could not convert column facturado_2024 to numeric: The truth value of a Series is ambiguous. Use a.empty, a.bool(), a.item(), a.any() or a.all().
WARNING 2025-04-29 22:12:59,561 transform Could not convert column facturado_2024 to numeric: The truth value of a Series is ambiguous. Use a.empty, a.bool(), a.item(), a.any() or a.all().
INFO 2025-04-29 22:12:59,571 transform Successfully loaded and parsed: ActivaGFINAL - Ingresos Anuales-Mensuales Proy 2.csv
INFO 2025-04-29 22:12:59,571 transform   Shape: (77, 12)
INFO 2025-04-29 22:12:59,571 transform   Columns: ['cliente', 'facturacion', 'presupuesto', 'facturado_2024', 'facturado_2024', 'facturado_2024', '1er_trimestre', '2do_cuatrimestre', '3er_cuatrimestre', '4to_cuatrimestre', 'facturacion_anual', 'facturacion_mensual']
WARNING 2025-04-29 22:12:59,666 transform Could not convert column facturado_2024 to numeric: The truth value of a Series is ambiguous. Use a.empty, a.bool(), a.item(), a.any() or a.all().
WARNING 2025-04-29 22:12:59,668 transform Could not convert column facturado_2024 to numeric: The truth value of a Series is ambiguous. Use a.empty, a.bool(), a.item(), a.any() or a.all().
WARNING 2025-04-29 22:12:59,669 transform Could not convert column facturado_2024 to numeric: The truth value of a Series is ambiguous. Use a.empty, a.bool(), a.item(), a.any() or a.all().
INFO 2025-04-29 22:12:59,680 transform Successfully loaded and parsed: ActivaGFINAL - Presupuesto 2,025.csv
INFO 2025-04-29 22:12:59,680 transform   Shape: (79, 12)
INFO 2025-04-29 22:12:59,680 transform   Columns: ['cliente', 'facturacion', 'presupuesto', 'facturado_2024', 'facturado_2024', 'facturado_2024', '1er_trimestre', '2do_cuatrimestre', '3er_cuatrimestre', '4to_cuatrimestre', 'facturacion_real', 'proyeccion']
INFO 2025-04-29 22:12:59,789 transform Successfully loaded and parsed: ActivaGFINAL - Profit & Loss.csv
INFO 2025-04-29 22:12:59,789 transform   Shape: (78, 15)
INFO 2025-04-29 22:12:59,789 transform   Columns: ['concepto', 'ENERO', 'FEBRERO', 'MARZO', 'ABRIL', 'MAYO', 'JUNIO', 'JULIO', 'AGOSTO', 'SEPTIEMBRE', 'OCTUBRE', 'NOVIEMBRE', 'DICIEMBRE', 'CONSOLIDADO', 'Unnamed: 14']
INFO 2025-04-29 22:12:59,789 transform Loaded 5 CSV files
INFO 2025-04-29 22:12:59,804 views Initializing S3 connector
INFO 2025-04-29 22:12:59,809 utils Initialized S3Connector for bucket: activa-datalake
INFO 2025-04-29 22:12:59,809 views Initializing custom data transformer
INFO 2025-04-29 22:12:59,809 views Loading and parsing CSV files from S3
INFO 2025-04-29 22:13:00,075 utils Found 6 objects with prefix: raw-data-activa/
INFO 2025-04-29 22:13:00,166 transform Successfully loaded and parsed: ActivaGFINAL - CLIENTES MARCAS.csv
INFO 2025-04-29 22:13:00,167 transform   Shape: (74, 4)
INFO 2025-04-29 22:13:00,167 transform   Columns: ['cliente_marca', 'tipo_cliente', 'cliente_desde', 'rubro_negocios']
INFO 2025-04-29 22:13:00,254 transform Successfully loaded and parsed: ActivaGFINAL - Clientes AG 2.csv
INFO 2025-04-29 22:13:00,255 transform   Shape: (46, 2)
INFO 2025-04-29 22:13:00,255 transform   Columns: ['cliente', 'industria']
WARNING 2025-04-29 22:13:00,344 transform Could not convert column facturado_2024 to numeric: The truth value of a Series is ambiguous. Use a.empty, a.bool(), a.item(), a.any() or a.all().
WARNING 2025-04-29 22:13:00,345 transform Could not convert column facturado_2024 to numeric: The truth value of a Series is ambiguous. Use a.empty, a.bool(), a.item(), a.any() or a.all().
WARNING 2025-04-29 22:13:00,345 transform Could not convert column facturado_2024 to numeric: The truth value of a Series is ambiguous. Use a.empty, a.bool(), a.item(), a.any() or a.all().
INFO 2025-04-29 22:13:00,354 transform Successfully loaded and parsed: ActivaGFINAL - Ingresos Anuales-Mensuales Proy 2.csv
INFO 2025-04-29 22:13:00,354 transform   Shape: (77, 12)
INFO 2025-04-29 22:13:00,355 transform   Columns: ['cliente', 'facturacion', 'presupuesto', 'facturado_2024', 'facturado_2024', 'facturado_2024', '1er_trimestre', '2do_cuatrimestre', '3er_cuatrimestre', '4to_cuatrimestre', 'facturacion_anual', 'facturacion_mensual']
WARNING 2025-04-29 22:13:00,441 transform Could not convert column facturado_2024 to numeric: The truth value of a Series is ambiguous. Use a.empty, a.bool(), a.item(), a.any() or a.all().
WARNING 2025-04-29 22:13:00,442 transform Could not convert column facturado_2024 to numeric: The truth value of a Series is ambiguous. Use a.empty, a.bool(), a.item(), a.any() or a.all().
WARNING 2025-04-29 22:13:00,442 transform Could not convert column facturado_2024 to numeric: The truth value of a Series is ambiguous. Use a.empty, a.bool(), a.item(), a.any() or a.all().
INFO 2025-04-29 22:13:00,451 transform Successfully loaded and parsed: ActivaGFINAL - Presupuesto 2,025.csv
INFO 2025-04-29 22:13:00,452 transform   Shape: (79, 12)
INFO 2025-04-29 22:13:00,452 transform   Columns: ['cliente', 'facturacion', 'presupuesto', 'facturado_2024', 'facturado_2024', 'facturado_2024', '1er_trimestre', '2do_cuatrimestre', '3er_cuatrimestre', '4to_cuatrimestre', 'facturacion_real', 'proyeccion']
INFO 2025-04-29 22:13:00,557 transform Successfully loaded and parsed: ActivaGFINAL - Profit & Loss.csv
INFO 2025-04-29 22:13:00,557 transform   Shape: (78, 15)
INFO 2025-04-29 22:13:00,557 transform   Columns: ['concepto', 'ENERO', 'FEBRERO', 'MARZO', 'ABRIL', 'MAYO', 'JUNIO', 'JULIO', 'AGOSTO', 'SEPTIEMBRE', 'OCTUBRE', 'NOVIEMBRE', 'DICIEMBRE', 'CONSOLIDADO', 'Unnamed: 14']
INFO 2025-04-29 22:13:00,557 transform Loaded 5 CSV files
INFO 2025-04-29 22:13:00,557 views Transforming and combining all data
INFO 2025-04-29 22:13:00,564 transform Added brand information to 4 clients
INFO 2025-04-29 22:13:00,566 transform Merged 11 columns from activagfinal_ingresos_anuales_mensuales_proy_2
INFO 2025-04-29 22:13:00,568 transform Merged 11 columns from activagfinal_presupuesto_2_025
INFO 2025-04-29 22:13:00,568 transform Saved financial summary data from activagfinal_profit_loss
INFO 2025-04-29 22:13:00,568 transform Created combined dataframe with 52 clients and 21 columns
INFO 2025-04-29 22:13:00,568 views Getting combined data as dictionary
INFO 2025-04-29 22:13:00,572 views Successfully processed and combined data
INFO 2025-04-29 22:13:00,584 views Initializing S3 connector
INFO 2025-04-29 22:13:00,588 utils Initialized S3Connector for bucket: activa-datalake
INFO 2025-04-29 22:13:00,841 utils Found 6 objects with prefix: raw-data-activa/
INFO 2025-04-29 22:13:00,929 transform Successfully loaded and parsed: ActivaGFINAL - CLIENTES MARCAS.csv
INFO 2025-04-29 22:13:00,929 transform   Shape: (74, 4)
INFO 2025-04-29 22:13:00,929 transform   Columns: ['cliente_marca', 'tipo_cliente', 'cliente_desde', 'rubro_negocios']
INFO 2025-04-29 22:13:01,031 transform Successfully loaded and parsed: ActivaGFINAL - Clientes AG 2.csv
INFO 2025-04-29 22:13:01,031 transform   Shape: (46, 2)
INFO 2025-04-29 22:13:01,031 transform   Columns: ['cliente', 'industria']
WARNING 2025-04-29 22:13:01,125 transform Could not convert column facturado_2024 to numeric: The truth value of a Series is ambiguous. Use a.empty, a.bool(), a.item(), a.any() or a.all().
WARNING 2025-04-29 22:13:01,126 transform Could not convert column facturado_2024 to numeric: The truth value of a Series is ambiguous. Use a.empty, a.bool(), a.item(), a.any() or a.all().
WARNING 2025-04-29 22:13:01,127 transform Could not convert column facturado_2024 to numeric: The truth value of a Series is ambiguous. Use a.empty, a.bool(), a.item(), a.any() or a.all().
INFO 2025-04-29 22:13:01,140 transform Successfully loaded and parsed: ActivaGFINAL - Ingresos Anuales-Mensuales Proy 2.csv
INFO 2025-04-29 22:13:01,141 transform   Shape: (77, 12)
INFO 2025-04-29 22:13:01,141 transform   Columns: ['cliente', 'facturacion', 'presupuesto', 'facturado_2024', 'facturado_2024', 'facturado_2024', '1er_trimestre', '2do_cuatrimestre', '3er_cuatrimestre', '4to_cuatrimestre', 'facturacion_anual', 'facturacion_mensual']
WARNING 2025-04-29 22:13:01,244 transform Could not convert column facturado_2024 to numeric: The truth value of a Series is ambiguous. Use a.empty, a.bool(), a.item(), a.any() or a.all().
WARNING 2025-04-29 22:13:01,248 transform Could not convert column facturado_2024 to numeric: The truth value of a Series is ambiguous. Use a.empty, a.bool(), a.item(), a.any() or a.all().
WARNING 2025-04-29 22:13:01,250 transform Could not convert column facturado_2024 to numeric: The truth value of a Series is ambiguous. Use a.empty, a.bool(), a.item(), a.any() or a.all().
INFO 2025-04-29 22:13:01,279 transform Successfully loaded and parsed: ActivaGFINAL - Presupuesto 2,025.csv
INFO 2025-04-29 22:13:01,280 transform   Shape: (79, 12)
INFO 2025-04-29 22:13:01,281 transform   Columns: ['cliente', 'facturacion', 'presupuesto', 'facturado_2024', 'facturado_2024', 'facturado_2024', '1er_trimestre', '2do_cuatrimestre', '3er_cuatrimestre', '4to_cuatrimestre', 'facturacion_real', 'proyeccion']
INFO 2025-04-29 22:13:01,381 transform Successfully loaded and parsed: ActivaGFINAL - Profit & Loss.csv
INFO 2025-04-29 22:13:01,381 transform   Shape: (78, 15)
INFO 2025-04-29 22:13:01,381 transform   Columns: ['concepto', 'ENERO', 'FEBRERO', 'MARZO', 'ABRIL', 'MAYO', 'JUNIO', 'JULIO', 'AGOSTO', 'SEPTIEMBRE', 'OCTUBRE', 'NOVIEMBRE', 'DICIEMBRE', 'CONSOLIDADO', 'Unnamed: 14']
INFO 2025-04-29 22:13:01,381 transform Loaded 5 CSV files
INFO 2025-04-29 22:13:01,386 transform Added brand information to 4 clients
INFO 2025-04-29 22:13:01,388 transform Merged 11 columns from activagfinal_ingresos_anuales_mensuales_proy_2
INFO 2025-04-29 22:13:01,390 transform Merged 11 columns from activagfinal_presupuesto_2_025
INFO 2025-04-29 22:13:01,390 transform Saved financial summary data from activagfinal_profit_loss
INFO 2025-04-29 22:13:01,390 transform Created combined dataframe with 52 clients and 21 columns
INFO 2025-04-30 02:58:37,662 views Initializing S3 connector
INFO 2025-04-30 02:58:37,961 utils Initialized S3Connector for bucket: activa-datalake
INFO 2025-04-30 02:58:38,594 utils Found 6 objects with prefix: raw-data-activa/
INFO 2025-04-30 02:58:38,745 transform Successfully loaded and parsed: ActivaGFINAL - CLIENTES MARCAS.csv
INFO 2025-04-30 02:58:38,745 transform   Shape: (74, 4)
INFO 2025-04-30 02:58:38,746 transform   Columns: ['cliente_marca', 'tipo_cliente', 'cliente_desde', 'rubro_negocios']
INFO 2025-04-30 02:58:38,827 transform Successfully loaded and parsed: ActivaGFINAL - Clientes AG 2.csv
INFO 2025-04-30 02:58:38,827 transform   Shape: (46, 2)
INFO 2025-04-30 02:58:38,827 transform   Columns: ['cliente', 'industria']
WARNING 2025-04-30 02:58:38,945 transform Could not convert column facturado_2024 to numeric: The truth value of a Series is ambiguous. Use a.empty, a.bool(), a.item(), a.any() or a.all().
WARNING 2025-04-30 02:58:38,946 transform Could not convert column facturado_2024 to numeric: The truth value of a Series is ambiguous. Use a.empty, a.bool(), a.item(), a.any() or a.all().
WARNING 2025-04-30 02:58:38,947 transform Could not convert column facturado_2024 to numeric: The truth value of a Series is ambiguous. Use a.empty, a.bool(), a.item(), a.any() or a.all().
INFO 2025-04-30 02:58:38,954 transform Successfully loaded and parsed: ActivaGFINAL - Ingresos Anuales-Mensuales Proy 2.csv
INFO 2025-04-30 02:58:38,954 transform   Shape: (77, 12)
INFO 2025-04-30 02:58:38,954 transform   Columns: ['cliente', 'facturacion', 'presupuesto', 'facturado_2024', 'facturado_2024', 'facturado_2024', '1er_trimestre', '2do_cuatrimestre', '3er_cuatrimestre', '4to_cuatrimestre', 'facturacion_anual', 'facturacion_mensual']
WARNING 2025-04-30 02:58:39,117 transform Could not convert column facturado_2024 to numeric: The truth value of a Series is ambiguous. Use a.empty, a.bool(), a.item(), a.any() or a.all().
WARNING 2025-04-30 02:58:39,118 transform Could not convert column facturado_2024 to numeric: The truth value of a Series is ambiguous. Use a.empty, a.bool(), a.item(), a.any() or a.all().
WARNING 2025-04-30 02:58:39,119 transform Could not convert column facturado_2024 to numeric: The truth value of a Series is ambiguous. Use a.empty, a.bool(), a.item(), a.any() or a.all().
INFO 2025-04-30 02:58:39,131 transform Successfully loaded and parsed: ActivaGFINAL - Presupuesto 2,025.csv
INFO 2025-04-30 02:58:39,131 transform   Shape: (79, 12)
INFO 2025-04-30 02:58:39,131 transform   Columns: ['cliente', 'facturacion', 'presupuesto', 'facturado_2024', 'facturado_2024', 'facturado_2024', '1er_trimestre', '2do_cuatrimestre', '3er_cuatrimestre', '4to_cuatrimestre', 'facturacion_real', 'proyeccion']
INFO 2025-04-30 02:58:39,275 transform Successfully loaded and parsed: ActivaGFINAL - Profit & Loss.csv
INFO 2025-04-30 02:58:39,277 transform   Shape: (78, 15)
INFO 2025-04-30 02:58:39,277 transform   Columns: ['concepto', 'ENERO', 'FEBRERO', 'MARZO', 'ABRIL', 'MAYO', 'JUNIO', 'JULIO', 'AGOSTO', 'SEPTIEMBRE', 'OCTUBRE', 'NOVIEMBRE', 'DICIEMBRE', 'CONSOLIDADO', 'Unnamed: 14']
INFO 2025-04-30 02:58:39,277 transform Loaded 5 CSV files
INFO 2025-04-30 02:58:39,294 views Initializing S3 connector
INFO 2025-04-30 02:58:39,300 utils Initialized S3Connector for bucket: activa-datalake
INFO 2025-04-30 02:58:39,300 views Initializing custom data transformer
INFO 2025-04-30 02:58:39,300 views Loading and parsing CSV files from S3
INFO 2025-04-30 02:58:39,536 utils Found 6 objects with prefix: raw-data-activa/
INFO 2025-04-30 02:58:39,620 transform Successfully loaded and parsed: ActivaGFINAL - CLIENTES MARCAS.csv
INFO 2025-04-30 02:58:39,620 transform   Shape: (74, 4)
INFO 2025-04-30 02:58:39,620 transform   Columns: ['cliente_marca', 'tipo_cliente', 'cliente_desde', 'rubro_negocios']
INFO 2025-04-30 02:58:39,736 transform Successfully loaded and parsed: ActivaGFINAL - Clientes AG 2.csv
INFO 2025-04-30 02:58:39,737 transform   Shape: (46, 2)
INFO 2025-04-30 02:58:39,737 transform   Columns: ['cliente', 'industria']
WARNING 2025-04-30 02:58:39,823 transform Could not convert column facturado_2024 to numeric: The truth value of a Series is ambiguous. Use a.empty, a.bool(), a.item(), a.any() or a.all().
WARNING 2025-04-30 02:58:39,824 transform Could not convert column facturado_2024 to numeric: The truth value of a Series is ambiguous. Use a.empty, a.bool(), a.item(), a.any() or a.all().
WARNING 2025-04-30 02:58:39,825 transform Could not convert column facturado_2024 to numeric: The truth value of a Series is ambiguous. Use a.empty, a.bool(), a.item(), a.any() or a.all().
INFO 2025-04-30 02:58:39,836 transform Successfully loaded and parsed: ActivaGFINAL - Ingresos Anuales-Mensuales Proy 2.csv
INFO 2025-04-30 02:58:39,836 transform   Shape: (77, 12)
INFO 2025-04-30 02:58:39,837 transform   Columns: ['cliente', 'facturacion', 'presupuesto', 'facturado_2024', 'facturado_2024', 'facturado_2024', '1er_trimestre', '2do_cuatrimestre', '3er_cuatrimestre', '4to_cuatrimestre', 'facturacion_anual', 'facturacion_mensual']
WARNING 2025-04-30 02:58:39,948 transform Could not convert column facturado_2024 to numeric: The truth value of a Series is ambiguous. Use a.empty, a.bool(), a.item(), a.any() or a.all().
WARNING 2025-04-30 02:58:39,949 transform Could not convert column facturado_2024 to numeric: The truth value of a Series is ambiguous. Use a.empty, a.bool(), a.item(), a.any() or a.all().
WARNING 2025-04-30 02:58:39,950 transform Could not convert column facturado_2024 to numeric: The truth value of a Series is ambiguous. Use a.empty, a.bool(), a.item(), a.any() or a.all().
INFO 2025-04-30 02:58:39,960 transform Successfully loaded and parsed: ActivaGFINAL - Presupuesto 2,025.csv
INFO 2025-04-30 02:58:39,960 transform   Shape: (79, 12)
INFO 2025-04-30 02:58:39,960 transform   Columns: ['cliente', 'facturacion', 'presupuesto', 'facturado_2024', 'facturado_2024', 'facturado_2024', '1er_trimestre', '2do_cuatrimestre', '3er_cuatrimestre', '4to_cuatrimestre', 'facturacion_real', 'proyeccion']
INFO 2025-04-30 02:58:40,072 transform Successfully loaded and parsed: ActivaGFINAL - Profit & Loss.csv
INFO 2025-04-30 02:58:40,072 transform   Shape: (78, 15)
INFO 2025-04-30 02:58:40,072 transform   Columns: ['concepto', 'ENERO', 'FEBRERO', 'MARZO', 'ABRIL', 'MAYO', 'JUNIO', 'JULIO', 'AGOSTO', 'SEPTIEMBRE', 'OCTUBRE', 'NOVIEMBRE', 'DICIEMBRE', 'CONSOLIDADO', 'Unnamed: 14']
INFO 2025-04-30 02:58:40,072 transform Loaded 5 CSV files
INFO 2025-04-30 02:58:40,072 views Transforming and combining all data
INFO 2025-04-30 02:58:40,085 transform Added brand information to 4 clients
INFO 2025-04-30 02:58:40,088 transform Merged 11 columns from activagfinal_ingresos_anuales_mensuales_proy_2
INFO 2025-04-30 02:58:40,091 transform Merged 11 columns from activagfinal_presupuesto_2_025
INFO 2025-04-30 02:58:40,091 transform Saved financial summary data from activagfinal_profit_loss
INFO 2025-04-30 02:58:40,091 transform Created combined dataframe with 52 clients and 21 columns
INFO 2025-04-30 02:58:40,091 views Getting combined data as dictionary
INFO 2025-04-30 02:58:40,096 views Successfully processed and combined data
INFO 2025-04-30 02:58:40,104 views Initializing S3 connector
INFO 2025-04-30 02:58:40,109 utils Initialized S3Connector for bucket: activa-datalake
INFO 2025-04-30 02:58:40,336 utils Found 6 objects with prefix: raw-data-activa/
INFO 2025-04-30 02:58:40,419 transform Successfully loaded and parsed: ActivaGFINAL - CLIENTES MARCAS.csv
INFO 2025-04-30 02:58:40,419 transform   Shape: (74, 4)
INFO 2025-04-30 02:58:40,419 transform   Columns: ['cliente_marca', 'tipo_cliente', 'cliente_desde', 'rubro_negocios']
INFO 2025-04-30 02:58:40,502 transform Successfully loaded and parsed: ActivaGFINAL - Clientes AG 2.csv
INFO 2025-04-30 02:58:40,502 transform   Shape: (46, 2)
INFO 2025-04-30 02:58:40,503 transform   Columns: ['cliente', 'industria']
WARNING 2025-04-30 02:58:40,603 transform Could not convert column facturado_2024 to numeric: The truth value of a Series is ambiguous. Use a.empty, a.bool(), a.item(), a.any() or a.all().
WARNING 2025-04-30 02:58:40,604 transform Could not convert column facturado_2024 to numeric: The truth value of a Series is ambiguous. Use a.empty, a.bool(), a.item(), a.any() or a.all().
WARNING 2025-04-30 02:58:40,605 transform Could not convert column facturado_2024 to numeric: The truth value of a Series is ambiguous. Use a.empty, a.bool(), a.item(), a.any() or a.all().
INFO 2025-04-30 02:58:40,614 transform Successfully loaded and parsed: ActivaGFINAL - Ingresos Anuales-Mensuales Proy 2.csv
INFO 2025-04-30 02:58:40,615 transform   Shape: (77, 12)
INFO 2025-04-30 02:58:40,615 transform   Columns: ['cliente', 'facturacion', 'presupuesto', 'facturado_2024', 'facturado_2024', 'facturado_2024', '1er_trimestre', '2do_cuatrimestre', '3er_cuatrimestre', '4to_cuatrimestre', 'facturacion_anual', 'facturacion_mensual']
WARNING 2025-04-30 02:58:40,694 transform Could not convert column facturado_2024 to numeric: The truth value of a Series is ambiguous. Use a.empty, a.bool(), a.item(), a.any() or a.all().
WARNING 2025-04-30 02:58:40,694 transform Could not convert column facturado_2024 to numeric: The truth value of a Series is ambiguous. Use a.empty, a.bool(), a.item(), a.any() or a.all().
WARNING 2025-04-30 02:58:40,695 transform Could not convert column facturado_2024 to numeric: The truth value of a Series is ambiguous. Use a.empty, a.bool(), a.item(), a.any() or a.all().
INFO 2025-04-30 02:58:40,703 transform Successfully loaded and parsed: ActivaGFINAL - Presupuesto 2,025.csv
INFO 2025-04-30 02:58:40,704 transform   Shape: (79, 12)
INFO 2025-04-30 02:58:40,704 transform   Columns: ['cliente', 'facturacion', 'presupuesto', 'facturado_2024', 'facturado_2024', 'facturado_2024', '1er_trimestre', '2do_cuatrimestre', '3er_cuatrimestre', '4to_cuatrimestre', 'facturacion_real', 'proyeccion']
INFO 2025-04-30 02:58:40,801 transform Successfully loaded and parsed: ActivaGFINAL - Profit & Loss.csv
INFO 2025-04-30 02:58:40,801 transform   Shape: (78, 15)
INFO 2025-04-30 02:58:40,801 transform   Columns: ['concepto', 'ENERO', 'FEBRERO', 'MARZO', 'ABRIL', 'MAYO', 'JUNIO', 'JULIO', 'AGOSTO', 'SEPTIEMBRE', 'OCTUBRE', 'NOVIEMBRE', 'DICIEMBRE', 'CONSOLIDADO', 'Unnamed: 14']
INFO 2025-04-30 02:58:40,801 transform Loaded 5 CSV files
INFO 2025-04-30 02:58:40,805 transform Added brand information to 4 clients
INFO 2025-04-30 02:58:40,808 transform Merged 11 columns from activagfinal_ingresos_anuales_mensuales_proy_2
INFO 2025-04-30 02:58:40,811 transform Merged 11 columns from activagfinal_presupuesto_2_025
INFO 2025-04-30 02:58:40,812 transform Saved financial summary data from activagfinal_profit_loss
INFO 2025-04-30 02:58:40,812 transform Created combined dataframe with 52 clients and 21 columns
INFO 2025-04-30 03:40:19,050 views Initializing S3 connector
INFO 2025-04-30 03:40:19,137 utils Initialized S3Connector for bucket: activa-datalake
INFO 2025-04-30 03:40:19,492 utils Found 6 objects with prefix: raw-data-activa/
INFO 2025-04-30 03:40:19,633 transform Successfully loaded and parsed: ActivaGFINAL - CLIENTES MARCAS.csv
INFO 2025-04-30 03:40:19,634 transform   Shape: (74, 4)
INFO 2025-04-30 03:40:19,634 transform   Columns: ['cliente_marca', 'tipo_cliente', 'cliente_desde', 'rubro_negocios']
INFO 2025-04-30 03:40:19,716 transform Successfully loaded and parsed: ActivaGFINAL - Clientes AG 2.csv
INFO 2025-04-30 03:40:19,716 transform   Shape: (46, 2)
INFO 2025-04-30 03:40:19,716 transform   Columns: ['cliente', 'industria']
WARNING 2025-04-30 03:40:19,822 transform Could not convert column facturado_2024 to numeric: The truth value of a Series is ambiguous. Use a.empty, a.bool(), a.item(), a.any() or a.all().
WARNING 2025-04-30 03:40:19,823 transform Could not convert column facturado_2024 to numeric: The truth value of a Series is ambiguous. Use a.empty, a.bool(), a.item(), a.any() or a.all().
WARNING 2025-04-30 03:40:19,823 transform Could not convert column facturado_2024 to numeric: The truth value of a Series is ambiguous. Use a.empty, a.bool(), a.item(), a.any() or a.all().
INFO 2025-04-30 03:40:19,828 transform Successfully loaded and parsed: ActivaGFINAL - Ingresos Anuales-Mensuales Proy 2.csv
INFO 2025-04-30 03:40:19,829 transform   Shape: (77, 12)
INFO 2025-04-30 03:40:19,829 transform   Columns: ['cliente', 'facturacion', 'presupuesto', 'facturado_2024', 'facturado_2024', 'facturado_2024', '1er_trimestre', '2do_cuatrimestre', '3er_cuatrimestre', '4to_cuatrimestre', 'facturacion_anual', 'facturacion_mensual']
WARNING 2025-04-30 03:40:19,933 transform Could not convert column facturado_2024 to numeric: The truth value of a Series is ambiguous. Use a.empty, a.bool(), a.item(), a.any() or a.all().
WARNING 2025-04-30 03:40:19,934 transform Could not convert column facturado_2024 to numeric: The truth value of a Series is ambiguous. Use a.empty, a.bool(), a.item(), a.any() or a.all().
WARNING 2025-04-30 03:40:19,935 transform Could not convert column facturado_2024 to numeric: The truth value of a Series is ambiguous. Use a.empty, a.bool(), a.item(), a.any() or a.all().
INFO 2025-04-30 03:40:19,942 transform Successfully loaded and parsed: ActivaGFINAL - Presupuesto 2,025.csv
INFO 2025-04-30 03:40:19,942 transform   Shape: (79, 12)
INFO 2025-04-30 03:40:19,943 transform   Columns: ['cliente', 'facturacion', 'presupuesto', 'facturado_2024', 'facturado_2024', 'facturado_2024', '1er_trimestre', '2do_cuatrimestre', '3er_cuatrimestre', '4to_cuatrimestre', 'facturacion_real', 'proyeccion']
INFO 2025-04-30 03:40:20,059 transform Successfully loaded and parsed: ActivaGFINAL - Profit & Loss.csv
INFO 2025-04-30 03:40:20,059 transform   Shape: (78, 15)
INFO 2025-04-30 03:40:20,059 transform   Columns: ['concepto', 'ENERO', 'FEBRERO', 'MARZO', 'ABRIL', 'MAYO', 'JUNIO', 'JULIO', 'AGOSTO', 'SEPTIEMBRE', 'OCTUBRE', 'NOVIEMBRE', 'DICIEMBRE', 'CONSOLIDADO', 'Unnamed: 14']
INFO 2025-04-30 03:40:20,059 transform Loaded 5 CSV files
INFO 2025-04-30 03:40:20,078 views Initializing S3 connector
INFO 2025-04-30 03:40:20,088 utils Initialized S3Connector for bucket: activa-datalake
INFO 2025-04-30 03:40:20,088 views Initializing custom data transformer
INFO 2025-04-30 03:40:20,088 views Loading and parsing CSV files from S3
INFO 2025-04-30 03:40:20,316 utils Found 6 objects with prefix: raw-data-activa/
INFO 2025-04-30 03:40:20,398 transform Successfully loaded and parsed: ActivaGFINAL - CLIENTES MARCAS.csv
INFO 2025-04-30 03:40:20,399 transform   Shape: (74, 4)
INFO 2025-04-30 03:40:20,399 transform   Columns: ['cliente_marca', 'tipo_cliente', 'cliente_desde', 'rubro_negocios']
INFO 2025-04-30 03:40:20,478 transform Successfully loaded and parsed: ActivaGFINAL - Clientes AG 2.csv
INFO 2025-04-30 03:40:20,478 transform   Shape: (46, 2)
INFO 2025-04-30 03:40:20,479 transform   Columns: ['cliente', 'industria']
WARNING 2025-04-30 03:40:20,567 transform Could not convert column facturado_2024 to numeric: The truth value of a Series is ambiguous. Use a.empty, a.bool(), a.item(), a.any() or a.all().
WARNING 2025-04-30 03:40:20,568 transform Could not convert column facturado_2024 to numeric: The truth value of a Series is ambiguous. Use a.empty, a.bool(), a.item(), a.any() or a.all().
WARNING 2025-04-30 03:40:20,569 transform Could not convert column facturado_2024 to numeric: The truth value of a Series is ambiguous. Use a.empty, a.bool(), a.item(), a.any() or a.all().
INFO 2025-04-30 03:40:20,579 transform Successfully loaded and parsed: ActivaGFINAL - Ingresos Anuales-Mensuales Proy 2.csv
INFO 2025-04-30 03:40:20,579 transform   Shape: (77, 12)
INFO 2025-04-30 03:40:20,579 transform   Columns: ['cliente', 'facturacion', 'presupuesto', 'facturado_2024', 'facturado_2024', 'facturado_2024', '1er_trimestre', '2do_cuatrimestre', '3er_cuatrimestre', '4to_cuatrimestre', 'facturacion_anual', 'facturacion_mensual']
WARNING 2025-04-30 03:40:20,681 transform Could not convert column facturado_2024 to numeric: The truth value of a Series is ambiguous. Use a.empty, a.bool(), a.item(), a.any() or a.all().
WARNING 2025-04-30 03:40:20,682 transform Could not convert column facturado_2024 to numeric: The truth value of a Series is ambiguous. Use a.empty, a.bool(), a.item(), a.any() or a.all().
WARNING 2025-04-30 03:40:20,683 transform Could not convert column facturado_2024 to numeric: The truth value of a Series is ambiguous. Use a.empty, a.bool(), a.item(), a.any() or a.all().
INFO 2025-04-30 03:40:20,693 transform Successfully loaded and parsed: ActivaGFINAL - Presupuesto 2,025.csv
INFO 2025-04-30 03:40:20,693 transform   Shape: (79, 12)
INFO 2025-04-30 03:40:20,693 transform   Columns: ['cliente', 'facturacion', 'presupuesto', 'facturado_2024', 'facturado_2024', 'facturado_2024', '1er_trimestre', '2do_cuatrimestre', '3er_cuatrimestre', '4to_cuatrimestre', 'facturacion_real', 'proyeccion']
INFO 2025-04-30 03:40:20,792 transform Successfully loaded and parsed: ActivaGFINAL - Profit & Loss.csv
INFO 2025-04-30 03:40:20,792 transform   Shape: (78, 15)
INFO 2025-04-30 03:40:20,792 transform   Columns: ['concepto', 'ENERO', 'FEBRERO', 'MARZO', 'ABRIL', 'MAYO', 'JUNIO', 'JULIO', 'AGOSTO', 'SEPTIEMBRE', 'OCTUBRE', 'NOVIEMBRE', 'DICIEMBRE', 'CONSOLIDADO', 'Unnamed: 14']
INFO 2025-04-30 03:40:20,792 transform Loaded 5 CSV files
INFO 2025-04-30 03:40:20,792 views Transforming and combining all data
INFO 2025-04-30 03:40:20,813 transform Added brand information to 4 clients
INFO 2025-04-30 03:40:20,818 transform Merged 11 columns from activagfinal_ingresos_anuales_mensuales_proy_2
INFO 2025-04-30 03:40:20,820 transform Merged 11 columns from activagfinal_presupuesto_2_025
INFO 2025-04-30 03:40:20,821 transform Saved financial summary data from activagfinal_profit_loss
INFO 2025-04-30 03:40:20,821 transform Created combined dataframe with 52 clients and 21 columns
INFO 2025-04-30 03:40:20,821 views Getting combined data as dictionary
INFO 2025-04-30 03:40:20,826 views Successfully processed and combined data
INFO 2025-04-30 03:40:20,833 views Initializing S3 connector
INFO 2025-04-30 03:40:20,839 utils Initialized S3Connector for bucket: activa-datalake
INFO 2025-04-30 03:40:21,081 utils Found 6 objects with prefix: raw-data-activa/
INFO 2025-04-30 03:40:21,179 transform Successfully loaded and parsed: ActivaGFINAL - CLIENTES MARCAS.csv
INFO 2025-04-30 03:40:21,180 transform   Shape: (74, 4)
INFO 2025-04-30 03:40:21,180 transform   Columns: ['cliente_marca', 'tipo_cliente', 'cliente_desde', 'rubro_negocios']
INFO 2025-04-30 03:40:21,309 transform Successfully loaded and parsed: ActivaGFINAL - Clientes AG 2.csv
INFO 2025-04-30 03:40:21,310 transform   Shape: (46, 2)
INFO 2025-04-30 03:40:21,310 transform   Columns: ['cliente', 'industria']
WARNING 2025-04-30 03:40:21,399 transform Could not convert column facturado_2024 to numeric: The truth value of a Series is ambiguous. Use a.empty, a.bool(), a.item(), a.any() or a.all().
WARNING 2025-04-30 03:40:21,400 transform Could not convert column facturado_2024 to numeric: The truth value of a Series is ambiguous. Use a.empty, a.bool(), a.item(), a.any() or a.all().
WARNING 2025-04-30 03:40:21,400 transform Could not convert column facturado_2024 to numeric: The truth value of a Series is ambiguous. Use a.empty, a.bool(), a.item(), a.any() or a.all().
INFO 2025-04-30 03:40:21,410 transform Successfully loaded and parsed: ActivaGFINAL - Ingresos Anuales-Mensuales Proy 2.csv
INFO 2025-04-30 03:40:21,410 transform   Shape: (77, 12)
INFO 2025-04-30 03:40:21,410 transform   Columns: ['cliente', 'facturacion', 'presupuesto', 'facturado_2024', 'facturado_2024', 'facturado_2024', '1er_trimestre', '2do_cuatrimestre', '3er_cuatrimestre', '4to_cuatrimestre', 'facturacion_anual', 'facturacion_mensual']
WARNING 2025-04-30 03:40:21,496 transform Could not convert column facturado_2024 to numeric: The truth value of a Series is ambiguous. Use a.empty, a.bool(), a.item(), a.any() or a.all().
WARNING 2025-04-30 03:40:21,497 transform Could not convert column facturado_2024 to numeric: The truth value of a Series is ambiguous. Use a.empty, a.bool(), a.item(), a.any() or a.all().
WARNING 2025-04-30 03:40:21,498 transform Could not convert column facturado_2024 to numeric: The truth value of a Series is ambiguous. Use a.empty, a.bool(), a.item(), a.any() or a.all().
INFO 2025-04-30 03:40:21,510 transform Successfully loaded and parsed: ActivaGFINAL - Presupuesto 2,025.csv
INFO 2025-04-30 03:40:21,510 transform   Shape: (79, 12)
INFO 2025-04-30 03:40:21,510 transform   Columns: ['cliente', 'facturacion', 'presupuesto', 'facturado_2024', 'facturado_2024', 'facturado_2024', '1er_trimestre', '2do_cuatrimestre', '3er_cuatrimestre', '4to_cuatrimestre', 'facturacion_real', 'proyeccion']
INFO 2025-04-30 03:40:21,618 transform Successfully loaded and parsed: ActivaGFINAL - Profit & Loss.csv
INFO 2025-04-30 03:40:21,618 transform   Shape: (78, 15)
INFO 2025-04-30 03:40:21,618 transform   Columns: ['concepto', 'ENERO', 'FEBRERO', 'MARZO', 'ABRIL', 'MAYO', 'JUNIO', 'JULIO', 'AGOSTO', 'SEPTIEMBRE', 'OCTUBRE', 'NOVIEMBRE', 'DICIEMBRE', 'CONSOLIDADO', 'Unnamed: 14']
INFO 2025-04-30 03:40:21,618 transform Loaded 5 CSV files
INFO 2025-04-30 03:40:21,623 transform Added brand information to 4 clients
INFO 2025-04-30 03:40:21,625 transform Merged 11 columns from activagfinal_ingresos_anuales_mensuales_proy_2
INFO 2025-04-30 03:40:21,630 transform Merged 11 columns from activagfinal_presupuesto_2_025
INFO 2025-04-30 03:40:21,630 transform Saved financial summary data from activagfinal_profit_loss
INFO 2025-04-30 03:40:21,630 transform Created combined dataframe with 52 clients and 21 columns
INFO 2025-04-30 04:01:06,158 views Initializing S3 connector
INFO 2025-04-30 04:01:06,213 utils Initialized S3Connector for bucket: activa-datalake
INFO 2025-04-30 04:01:06,603 utils Found 6 objects with prefix: raw-data-activa/
INFO 2025-04-30 04:01:06,761 transform Successfully loaded and parsed: ActivaGFINAL - CLIENTES MARCAS.csv
INFO 2025-04-30 04:01:06,762 transform   Shape: (74, 4)
INFO 2025-04-30 04:01:06,762 transform   Columns: ['cliente_marca', 'tipo_cliente', 'cliente_desde', 'rubro_negocios']
INFO 2025-04-30 04:01:06,852 transform Successfully loaded and parsed: ActivaGFINAL - Clientes AG 2.csv
INFO 2025-04-30 04:01:06,852 transform   Shape: (46, 2)
INFO 2025-04-30 04:01:06,852 transform   Columns: ['cliente', 'industria']
WARNING 2025-04-30 04:01:06,948 transform Could not convert column facturado_2024 to numeric: The truth value of a Series is ambiguous. Use a.empty, a.bool(), a.item(), a.any() or a.all().
WARNING 2025-04-30 04:01:06,948 transform Could not convert column facturado_2024 to numeric: The truth value of a Series is ambiguous. Use a.empty, a.bool(), a.item(), a.any() or a.all().
WARNING 2025-04-30 04:01:06,948 transform Could not convert column facturado_2024 to numeric: The truth value of a Series is ambiguous. Use a.empty, a.bool(), a.item(), a.any() or a.all().
INFO 2025-04-30 04:01:06,953 transform Successfully loaded and parsed: ActivaGFINAL - Ingresos Anuales-Mensuales Proy 2.csv
INFO 2025-04-30 04:01:06,954 transform   Shape: (77, 12)
INFO 2025-04-30 04:01:06,954 transform   Columns: ['cliente', 'facturacion', 'presupuesto', 'facturado_2024', 'facturado_2024', 'facturado_2024', '1er_trimestre', '2do_cuatrimestre', '3er_cuatrimestre', '4to_cuatrimestre', 'facturacion_anual', 'facturacion_mensual']
WARNING 2025-04-30 04:01:07,064 transform Could not convert column facturado_2024 to numeric: The truth value of a Series is ambiguous. Use a.empty, a.bool(), a.item(), a.any() or a.all().
WARNING 2025-04-30 04:01:07,065 transform Could not convert column facturado_2024 to numeric: The truth value of a Series is ambiguous. Use a.empty, a.bool(), a.item(), a.any() or a.all().
WARNING 2025-04-30 04:01:07,066 transform Could not convert column facturado_2024 to numeric: The truth value of a Series is ambiguous. Use a.empty, a.bool(), a.item(), a.any() or a.all().
INFO 2025-04-30 04:01:07,076 transform Successfully loaded and parsed: ActivaGFINAL - Presupuesto 2,025.csv
INFO 2025-04-30 04:01:07,076 transform   Shape: (79, 12)
INFO 2025-04-30 04:01:07,076 transform   Columns: ['cliente', 'facturacion', 'presupuesto', 'facturado_2024', 'facturado_2024', 'facturado_2024', '1er_trimestre', '2do_cuatrimestre', '3er_cuatrimestre', '4to_cuatrimestre', 'facturacion_real', 'proyeccion']
INFO 2025-04-30 04:01:07,211 transform Successfully loaded and parsed: ActivaGFINAL - Profit & Loss.csv
INFO 2025-04-30 04:01:07,211 transform   Shape: (78, 15)
INFO 2025-04-30 04:01:07,211 transform   Columns: ['concepto', 'ENERO', 'FEBRERO', 'MARZO', 'ABRIL', 'MAYO', 'JUNIO', 'JULIO', 'AGOSTO', 'SEPTIEMBRE', 'OCTUBRE', 'NOVIEMBRE', 'DICIEMBRE', 'CONSOLIDADO', 'Unnamed: 14']
INFO 2025-04-30 04:01:07,211 transform Loaded 5 CSV files
INFO 2025-04-30 04:01:07,225 views Initializing S3 connector
INFO 2025-04-30 04:01:07,231 utils Initialized S3Connector for bucket: activa-datalake
INFO 2025-04-30 04:01:07,231 views Initializing custom data transformer
INFO 2025-04-30 04:01:07,231 views Loading and parsing CSV files from S3
INFO 2025-04-30 04:01:07,470 utils Found 6 objects with prefix: raw-data-activa/
INFO 2025-04-30 04:01:07,562 transform Successfully loaded and parsed: ActivaGFINAL - CLIENTES MARCAS.csv
INFO 2025-04-30 04:01:07,562 transform   Shape: (74, 4)
INFO 2025-04-30 04:01:07,562 transform   Columns: ['cliente_marca', 'tipo_cliente', 'cliente_desde', 'rubro_negocios']
INFO 2025-04-30 04:01:07,649 transform Successfully loaded and parsed: ActivaGFINAL - Clientes AG 2.csv
INFO 2025-04-30 04:01:07,649 transform   Shape: (46, 2)
INFO 2025-04-30 04:01:07,650 transform   Columns: ['cliente', 'industria']
WARNING 2025-04-30 04:01:07,744 transform Could not convert column facturado_2024 to numeric: The truth value of a Series is ambiguous. Use a.empty, a.bool(), a.item(), a.any() or a.all().
WARNING 2025-04-30 04:01:07,745 transform Could not convert column facturado_2024 to numeric: The truth value of a Series is ambiguous. Use a.empty, a.bool(), a.item(), a.any() or a.all().
WARNING 2025-04-30 04:01:07,746 transform Could not convert column facturado_2024 to numeric: The truth value of a Series is ambiguous. Use a.empty, a.bool(), a.item(), a.any() or a.all().
INFO 2025-04-30 04:01:07,756 transform Successfully loaded and parsed: ActivaGFINAL - Ingresos Anuales-Mensuales Proy 2.csv
INFO 2025-04-30 04:01:07,756 transform   Shape: (77, 12)
INFO 2025-04-30 04:01:07,756 transform   Columns: ['cliente', 'facturacion', 'presupuesto', 'facturado_2024', 'facturado_2024', 'facturado_2024', '1er_trimestre', '2do_cuatrimestre', '3er_cuatrimestre', '4to_cuatrimestre', 'facturacion_anual', 'facturacion_mensual']
WARNING 2025-04-30 04:01:07,836 transform Could not convert column facturado_2024 to numeric: The truth value of a Series is ambiguous. Use a.empty, a.bool(), a.item(), a.any() or a.all().
WARNING 2025-04-30 04:01:07,837 transform Could not convert column facturado_2024 to numeric: The truth value of a Series is ambiguous. Use a.empty, a.bool(), a.item(), a.any() or a.all().
WARNING 2025-04-30 04:01:07,837 transform Could not convert column facturado_2024 to numeric: The truth value of a Series is ambiguous. Use a.empty, a.bool(), a.item(), a.any() or a.all().
INFO 2025-04-30 04:01:07,844 transform Successfully loaded and parsed: ActivaGFINAL - Presupuesto 2,025.csv
INFO 2025-04-30 04:01:07,844 transform   Shape: (79, 12)
INFO 2025-04-30 04:01:07,844 transform   Columns: ['cliente', 'facturacion', 'presupuesto', 'facturado_2024', 'facturado_2024', 'facturado_2024', '1er_trimestre', '2do_cuatrimestre', '3er_cuatrimestre', '4to_cuatrimestre', 'facturacion_real', 'proyeccion']
INFO 2025-04-30 04:01:07,946 transform Successfully loaded and parsed: ActivaGFINAL - Profit & Loss.csv
INFO 2025-04-30 04:01:07,946 transform   Shape: (78, 15)
INFO 2025-04-30 04:01:07,946 transform   Columns: ['concepto', 'ENERO', 'FEBRERO', 'MARZO', 'ABRIL', 'MAYO', 'JUNIO', 'JULIO', 'AGOSTO', 'SEPTIEMBRE', 'OCTUBRE', 'NOVIEMBRE', 'DICIEMBRE', 'CONSOLIDADO', 'Unnamed: 14']
INFO 2025-04-30 04:01:07,946 transform Loaded 5 CSV files
INFO 2025-04-30 04:01:07,946 views Transforming and combining all data
INFO 2025-04-30 04:01:07,964 transform Added brand information to 4 clients
INFO 2025-04-30 04:01:07,968 transform Merged 11 columns from activagfinal_ingresos_anuales_mensuales_proy_2
INFO 2025-04-30 04:01:07,971 transform Merged 11 columns from activagfinal_presupuesto_2_025
INFO 2025-04-30 04:01:07,971 transform Saved financial summary data from activagfinal_profit_loss
INFO 2025-04-30 04:01:07,972 transform Created combined dataframe with 52 clients and 21 columns
INFO 2025-04-30 04:01:07,972 views Getting combined data as dictionary
INFO 2025-04-30 04:01:07,976 views Successfully processed and combined data
INFO 2025-04-30 04:01:07,985 views Initializing S3 connector
INFO 2025-04-30 04:01:07,992 utils Initialized S3Connector for bucket: activa-datalake
INFO 2025-04-30 04:01:08,230 utils Found 6 objects with prefix: raw-data-activa/
INFO 2025-04-30 04:01:08,317 transform Successfully loaded and parsed: ActivaGFINAL - CLIENTES MARCAS.csv
INFO 2025-04-30 04:01:08,317 transform   Shape: (74, 4)
INFO 2025-04-30 04:01:08,318 transform   Columns: ['cliente_marca', 'tipo_cliente', 'cliente_desde', 'rubro_negocios']
INFO 2025-04-30 04:01:08,399 transform Successfully loaded and parsed: ActivaGFINAL - Clientes AG 2.csv
INFO 2025-04-30 04:01:08,399 transform   Shape: (46, 2)
INFO 2025-04-30 04:01:08,399 transform   Columns: ['cliente', 'industria']
WARNING 2025-04-30 04:01:08,490 transform Could not convert column facturado_2024 to numeric: The truth value of a Series is ambiguous. Use a.empty, a.bool(), a.item(), a.any() or a.all().
WARNING 2025-04-30 04:01:08,490 transform Could not convert column facturado_2024 to numeric: The truth value of a Series is ambiguous. Use a.empty, a.bool(), a.item(), a.any() or a.all().
WARNING 2025-04-30 04:01:08,491 transform Could not convert column facturado_2024 to numeric: The truth value of a Series is ambiguous. Use a.empty, a.bool(), a.item(), a.any() or a.all().
INFO 2025-04-30 04:01:08,501 transform Successfully loaded and parsed: ActivaGFINAL - Ingresos Anuales-Mensuales Proy 2.csv
INFO 2025-04-30 04:01:08,501 transform   Shape: (77, 12)
INFO 2025-04-30 04:01:08,501 transform   Columns: ['cliente', 'facturacion', 'presupuesto', 'facturado_2024', 'facturado_2024', 'facturado_2024', '1er_trimestre', '2do_cuatrimestre', '3er_cuatrimestre', '4to_cuatrimestre', 'facturacion_anual', 'facturacion_mensual']
WARNING 2025-04-30 04:01:08,584 transform Could not convert column facturado_2024 to numeric: The truth value of a Series is ambiguous. Use a.empty, a.bool(), a.item(), a.any() or a.all().
WARNING 2025-04-30 04:01:08,585 transform Could not convert column facturado_2024 to numeric: The truth value of a Series is ambiguous. Use a.empty, a.bool(), a.item(), a.any() or a.all().
WARNING 2025-04-30 04:01:08,585 transform Could not convert column facturado_2024 to numeric: The truth value of a Series is ambiguous. Use a.empty, a.bool(), a.item(), a.any() or a.all().
INFO 2025-04-30 04:01:08,597 transform Successfully loaded and parsed: ActivaGFINAL - Presupuesto 2,025.csv
INFO 2025-04-30 04:01:08,597 transform   Shape: (79, 12)
INFO 2025-04-30 04:01:08,597 transform   Columns: ['cliente', 'facturacion', 'presupuesto', 'facturado_2024', 'facturado_2024', 'facturado_2024', '1er_trimestre', '2do_cuatrimestre', '3er_cuatrimestre', '4to_cuatrimestre', 'facturacion_real', 'proyeccion']
INFO 2025-04-30 04:01:08,698 transform Successfully loaded and parsed: ActivaGFINAL - Profit & Loss.csv
INFO 2025-04-30 04:01:08,698 transform   Shape: (78, 15)
INFO 2025-04-30 04:01:08,698 transform   Columns: ['concepto', 'ENERO', 'FEBRERO', 'MARZO', 'ABRIL', 'MAYO', 'JUNIO', 'JULIO', 'AGOSTO', 'SEPTIEMBRE', 'OCTUBRE', 'NOVIEMBRE', 'DICIEMBRE', 'CONSOLIDADO', 'Unnamed: 14']
INFO 2025-04-30 04:01:08,698 transform Loaded 5 CSV files
INFO 2025-04-30 04:01:08,702 transform Added brand information to 4 clients
INFO 2025-04-30 04:01:08,704 transform Merged 11 columns from activagfinal_ingresos_anuales_mensuales_proy_2
INFO 2025-04-30 04:01:08,707 transform Merged 11 columns from activagfinal_presupuesto_2_025
INFO 2025-04-30 04:01:08,707 transform Saved financial summary data from activagfinal_profit_loss
INFO 2025-04-30 04:01:08,707 transform Created combined dataframe with 52 clients and 21 columns
INFO 2025-04-30 04:10:53,628 views Initializing S3 connector
INFO 2025-04-30 04:10:53,657 utils Initialized S3Connector for bucket: activa-datalake
INFO 2025-04-30 04:10:53,941 utils Found 6 objects with prefix: raw-data-activa/
INFO 2025-04-30 04:10:54,052 transform Successfully loaded and parsed: ActivaGFINAL - CLIENTES MARCAS.csv
INFO 2025-04-30 04:10:54,053 transform   Shape: (74, 4)
INFO 2025-04-30 04:10:54,053 transform   Columns: ['cliente_marca', 'tipo_cliente', 'cliente_desde', 'rubro_negocios']
INFO 2025-04-30 04:10:54,145 transform Successfully loaded and parsed: ActivaGFINAL - Clientes AG 2.csv
INFO 2025-04-30 04:10:54,145 transform   Shape: (46, 2)
INFO 2025-04-30 04:10:54,145 transform   Columns: ['cliente', 'industria']
WARNING 2025-04-30 04:10:54,260 transform Could not convert column facturado_2024 to numeric: The truth value of a Series is ambiguous. Use a.empty, a.bool(), a.item(), a.any() or a.all().
WARNING 2025-04-30 04:10:54,261 transform Could not convert column facturado_2024 to numeric: The truth value of a Series is ambiguous. Use a.empty, a.bool(), a.item(), a.any() or a.all().
WARNING 2025-04-30 04:10:54,262 transform Could not convert column facturado_2024 to numeric: The truth value of a Series is ambiguous. Use a.empty, a.bool(), a.item(), a.any() or a.all().
INFO 2025-04-30 04:10:54,270 transform Successfully loaded and parsed: ActivaGFINAL - Ingresos Anuales-Mensuales Proy 2.csv
INFO 2025-04-30 04:10:54,270 transform   Shape: (77, 12)
INFO 2025-04-30 04:10:54,270 transform   Columns: ['cliente', 'facturacion', 'presupuesto', 'facturado_2024', 'facturado_2024', 'facturado_2024', '1er_trimestre', '2do_cuatrimestre', '3er_cuatrimestre', '4to_cuatrimestre', 'facturacion_anual', 'facturacion_mensual']
WARNING 2025-04-30 04:10:54,360 transform Could not convert column facturado_2024 to numeric: The truth value of a Series is ambiguous. Use a.empty, a.bool(), a.item(), a.any() or a.all().
WARNING 2025-04-30 04:10:54,360 transform Could not convert column facturado_2024 to numeric: The truth value of a Series is ambiguous. Use a.empty, a.bool(), a.item(), a.any() or a.all().
WARNING 2025-04-30 04:10:54,361 transform Could not convert column facturado_2024 to numeric: The truth value of a Series is ambiguous. Use a.empty, a.bool(), a.item(), a.any() or a.all().
INFO 2025-04-30 04:10:54,371 transform Successfully loaded and parsed: ActivaGFINAL - Presupuesto 2,025.csv
INFO 2025-04-30 04:10:54,372 transform   Shape: (79, 12)
INFO 2025-04-30 04:10:54,372 transform   Columns: ['cliente', 'facturacion', 'presupuesto', 'facturado_2024', 'facturado_2024', 'facturado_2024', '1er_trimestre', '2do_cuatrimestre', '3er_cuatrimestre', '4to_cuatrimestre', 'facturacion_real', 'proyeccion']
INFO 2025-04-30 04:10:54,475 transform Successfully loaded and parsed: ActivaGFINAL - Profit & Loss.csv
INFO 2025-04-30 04:10:54,475 transform   Shape: (78, 15)
INFO 2025-04-30 04:10:54,475 transform   Columns: ['concepto', 'ENERO', 'FEBRERO', 'MARZO', 'ABRIL', 'MAYO', 'JUNIO', 'JULIO', 'AGOSTO', 'SEPTIEMBRE', 'OCTUBRE', 'NOVIEMBRE', 'DICIEMBRE', 'CONSOLIDADO', 'Unnamed: 14']
INFO 2025-04-30 04:10:54,475 transform Loaded 5 CSV files
INFO 2025-04-30 04:11:17,191 views Initializing S3 connector
INFO 2025-04-30 04:11:17,206 utils Initialized S3Connector for bucket: activa-datalake
INFO 2025-04-30 04:11:17,517 utils Found 6 objects with prefix: raw-data-activa/
INFO 2025-04-30 04:11:17,633 transform Successfully loaded and parsed: ActivaGFINAL - CLIENTES MARCAS.csv
INFO 2025-04-30 04:11:17,633 transform   Shape: (74, 4)
INFO 2025-04-30 04:11:17,633 transform   Columns: ['cliente_marca', 'tipo_cliente', 'cliente_desde', 'rubro_negocios']
INFO 2025-04-30 04:11:17,725 transform Successfully loaded and parsed: ActivaGFINAL - Clientes AG 2.csv
INFO 2025-04-30 04:11:17,725 transform   Shape: (46, 2)
INFO 2025-04-30 04:11:17,725 transform   Columns: ['cliente', 'industria']
WARNING 2025-04-30 04:11:17,815 transform Could not convert column facturado_2024 to numeric: The truth value of a Series is ambiguous. Use a.empty, a.bool(), a.item(), a.any() or a.all().
WARNING 2025-04-30 04:11:17,816 transform Could not convert column facturado_2024 to numeric: The truth value of a Series is ambiguous. Use a.empty, a.bool(), a.item(), a.any() or a.all().
WARNING 2025-04-30 04:11:17,816 transform Could not convert column facturado_2024 to numeric: The truth value of a Series is ambiguous. Use a.empty, a.bool(), a.item(), a.any() or a.all().
INFO 2025-04-30 04:11:17,821 transform Successfully loaded and parsed: ActivaGFINAL - Ingresos Anuales-Mensuales Proy 2.csv
INFO 2025-04-30 04:11:17,821 transform   Shape: (77, 12)
INFO 2025-04-30 04:11:17,821 transform   Columns: ['cliente', 'facturacion', 'presupuesto', 'facturado_2024', 'facturado_2024', 'facturado_2024', '1er_trimestre', '2do_cuatrimestre', '3er_cuatrimestre', '4to_cuatrimestre', 'facturacion_anual', 'facturacion_mensual']
WARNING 2025-04-30 04:11:17,919 transform Could not convert column facturado_2024 to numeric: The truth value of a Series is ambiguous. Use a.empty, a.bool(), a.item(), a.any() or a.all().
WARNING 2025-04-30 04:11:17,920 transform Could not convert column facturado_2024 to numeric: The truth value of a Series is ambiguous. Use a.empty, a.bool(), a.item(), a.any() or a.all().
WARNING 2025-04-30 04:11:17,921 transform Could not convert column facturado_2024 to numeric: The truth value of a Series is ambiguous. Use a.empty, a.bool(), a.item(), a.any() or a.all().
INFO 2025-04-30 04:11:17,933 transform Successfully loaded and parsed: ActivaGFINAL - Presupuesto 2,025.csv
INFO 2025-04-30 04:11:17,933 transform   Shape: (79, 12)
INFO 2025-04-30 04:11:17,933 transform   Columns: ['cliente', 'facturacion', 'presupuesto', 'facturado_2024', 'facturado_2024', 'facturado_2024', '1er_trimestre', '2do_cuatrimestre', '3er_cuatrimestre', '4to_cuatrimestre', 'facturacion_real', 'proyeccion']
INFO 2025-04-30 04:11:18,062 transform Successfully loaded and parsed: ActivaGFINAL - Profit & Loss.csv
INFO 2025-04-30 04:11:18,062 transform   Shape: (78, 15)
INFO 2025-04-30 04:11:18,062 transform   Columns: ['concepto', 'ENERO', 'FEBRERO', 'MARZO', 'ABRIL', 'MAYO', 'JUNIO', 'JULIO', 'AGOSTO', 'SEPTIEMBRE', 'OCTUBRE', 'NOVIEMBRE', 'DICIEMBRE', 'CONSOLIDADO', 'Unnamed: 14']
INFO 2025-04-30 04:11:18,062 transform Loaded 5 CSV files
INFO 2025-04-30 14:28:52,741 views Initializing S3 connector
INFO 2025-04-30 14:28:52,794 utils Initialized S3Connector for bucket: activa-datalake
INFO 2025-04-30 14:28:53,107 utils Found 6 objects with prefix: raw-data-activa/
INFO 2025-04-30 14:28:53,239 transform Successfully loaded and parsed: ActivaGFINAL - CLIENTES MARCAS.csv
INFO 2025-04-30 14:28:53,239 transform   Shape: (74, 4)
INFO 2025-04-30 14:28:53,239 transform   Columns: ['cliente_marca', 'tipo_cliente', 'cliente_desde', 'rubro_negocios']
INFO 2025-04-30 14:28:53,341 transform Successfully loaded and parsed: ActivaGFINAL - Clientes AG 2.csv
INFO 2025-04-30 14:28:53,341 transform   Shape: (46, 2)
INFO 2025-04-30 14:28:53,341 transform   Columns: ['cliente', 'industria']
WARNING 2025-04-30 14:28:53,454 transform Could not convert column facturado_2024 to numeric: The truth value of a Series is ambiguous. Use a.empty, a.bool(), a.item(), a.any() or a.all().
WARNING 2025-04-30 14:28:53,454 transform Could not convert column facturado_2024 to numeric: The truth value of a Series is ambiguous. Use a.empty, a.bool(), a.item(), a.any() or a.all().
WARNING 2025-04-30 14:28:53,455 transform Could not convert column facturado_2024 to numeric: The truth value of a Series is ambiguous. Use a.empty, a.bool(), a.item(), a.any() or a.all().
INFO 2025-04-30 14:28:53,465 transform Successfully loaded and parsed: ActivaGFINAL - Ingresos Anuales-Mensuales Proy 2.csv
INFO 2025-04-30 14:28:53,465 transform   Shape: (77, 12)
INFO 2025-04-30 14:28:53,466 transform   Columns: ['cliente', 'facturacion', 'presupuesto', 'facturado_2024', 'facturado_2024', 'facturado_2024', '1er_trimestre', '2do_cuatrimestre', '3er_cuatrimestre', '4to_cuatrimestre', 'facturacion_anual', 'facturacion_mensual']
WARNING 2025-04-30 14:28:53,588 transform Could not convert column facturado_2024 to numeric: The truth value of a Series is ambiguous. Use a.empty, a.bool(), a.item(), a.any() or a.all().
WARNING 2025-04-30 14:28:53,589 transform Could not convert column facturado_2024 to numeric: The truth value of a Series is ambiguous. Use a.empty, a.bool(), a.item(), a.any() or a.all().
WARNING 2025-04-30 14:28:53,590 transform Could not convert column facturado_2024 to numeric: The truth value of a Series is ambiguous. Use a.empty, a.bool(), a.item(), a.any() or a.all().
INFO 2025-04-30 14:28:53,601 transform Successfully loaded and parsed: ActivaGFINAL - Presupuesto 2,025.csv
INFO 2025-04-30 14:28:53,601 transform   Shape: (79, 12)
INFO 2025-04-30 14:28:53,601 transform   Columns: ['cliente', 'facturacion', 'presupuesto', 'facturado_2024', 'facturado_2024', 'facturado_2024', '1er_trimestre', '2do_cuatrimestre', '3er_cuatrimestre', '4to_cuatrimestre', 'facturacion_real', 'proyeccion']
INFO 2025-04-30 14:28:53,713 transform Successfully loaded and parsed: ActivaGFINAL - Profit & Loss.csv
INFO 2025-04-30 14:28:53,713 transform   Shape: (78, 15)
INFO 2025-04-30 14:28:53,713 transform   Columns: ['concepto', 'ENERO', 'FEBRERO', 'MARZO', 'ABRIL', 'MAYO', 'JUNIO', 'JULIO', 'AGOSTO', 'SEPTIEMBRE', 'OCTUBRE', 'NOVIEMBRE', 'DICIEMBRE', 'CONSOLIDADO', 'Unnamed: 14']
INFO 2025-04-30 14:28:53,713 transform Loaded 5 CSV files
INFO 2025-04-30 14:28:53,730 transform Added brand information to 4 clients
INFO 2025-04-30 14:28:53,734 transform Merged 11 columns from activagfinal_ingresos_anuales_mensuales_proy_2
INFO 2025-04-30 14:28:53,737 transform Merged 11 columns from activagfinal_presupuesto_2_025
INFO 2025-04-30 14:28:53,737 transform Saved financial summary data from activagfinal_profit_loss
INFO 2025-04-30 14:28:53,737 transform Created combined dataframe with 52 clients and 21 columns
INFO 2025-04-30 14:28:53,751 views Initializing S3 connector
INFO 2025-04-30 14:28:53,755 utils Initialized S3Connector for bucket: activa-datalake
INFO 2025-04-30 14:28:53,755 views Initializing custom data transformer
INFO 2025-04-30 14:28:53,755 views Loading and parsing CSV files from S3
INFO 2025-04-30 14:28:53,992 utils Found 6 objects with prefix: raw-data-activa/
INFO 2025-04-30 14:28:54,084 transform Successfully loaded and parsed: ActivaGFINAL - CLIENTES MARCAS.csv
INFO 2025-04-30 14:28:54,085 transform   Shape: (74, 4)
INFO 2025-04-30 14:28:54,085 transform   Columns: ['cliente_marca', 'tipo_cliente', 'cliente_desde', 'rubro_negocios']
INFO 2025-04-30 14:28:54,173 transform Successfully loaded and parsed: ActivaGFINAL - Clientes AG 2.csv
INFO 2025-04-30 14:28:54,173 transform   Shape: (46, 2)
INFO 2025-04-30 14:28:54,174 transform   Columns: ['cliente', 'industria']
WARNING 2025-04-30 14:28:54,265 transform Could not convert column facturado_2024 to numeric: The truth value of a Series is ambiguous. Use a.empty, a.bool(), a.item(), a.any() or a.all().
WARNING 2025-04-30 14:28:54,266 transform Could not convert column facturado_2024 to numeric: The truth value of a Series is ambiguous. Use a.empty, a.bool(), a.item(), a.any() or a.all().
WARNING 2025-04-30 14:28:54,267 transform Could not convert column facturado_2024 to numeric: The truth value of a Series is ambiguous. Use a.empty, a.bool(), a.item(), a.any() or a.all().
INFO 2025-04-30 14:28:54,278 transform Successfully loaded and parsed: ActivaGFINAL - Ingresos Anuales-Mensuales Proy 2.csv
INFO 2025-04-30 14:28:54,278 transform   Shape: (77, 12)
INFO 2025-04-30 14:28:54,278 transform   Columns: ['cliente', 'facturacion', 'presupuesto', 'facturado_2024', 'facturado_2024', 'facturado_2024', '1er_trimestre', '2do_cuatrimestre', '3er_cuatrimestre', '4to_cuatrimestre', 'facturacion_anual', 'facturacion_mensual']
WARNING 2025-04-30 14:28:54,371 transform Could not convert column facturado_2024 to numeric: The truth value of a Series is ambiguous. Use a.empty, a.bool(), a.item(), a.any() or a.all().
WARNING 2025-04-30 14:28:54,372 transform Could not convert column facturado_2024 to numeric: The truth value of a Series is ambiguous. Use a.empty, a.bool(), a.item(), a.any() or a.all().
WARNING 2025-04-30 14:28:54,373 transform Could not convert column facturado_2024 to numeric: The truth value of a Series is ambiguous. Use a.empty, a.bool(), a.item(), a.any() or a.all().
INFO 2025-04-30 14:28:54,384 transform Successfully loaded and parsed: ActivaGFINAL - Presupuesto 2,025.csv
INFO 2025-04-30 14:28:54,385 transform   Shape: (79, 12)
INFO 2025-04-30 14:28:54,385 transform   Columns: ['cliente', 'facturacion', 'presupuesto', 'facturado_2024', 'facturado_2024', 'facturado_2024', '1er_trimestre', '2do_cuatrimestre', '3er_cuatrimestre', '4to_cuatrimestre', 'facturacion_real', 'proyeccion']
INFO 2025-04-30 14:28:54,498 transform Successfully loaded and parsed: ActivaGFINAL - Profit & Loss.csv
INFO 2025-04-30 14:28:54,498 transform   Shape: (78, 15)
INFO 2025-04-30 14:28:54,498 transform   Columns: ['concepto', 'ENERO', 'FEBRERO', 'MARZO', 'ABRIL', 'MAYO', 'JUNIO', 'JULIO', 'AGOSTO', 'SEPTIEMBRE', 'OCTUBRE', 'NOVIEMBRE', 'DICIEMBRE', 'CONSOLIDADO', 'Unnamed: 14']
INFO 2025-04-30 14:28:54,498 transform Loaded 5 CSV files
INFO 2025-04-30 14:28:54,498 views Transforming and combining all data
INFO 2025-04-30 14:28:54,505 transform Added brand information to 4 clients
INFO 2025-04-30 14:28:54,508 transform Merged 11 columns from activagfinal_ingresos_anuales_mensuales_proy_2
INFO 2025-04-30 14:28:54,511 transform Merged 11 columns from activagfinal_presupuesto_2_025
INFO 2025-04-30 14:28:54,511 transform Saved financial summary data from activagfinal_profit_loss
INFO 2025-04-30 14:28:54,511 transform Created combined dataframe with 52 clients and 21 columns
INFO 2025-04-30 14:28:54,511 views Getting combined data as dictionary
INFO 2025-04-30 14:28:54,516 views Successfully processed and combined data
INFO 2025-04-30 14:28:54,524 views Initializing S3 connector
INFO 2025-04-30 14:28:54,530 utils Initialized S3Connector for bucket: activa-datalake
INFO 2025-04-30 14:28:54,755 utils Found 6 objects with prefix: raw-data-activa/
INFO 2025-04-30 14:28:54,851 transform Successfully loaded and parsed: ActivaGFINAL - CLIENTES MARCAS.csv
INFO 2025-04-30 14:28:54,852 transform   Shape: (74, 4)
INFO 2025-04-30 14:28:54,852 transform   Columns: ['cliente_marca', 'tipo_cliente', 'cliente_desde', 'rubro_negocios']
INFO 2025-04-30 14:28:54,939 transform Successfully loaded and parsed: ActivaGFINAL - Clientes AG 2.csv
INFO 2025-04-30 14:28:54,939 transform   Shape: (46, 2)
INFO 2025-04-30 14:28:54,940 transform   Columns: ['cliente', 'industria']
WARNING 2025-04-30 14:28:55,068 transform Could not convert column facturado_2024 to numeric: The truth value of a Series is ambiguous. Use a.empty, a.bool(), a.item(), a.any() or a.all().
WARNING 2025-04-30 14:28:55,069 transform Could not convert column facturado_2024 to numeric: The truth value of a Series is ambiguous. Use a.empty, a.bool(), a.item(), a.any() or a.all().
WARNING 2025-04-30 14:28:55,069 transform Could not convert column facturado_2024 to numeric: The truth value of a Series is ambiguous. Use a.empty, a.bool(), a.item(), a.any() or a.all().
INFO 2025-04-30 14:28:55,077 transform Successfully loaded and parsed: ActivaGFINAL - Ingresos Anuales-Mensuales Proy 2.csv
INFO 2025-04-30 14:28:55,077 transform   Shape: (77, 12)
INFO 2025-04-30 14:28:55,077 transform   Columns: ['cliente', 'facturacion', 'presupuesto', 'facturado_2024', 'facturado_2024', 'facturado_2024', '1er_trimestre', '2do_cuatrimestre', '3er_cuatrimestre', '4to_cuatrimestre', 'facturacion_anual', 'facturacion_mensual']
WARNING 2025-04-30 14:28:55,154 transform Could not convert column facturado_2024 to numeric: The truth value of a Series is ambiguous. Use a.empty, a.bool(), a.item(), a.any() or a.all().
WARNING 2025-04-30 14:28:55,155 transform Could not convert column facturado_2024 to numeric: The truth value of a Series is ambiguous. Use a.empty, a.bool(), a.item(), a.any() or a.all().
WARNING 2025-04-30 14:28:55,156 transform Could not convert column facturado_2024 to numeric: The truth value of a Series is ambiguous. Use a.empty, a.bool(), a.item(), a.any() or a.all().
INFO 2025-04-30 14:28:55,163 transform Successfully loaded and parsed: ActivaGFINAL - Presupuesto 2,025.csv
INFO 2025-04-30 14:28:55,163 transform   Shape: (79, 12)
INFO 2025-04-30 14:28:55,163 transform   Columns: ['cliente', 'facturacion', 'presupuesto', 'facturado_2024', 'facturado_2024', 'facturado_2024', '1er_trimestre', '2do_cuatrimestre', '3er_cuatrimestre', '4to_cuatrimestre', 'facturacion_real', 'proyeccion']
INFO 2025-04-30 14:28:55,273 transform Successfully loaded and parsed: ActivaGFINAL - Profit & Loss.csv
INFO 2025-04-30 14:28:55,273 transform   Shape: (78, 15)
INFO 2025-04-30 14:28:55,273 transform   Columns: ['concepto', 'ENERO', 'FEBRERO', 'MARZO', 'ABRIL', 'MAYO', 'JUNIO', 'JULIO', 'AGOSTO', 'SEPTIEMBRE', 'OCTUBRE', 'NOVIEMBRE', 'DICIEMBRE', 'CONSOLIDADO', 'Unnamed: 14']
INFO 2025-04-30 14:28:55,273 transform Loaded 5 CSV files
INFO 2025-04-30 14:29:06,456 views Initializing S3 connector
INFO 2025-04-30 14:29:06,466 utils Initialized S3Connector for bucket: activa-datalake
INFO 2025-04-30 14:29:06,730 utils Found 6 objects with prefix: raw-data-activa/
INFO 2025-04-30 14:29:06,823 transform Successfully loaded and parsed: ActivaGFINAL - CLIENTES MARCAS.csv
INFO 2025-04-30 14:29:06,823 transform   Shape: (74, 4)
INFO 2025-04-30 14:29:06,823 transform   Columns: ['cliente_marca', 'tipo_cliente', 'cliente_desde', 'rubro_negocios']
INFO 2025-04-30 14:29:06,912 transform Successfully loaded and parsed: ActivaGFINAL - Clientes AG 2.csv
INFO 2025-04-30 14:29:06,912 transform   Shape: (46, 2)
INFO 2025-04-30 14:29:06,913 transform   Columns: ['cliente', 'industria']
WARNING 2025-04-30 14:29:07,008 transform Could not convert column facturado_2024 to numeric: The truth value of a Series is ambiguous. Use a.empty, a.bool(), a.item(), a.any() or a.all().
WARNING 2025-04-30 14:29:07,010 transform Could not convert column facturado_2024 to numeric: The truth value of a Series is ambiguous. Use a.empty, a.bool(), a.item(), a.any() or a.all().
WARNING 2025-04-30 14:29:07,011 transform Could not convert column facturado_2024 to numeric: The truth value of a Series is ambiguous. Use a.empty, a.bool(), a.item(), a.any() or a.all().
INFO 2025-04-30 14:29:07,023 transform Successfully loaded and parsed: ActivaGFINAL - Ingresos Anuales-Mensuales Proy 2.csv
INFO 2025-04-30 14:29:07,023 transform   Shape: (77, 12)
INFO 2025-04-30 14:29:07,023 transform   Columns: ['cliente', 'facturacion', 'presupuesto', 'facturado_2024', 'facturado_2024', 'facturado_2024', '1er_trimestre', '2do_cuatrimestre', '3er_cuatrimestre', '4to_cuatrimestre', 'facturacion_anual', 'facturacion_mensual']
WARNING 2025-04-30 14:29:07,123 transform Could not convert column facturado_2024 to numeric: The truth value of a Series is ambiguous. Use a.empty, a.bool(), a.item(), a.any() or a.all().
WARNING 2025-04-30 14:29:07,124 transform Could not convert column facturado_2024 to numeric: The truth value of a Series is ambiguous. Use a.empty, a.bool(), a.item(), a.any() or a.all().
WARNING 2025-04-30 14:29:07,125 transform Could not convert column facturado_2024 to numeric: The truth value of a Series is ambiguous. Use a.empty, a.bool(), a.item(), a.any() or a.all().
INFO 2025-04-30 14:29:07,137 transform Successfully loaded and parsed: ActivaGFINAL - Presupuesto 2,025.csv
INFO 2025-04-30 14:29:07,137 transform   Shape: (79, 12)
INFO 2025-04-30 14:29:07,137 transform   Columns: ['cliente', 'facturacion', 'presupuesto', 'facturado_2024', 'facturado_2024', 'facturado_2024', '1er_trimestre', '2do_cuatrimestre', '3er_cuatrimestre', '4to_cuatrimestre', 'facturacion_real', 'proyeccion']
INFO 2025-04-30 14:29:07,244 transform Successfully loaded and parsed: ActivaGFINAL - Profit & Loss.csv
INFO 2025-04-30 14:29:07,244 transform   Shape: (78, 15)
INFO 2025-04-30 14:29:07,245 transform   Columns: ['concepto', 'ENERO', 'FEBRERO', 'MARZO', 'ABRIL', 'MAYO', 'JUNIO', 'JULIO', 'AGOSTO', 'SEPTIEMBRE', 'OCTUBRE', 'NOVIEMBRE', 'DICIEMBRE', 'CONSOLIDADO', 'Unnamed: 14']
INFO 2025-04-30 14:29:07,245 transform Loaded 5 CSV files
INFO 2025-04-30 14:29:07,253 transform Added brand information to 4 clients
INFO 2025-04-30 14:29:07,256 transform Merged 11 columns from activagfinal_ingresos_anuales_mensuales_proy_2
INFO 2025-04-30 14:29:07,259 transform Merged 11 columns from activagfinal_presupuesto_2_025
INFO 2025-04-30 14:29:07,259 transform Saved financial summary data from activagfinal_profit_loss
INFO 2025-04-30 14:29:07,260 transform Created combined dataframe with 52 clients and 21 columns
INFO 2025-04-30 14:29:07,271 views Initializing S3 connector
INFO 2025-04-30 14:29:07,277 utils Initialized S3Connector for bucket: activa-datalake
INFO 2025-04-30 14:29:07,277 views Initializing custom data transformer
INFO 2025-04-30 14:29:07,277 views Loading and parsing CSV files from S3
INFO 2025-04-30 14:29:07,535 utils Found 6 objects with prefix: raw-data-activa/
INFO 2025-04-30 14:29:07,627 transform Successfully loaded and parsed: ActivaGFINAL - CLIENTES MARCAS.csv
INFO 2025-04-30 14:29:07,627 transform   Shape: (74, 4)
INFO 2025-04-30 14:29:07,627 transform   Columns: ['cliente_marca', 'tipo_cliente', 'cliente_desde', 'rubro_negocios']
INFO 2025-04-30 14:29:07,717 transform Successfully loaded and parsed: ActivaGFINAL - Clientes AG 2.csv
INFO 2025-04-30 14:29:07,717 transform   Shape: (46, 2)
INFO 2025-04-30 14:29:07,718 transform   Columns: ['cliente', 'industria']
WARNING 2025-04-30 14:29:07,807 transform Could not convert column facturado_2024 to numeric: The truth value of a Series is ambiguous. Use a.empty, a.bool(), a.item(), a.any() or a.all().
WARNING 2025-04-30 14:29:07,808 transform Could not convert column facturado_2024 to numeric: The truth value of a Series is ambiguous. Use a.empty, a.bool(), a.item(), a.any() or a.all().
WARNING 2025-04-30 14:29:07,809 transform Could not convert column facturado_2024 to numeric: The truth value of a Series is ambiguous. Use a.empty, a.bool(), a.item(), a.any() or a.all().
INFO 2025-04-30 14:29:07,819 transform Successfully loaded and parsed: ActivaGFINAL - Ingresos Anuales-Mensuales Proy 2.csv
INFO 2025-04-30 14:29:07,819 transform   Shape: (77, 12)
INFO 2025-04-30 14:29:07,819 transform   Columns: ['cliente', 'facturacion', 'presupuesto', 'facturado_2024', 'facturado_2024', 'facturado_2024', '1er_trimestre', '2do_cuatrimestre', '3er_cuatrimestre', '4to_cuatrimestre', 'facturacion_anual', 'facturacion_mensual']
WARNING 2025-04-30 14:29:07,911 transform Could not convert column facturado_2024 to numeric: The truth value of a Series is ambiguous. Use a.empty, a.bool(), a.item(), a.any() or a.all().
WARNING 2025-04-30 14:29:07,912 transform Could not convert column facturado_2024 to numeric: The truth value of a Series is ambiguous. Use a.empty, a.bool(), a.item(), a.any() or a.all().
WARNING 2025-04-30 14:29:07,913 transform Could not convert column facturado_2024 to numeric: The truth value of a Series is ambiguous. Use a.empty, a.bool(), a.item(), a.any() or a.all().
INFO 2025-04-30 14:29:07,924 transform Successfully loaded and parsed: ActivaGFINAL - Presupuesto 2,025.csv
INFO 2025-04-30 14:29:07,925 transform   Shape: (79, 12)
INFO 2025-04-30 14:29:07,925 transform   Columns: ['cliente', 'facturacion', 'presupuesto', 'facturado_2024', 'facturado_2024', 'facturado_2024', '1er_trimestre', '2do_cuatrimestre', '3er_cuatrimestre', '4to_cuatrimestre', 'facturacion_real', 'proyeccion']
INFO 2025-04-30 14:29:08,039 transform Successfully loaded and parsed: ActivaGFINAL - Profit & Loss.csv
INFO 2025-04-30 14:29:08,039 transform   Shape: (78, 15)
INFO 2025-04-30 14:29:08,040 transform   Columns: ['concepto', 'ENERO', 'FEBRERO', 'MARZO', 'ABRIL', 'MAYO', 'JUNIO', 'JULIO', 'AGOSTO', 'SEPTIEMBRE', 'OCTUBRE', 'NOVIEMBRE', 'DICIEMBRE', 'CONSOLIDADO', 'Unnamed: 14']
INFO 2025-04-30 14:29:08,040 transform Loaded 5 CSV files
INFO 2025-04-30 14:29:08,040 views Transforming and combining all data
INFO 2025-04-30 14:29:08,049 transform Added brand information to 4 clients
INFO 2025-04-30 14:29:08,052 transform Merged 11 columns from activagfinal_ingresos_anuales_mensuales_proy_2
INFO 2025-04-30 14:29:08,056 transform Merged 11 columns from activagfinal_presupuesto_2_025
INFO 2025-04-30 14:29:08,056 transform Saved financial summary data from activagfinal_profit_loss
INFO 2025-04-30 14:29:08,056 transform Created combined dataframe with 52 clients and 21 columns
INFO 2025-04-30 14:29:08,056 views Getting combined data as dictionary
INFO 2025-04-30 14:29:08,062 views Successfully processed and combined data
INFO 2025-04-30 14:29:08,069 views Initializing S3 connector
INFO 2025-04-30 14:29:08,075 utils Initialized S3Connector for bucket: activa-datalake
INFO 2025-04-30 14:29:08,465 utils Found 6 objects with prefix: raw-data-activa/
INFO 2025-04-30 14:29:08,568 transform Successfully loaded and parsed: ActivaGFINAL - CLIENTES MARCAS.csv
INFO 2025-04-30 14:29:08,569 transform   Shape: (74, 4)
INFO 2025-04-30 14:29:08,569 transform   Columns: ['cliente_marca', 'tipo_cliente', 'cliente_desde', 'rubro_negocios']
INFO 2025-04-30 14:29:08,658 transform Successfully loaded and parsed: ActivaGFINAL - Clientes AG 2.csv
INFO 2025-04-30 14:29:08,658 transform   Shape: (46, 2)
INFO 2025-04-30 14:29:08,659 transform   Columns: ['cliente', 'industria']
WARNING 2025-04-30 14:29:08,748 transform Could not convert column facturado_2024 to numeric: The truth value of a Series is ambiguous. Use a.empty, a.bool(), a.item(), a.any() or a.all().
WARNING 2025-04-30 14:29:08,749 transform Could not convert column facturado_2024 to numeric: The truth value of a Series is ambiguous. Use a.empty, a.bool(), a.item(), a.any() or a.all().
WARNING 2025-04-30 14:29:08,750 transform Could not convert column facturado_2024 to numeric: The truth value of a Series is ambiguous. Use a.empty, a.bool(), a.item(), a.any() or a.all().
INFO 2025-04-30 14:29:08,758 transform Successfully loaded and parsed: ActivaGFINAL - Ingresos Anuales-Mensuales Proy 2.csv
INFO 2025-04-30 14:29:08,758 transform   Shape: (77, 12)
INFO 2025-04-30 14:29:08,758 transform   Columns: ['cliente', 'facturacion', 'presupuesto', 'facturado_2024', 'facturado_2024', 'facturado_2024', '1er_trimestre', '2do_cuatrimestre', '3er_cuatrimestre', '4to_cuatrimestre', 'facturacion_anual', 'facturacion_mensual']
WARNING 2025-04-30 14:29:08,852 transform Could not convert column facturado_2024 to numeric: The truth value of a Series is ambiguous. Use a.empty, a.bool(), a.item(), a.any() or a.all().
WARNING 2025-04-30 14:29:08,853 transform Could not convert column facturado_2024 to numeric: The truth value of a Series is ambiguous. Use a.empty, a.bool(), a.item(), a.any() or a.all().
WARNING 2025-04-30 14:29:08,853 transform Could not convert column facturado_2024 to numeric: The truth value of a Series is ambiguous. Use a.empty, a.bool(), a.item(), a.any() or a.all().
INFO 2025-04-30 14:29:08,865 transform Successfully loaded and parsed: ActivaGFINAL - Presupuesto 2,025.csv
INFO 2025-04-30 14:29:08,865 transform   Shape: (79, 12)
INFO 2025-04-30 14:29:08,865 transform   Columns: ['cliente', 'facturacion', 'presupuesto', 'facturado_2024', 'facturado_2024', 'facturado_2024', '1er_trimestre', '2do_cuatrimestre', '3er_cuatrimestre', '4to_cuatrimestre', 'facturacion_real', 'proyeccion']
INFO 2025-04-30 14:29:08,976 transform Successfully loaded and parsed: ActivaGFINAL - Profit & Loss.csv
INFO 2025-04-30 14:29:08,977 transform   Shape: (78, 15)
INFO 2025-04-30 14:29:08,977 transform   Columns: ['concepto', 'ENERO', 'FEBRERO', 'MARZO', 'ABRIL', 'MAYO', 'JUNIO', 'JULIO', 'AGOSTO', 'SEPTIEMBRE', 'OCTUBRE', 'NOVIEMBRE', 'DICIEMBRE', 'CONSOLIDADO', 'Unnamed: 14']
INFO 2025-04-30 14:29:08,977 transform Loaded 5 CSV files
INFO 2025-04-30 14:29:13,261 views Initializing S3 connector
INFO 2025-04-30 14:29:13,271 utils Initialized S3Connector for bucket: activa-datalake
INFO 2025-04-30 14:29:13,580 utils Found 6 objects with prefix: raw-data-activa/
INFO 2025-04-30 14:29:13,667 transform Successfully loaded and parsed: ActivaGFINAL - CLIENTES MARCAS.csv
INFO 2025-04-30 14:29:13,668 transform   Shape: (74, 4)
INFO 2025-04-30 14:29:13,668 transform   Columns: ['cliente_marca', 'tipo_cliente', 'cliente_desde', 'rubro_negocios']
INFO 2025-04-30 14:29:13,750 transform Successfully loaded and parsed: ActivaGFINAL - Clientes AG 2.csv
INFO 2025-04-30 14:29:13,751 transform   Shape: (46, 2)
INFO 2025-04-30 14:29:13,751 transform   Columns: ['cliente', 'industria']
WARNING 2025-04-30 14:29:13,843 transform Could not convert column facturado_2024 to numeric: The truth value of a Series is ambiguous. Use a.empty, a.bool(), a.item(), a.any() or a.all().
WARNING 2025-04-30 14:29:13,844 transform Could not convert column facturado_2024 to numeric: The truth value of a Series is ambiguous. Use a.empty, a.bool(), a.item(), a.any() or a.all().
WARNING 2025-04-30 14:29:13,845 transform Could not convert column facturado_2024 to numeric: The truth value of a Series is ambiguous. Use a.empty, a.bool(), a.item(), a.any() or a.all().
INFO 2025-04-30 14:29:13,855 transform Successfully loaded and parsed: ActivaGFINAL - Ingresos Anuales-Mensuales Proy 2.csv
INFO 2025-04-30 14:29:13,856 transform   Shape: (77, 12)
INFO 2025-04-30 14:29:13,856 transform   Columns: ['cliente', 'facturacion', 'presupuesto', 'facturado_2024', 'facturado_2024', 'facturado_2024', '1er_trimestre', '2do_cuatrimestre', '3er_cuatrimestre', '4to_cuatrimestre', 'facturacion_anual', 'facturacion_mensual']
WARNING 2025-04-30 14:29:13,940 transform Could not convert column facturado_2024 to numeric: The truth value of a Series is ambiguous. Use a.empty, a.bool(), a.item(), a.any() or a.all().
WARNING 2025-04-30 14:29:13,940 transform Could not convert column facturado_2024 to numeric: The truth value of a Series is ambiguous. Use a.empty, a.bool(), a.item(), a.any() or a.all().
WARNING 2025-04-30 14:29:13,941 transform Could not convert column facturado_2024 to numeric: The truth value of a Series is ambiguous. Use a.empty, a.bool(), a.item(), a.any() or a.all().
INFO 2025-04-30 14:29:13,949 transform Successfully loaded and parsed: ActivaGFINAL - Presupuesto 2,025.csv
INFO 2025-04-30 14:29:13,949 transform   Shape: (79, 12)
INFO 2025-04-30 14:29:13,949 transform   Columns: ['cliente', 'facturacion', 'presupuesto', 'facturado_2024', 'facturado_2024', 'facturado_2024', '1er_trimestre', '2do_cuatrimestre', '3er_cuatrimestre', '4to_cuatrimestre', 'facturacion_real', 'proyeccion']
INFO 2025-04-30 14:29:14,052 transform Successfully loaded and parsed: ActivaGFINAL - Profit & Loss.csv
INFO 2025-04-30 14:29:14,052 transform   Shape: (78, 15)
INFO 2025-04-30 14:29:14,052 transform   Columns: ['concepto', 'ENERO', 'FEBRERO', 'MARZO', 'ABRIL', 'MAYO', 'JUNIO', 'JULIO', 'AGOSTO', 'SEPTIEMBRE', 'OCTUBRE', 'NOVIEMBRE', 'DICIEMBRE', 'CONSOLIDADO', 'Unnamed: 14']
INFO 2025-04-30 14:29:14,053 transform Loaded 5 CSV files
INFO 2025-04-30 14:29:14,060 transform Added brand information to 4 clients
INFO 2025-04-30 14:29:14,063 transform Merged 11 columns from activagfinal_ingresos_anuales_mensuales_proy_2
INFO 2025-04-30 14:29:14,066 transform Merged 11 columns from activagfinal_presupuesto_2_025
INFO 2025-04-30 14:29:14,066 transform Saved financial summary data from activagfinal_profit_loss
INFO 2025-04-30 14:29:14,066 transform Created combined dataframe with 52 clients and 21 columns
INFO 2025-04-30 14:29:14,077 views Initializing S3 connector
INFO 2025-04-30 14:29:14,084 utils Initialized S3Connector for bucket: activa-datalake
INFO 2025-04-30 14:29:14,084 views Initializing custom data transformer
INFO 2025-04-30 14:29:14,084 views Loading and parsing CSV files from S3
INFO 2025-04-30 14:29:14,330 utils Found 6 objects with prefix: raw-data-activa/
INFO 2025-04-30 14:29:14,417 transform Successfully loaded and parsed: ActivaGFINAL - CLIENTES MARCAS.csv
INFO 2025-04-30 14:29:14,417 transform   Shape: (74, 4)
INFO 2025-04-30 14:29:14,418 transform   Columns: ['cliente_marca', 'tipo_cliente', 'cliente_desde', 'rubro_negocios']
INFO 2025-04-30 14:29:14,498 transform Successfully loaded and parsed: ActivaGFINAL - Clientes AG 2.csv
INFO 2025-04-30 14:29:14,498 transform   Shape: (46, 2)
INFO 2025-04-30 14:29:14,498 transform   Columns: ['cliente', 'industria']
WARNING 2025-04-30 14:29:14,584 transform Could not convert column facturado_2024 to numeric: The truth value of a Series is ambiguous. Use a.empty, a.bool(), a.item(), a.any() or a.all().
WARNING 2025-04-30 14:29:14,586 transform Could not convert column facturado_2024 to numeric: The truth value of a Series is ambiguous. Use a.empty, a.bool(), a.item(), a.any() or a.all().
WARNING 2025-04-30 14:29:14,586 transform Could not convert column facturado_2024 to numeric: The truth value of a Series is ambiguous. Use a.empty, a.bool(), a.item(), a.any() or a.all().
INFO 2025-04-30 14:29:14,599 transform Successfully loaded and parsed: ActivaGFINAL - Ingresos Anuales-Mensuales Proy 2.csv
INFO 2025-04-30 14:29:14,599 transform   Shape: (77, 12)
INFO 2025-04-30 14:29:14,599 transform   Columns: ['cliente', 'facturacion', 'presupuesto', 'facturado_2024', 'facturado_2024', 'facturado_2024', '1er_trimestre', '2do_cuatrimestre', '3er_cuatrimestre', '4to_cuatrimestre', 'facturacion_anual', 'facturacion_mensual']
WARNING 2025-04-30 14:29:14,690 transform Could not convert column facturado_2024 to numeric: The truth value of a Series is ambiguous. Use a.empty, a.bool(), a.item(), a.any() or a.all().
WARNING 2025-04-30 14:29:14,691 transform Could not convert column facturado_2024 to numeric: The truth value of a Series is ambiguous. Use a.empty, a.bool(), a.item(), a.any() or a.all().
WARNING 2025-04-30 14:29:14,692 transform Could not convert column facturado_2024 to numeric: The truth value of a Series is ambiguous. Use a.empty, a.bool(), a.item(), a.any() or a.all().
INFO 2025-04-30 14:29:14,704 transform Successfully loaded and parsed: ActivaGFINAL - Presupuesto 2,025.csv
INFO 2025-04-30 14:29:14,705 transform   Shape: (79, 12)
INFO 2025-04-30 14:29:14,705 transform   Columns: ['cliente', 'facturacion', 'presupuesto', 'facturado_2024', 'facturado_2024', 'facturado_2024', '1er_trimestre', '2do_cuatrimestre', '3er_cuatrimestre', '4to_cuatrimestre', 'facturacion_real', 'proyeccion']
INFO 2025-04-30 14:29:14,807 transform Successfully loaded and parsed: ActivaGFINAL - Profit & Loss.csv
INFO 2025-04-30 14:29:14,808 transform   Shape: (78, 15)
INFO 2025-04-30 14:29:14,808 transform   Columns: ['concepto', 'ENERO', 'FEBRERO', 'MARZO', 'ABRIL', 'MAYO', 'JUNIO', 'JULIO', 'AGOSTO', 'SEPTIEMBRE', 'OCTUBRE', 'NOVIEMBRE', 'DICIEMBRE', 'CONSOLIDADO', 'Unnamed: 14']
INFO 2025-04-30 14:29:14,808 transform Loaded 5 CSV files
INFO 2025-04-30 14:29:14,808 views Transforming and combining all data
INFO 2025-04-30 14:29:14,817 transform Added brand information to 4 clients
INFO 2025-04-30 14:29:14,820 transform Merged 11 columns from activagfinal_ingresos_anuales_mensuales_proy_2
INFO 2025-04-30 14:29:14,823 transform Merged 11 columns from activagfinal_presupuesto_2_025
INFO 2025-04-30 14:29:14,823 transform Saved financial summary data from activagfinal_profit_loss
INFO 2025-04-30 14:29:14,824 transform Created combined dataframe with 52 clients and 21 columns
INFO 2025-04-30 14:29:14,824 views Getting combined data as dictionary
INFO 2025-04-30 14:29:14,829 views Successfully processed and combined data
INFO 2025-04-30 14:29:14,837 views Initializing S3 connector
INFO 2025-04-30 14:29:14,844 utils Initialized S3Connector for bucket: activa-datalake
INFO 2025-04-30 14:29:15,088 utils Found 6 objects with prefix: raw-data-activa/
INFO 2025-04-30 14:29:15,181 transform Successfully loaded and parsed: ActivaGFINAL - CLIENTES MARCAS.csv
INFO 2025-04-30 14:29:15,181 transform   Shape: (74, 4)
INFO 2025-04-30 14:29:15,182 transform   Columns: ['cliente_marca', 'tipo_cliente', 'cliente_desde', 'rubro_negocios']
INFO 2025-04-30 14:29:15,266 transform Successfully loaded and parsed: ActivaGFINAL - Clientes AG 2.csv
INFO 2025-04-30 14:29:15,267 transform   Shape: (46, 2)
INFO 2025-04-30 14:29:15,268 transform   Columns: ['cliente', 'industria']
WARNING 2025-04-30 14:29:15,353 transform Could not convert column facturado_2024 to numeric: The truth value of a Series is ambiguous. Use a.empty, a.bool(), a.item(), a.any() or a.all().
WARNING 2025-04-30 14:29:15,354 transform Could not convert column facturado_2024 to numeric: The truth value of a Series is ambiguous. Use a.empty, a.bool(), a.item(), a.any() or a.all().
WARNING 2025-04-30 14:29:15,354 transform Could not convert column facturado_2024 to numeric: The truth value of a Series is ambiguous. Use a.empty, a.bool(), a.item(), a.any() or a.all().
INFO 2025-04-30 14:29:15,366 transform Successfully loaded and parsed: ActivaGFINAL - Ingresos Anuales-Mensuales Proy 2.csv
INFO 2025-04-30 14:29:15,367 transform   Shape: (77, 12)
INFO 2025-04-30 14:29:15,367 transform   Columns: ['cliente', 'facturacion', 'presupuesto', 'facturado_2024', 'facturado_2024', 'facturado_2024', '1er_trimestre', '2do_cuatrimestre', '3er_cuatrimestre', '4to_cuatrimestre', 'facturacion_anual', 'facturacion_mensual']
WARNING 2025-04-30 14:29:15,457 transform Could not convert column facturado_2024 to numeric: The truth value of a Series is ambiguous. Use a.empty, a.bool(), a.item(), a.any() or a.all().
WARNING 2025-04-30 14:29:15,459 transform Could not convert column facturado_2024 to numeric: The truth value of a Series is ambiguous. Use a.empty, a.bool(), a.item(), a.any() or a.all().
WARNING 2025-04-30 14:29:15,460 transform Could not convert column facturado_2024 to numeric: The truth value of a Series is ambiguous. Use a.empty, a.bool(), a.item(), a.any() or a.all().
INFO 2025-04-30 14:29:15,475 transform Successfully loaded and parsed: ActivaGFINAL - Presupuesto 2,025.csv
INFO 2025-04-30 14:29:15,475 transform   Shape: (79, 12)
INFO 2025-04-30 14:29:15,475 transform   Columns: ['cliente', 'facturacion', 'presupuesto', 'facturado_2024', 'facturado_2024', 'facturado_2024', '1er_trimestre', '2do_cuatrimestre', '3er_cuatrimestre', '4to_cuatrimestre', 'facturacion_real', 'proyeccion']
INFO 2025-04-30 14:29:15,579 transform Successfully loaded and parsed: ActivaGFINAL - Profit & Loss.csv
INFO 2025-04-30 14:29:15,579 transform   Shape: (78, 15)
INFO 2025-04-30 14:29:15,579 transform   Columns: ['concepto', 'ENERO', 'FEBRERO', 'MARZO', 'ABRIL', 'MAYO', 'JUNIO', 'JULIO', 'AGOSTO', 'SEPTIEMBRE', 'OCTUBRE', 'NOVIEMBRE', 'DICIEMBRE', 'CONSOLIDADO', 'Unnamed: 14']
INFO 2025-04-30 14:29:15,579 transform Loaded 5 CSV files
INFO 2025-04-30 14:29:25,487 views Initializing S3 connector
INFO 2025-04-30 14:29:25,500 utils Initialized S3Connector for bucket: activa-datalake
INFO 2025-04-30 14:29:25,864 utils Found 6 objects with prefix: raw-data-activa/
INFO 2025-04-30 14:29:25,956 transform Successfully loaded and parsed: ActivaGFINAL - CLIENTES MARCAS.csv
INFO 2025-04-30 14:29:25,957 transform   Shape: (74, 4)
INFO 2025-04-30 14:29:25,957 transform   Columns: ['cliente_marca', 'tipo_cliente', 'cliente_desde', 'rubro_negocios']
INFO 2025-04-30 14:29:26,041 transform Successfully loaded and parsed: ActivaGFINAL - Clientes AG 2.csv
INFO 2025-04-30 14:29:26,042 transform   Shape: (46, 2)
INFO 2025-04-30 14:29:26,042 transform   Columns: ['cliente', 'industria']
WARNING 2025-04-30 14:29:26,128 transform Could not convert column facturado_2024 to numeric: The truth value of a Series is ambiguous. Use a.empty, a.bool(), a.item(), a.any() or a.all().
WARNING 2025-04-30 14:29:26,129 transform Could not convert column facturado_2024 to numeric: The truth value of a Series is ambiguous. Use a.empty, a.bool(), a.item(), a.any() or a.all().
WARNING 2025-04-30 14:29:26,130 transform Could not convert column facturado_2024 to numeric: The truth value of a Series is ambiguous. Use a.empty, a.bool(), a.item(), a.any() or a.all().
INFO 2025-04-30 14:29:26,143 transform Successfully loaded and parsed: ActivaGFINAL - Ingresos Anuales-Mensuales Proy 2.csv
INFO 2025-04-30 14:29:26,143 transform   Shape: (77, 12)
INFO 2025-04-30 14:29:26,143 transform   Columns: ['cliente', 'facturacion', 'presupuesto', 'facturado_2024', 'facturado_2024', 'facturado_2024', '1er_trimestre', '2do_cuatrimestre', '3er_cuatrimestre', '4to_cuatrimestre', 'facturacion_anual', 'facturacion_mensual']
WARNING 2025-04-30 14:29:26,226 transform Could not convert column facturado_2024 to numeric: The truth value of a Series is ambiguous. Use a.empty, a.bool(), a.item(), a.any() or a.all().
WARNING 2025-04-30 14:29:26,227 transform Could not convert column facturado_2024 to numeric: The truth value of a Series is ambiguous. Use a.empty, a.bool(), a.item(), a.any() or a.all().
WARNING 2025-04-30 14:29:26,227 transform Could not convert column facturado_2024 to numeric: The truth value of a Series is ambiguous. Use a.empty, a.bool(), a.item(), a.any() or a.all().
INFO 2025-04-30 14:29:26,238 transform Successfully loaded and parsed: ActivaGFINAL - Presupuesto 2,025.csv
INFO 2025-04-30 14:29:26,238 transform   Shape: (79, 12)
INFO 2025-04-30 14:29:26,239 transform   Columns: ['cliente', 'facturacion', 'presupuesto', 'facturado_2024', 'facturado_2024', 'facturado_2024', '1er_trimestre', '2do_cuatrimestre', '3er_cuatrimestre', '4to_cuatrimestre', 'facturacion_real', 'proyeccion']
INFO 2025-04-30 14:29:26,339 transform Successfully loaded and parsed: ActivaGFINAL - Profit & Loss.csv
INFO 2025-04-30 14:29:26,340 transform   Shape: (78, 15)
INFO 2025-04-30 14:29:26,340 transform   Columns: ['concepto', 'ENERO', 'FEBRERO', 'MARZO', 'ABRIL', 'MAYO', 'JUNIO', 'JULIO', 'AGOSTO', 'SEPTIEMBRE', 'OCTUBRE', 'NOVIEMBRE', 'DICIEMBRE', 'CONSOLIDADO', 'Unnamed: 14']
INFO 2025-04-30 14:29:26,340 transform Loaded 5 CSV files
INFO 2025-04-30 14:29:26,349 transform Added brand information to 4 clients
INFO 2025-04-30 14:29:26,353 transform Merged 11 columns from activagfinal_ingresos_anuales_mensuales_proy_2
INFO 2025-04-30 14:29:26,356 transform Merged 11 columns from activagfinal_presupuesto_2_025
INFO 2025-04-30 14:29:26,356 transform Saved financial summary data from activagfinal_profit_loss
INFO 2025-04-30 14:29:26,356 transform Created combined dataframe with 52 clients and 21 columns
INFO 2025-04-30 14:29:26,367 views Initializing S3 connector
INFO 2025-04-30 14:29:26,373 utils Initialized S3Connector for bucket: activa-datalake
INFO 2025-04-30 14:29:26,373 views Initializing custom data transformer
INFO 2025-04-30 14:29:26,373 views Loading and parsing CSV files from S3
INFO 2025-04-30 14:29:26,607 utils Found 6 objects with prefix: raw-data-activa/
INFO 2025-04-30 14:29:26,690 transform Successfully loaded and parsed: ActivaGFINAL - CLIENTES MARCAS.csv
INFO 2025-04-30 14:29:26,690 transform   Shape: (74, 4)
INFO 2025-04-30 14:29:26,690 transform   Columns: ['cliente_marca', 'tipo_cliente', 'cliente_desde', 'rubro_negocios']
INFO 2025-04-30 14:29:26,773 transform Successfully loaded and parsed: ActivaGFINAL - Clientes AG 2.csv
INFO 2025-04-30 14:29:26,773 transform   Shape: (46, 2)
INFO 2025-04-30 14:29:26,773 transform   Columns: ['cliente', 'industria']
WARNING 2025-04-30 14:29:26,856 transform Could not convert column facturado_2024 to numeric: The truth value of a Series is ambiguous. Use a.empty, a.bool(), a.item(), a.any() or a.all().
WARNING 2025-04-30 14:29:26,857 transform Could not convert column facturado_2024 to numeric: The truth value of a Series is ambiguous. Use a.empty, a.bool(), a.item(), a.any() or a.all().
WARNING 2025-04-30 14:29:26,858 transform Could not convert column facturado_2024 to numeric: The truth value of a Series is ambiguous. Use a.empty, a.bool(), a.item(), a.any() or a.all().
INFO 2025-04-30 14:29:26,869 transform Successfully loaded and parsed: ActivaGFINAL - Ingresos Anuales-Mensuales Proy 2.csv
INFO 2025-04-30 14:29:26,869 transform   Shape: (77, 12)
INFO 2025-04-30 14:29:26,869 transform   Columns: ['cliente', 'facturacion', 'presupuesto', 'facturado_2024', 'facturado_2024', 'facturado_2024', '1er_trimestre', '2do_cuatrimestre', '3er_cuatrimestre', '4to_cuatrimestre', 'facturacion_anual', 'facturacion_mensual']
WARNING 2025-04-30 14:29:26,960 transform Could not convert column facturado_2024 to numeric: The truth value of a Series is ambiguous. Use a.empty, a.bool(), a.item(), a.any() or a.all().
WARNING 2025-04-30 14:29:26,961 transform Could not convert column facturado_2024 to numeric: The truth value of a Series is ambiguous. Use a.empty, a.bool(), a.item(), a.any() or a.all().
WARNING 2025-04-30 14:29:26,963 transform Could not convert column facturado_2024 to numeric: The truth value of a Series is ambiguous. Use a.empty, a.bool(), a.item(), a.any() or a.all().
INFO 2025-04-30 14:29:26,979 transform Successfully loaded and parsed: ActivaGFINAL - Presupuesto 2,025.csv
INFO 2025-04-30 14:29:26,980 transform   Shape: (79, 12)
INFO 2025-04-30 14:29:26,981 transform   Columns: ['cliente', 'facturacion', 'presupuesto', 'facturado_2024', 'facturado_2024', 'facturado_2024', '1er_trimestre', '2do_cuatrimestre', '3er_cuatrimestre', '4to_cuatrimestre', 'facturacion_real', 'proyeccion']
INFO 2025-04-30 14:29:27,089 transform Successfully loaded and parsed: ActivaGFINAL - Profit & Loss.csv
INFO 2025-04-30 14:29:27,090 transform   Shape: (78, 15)
INFO 2025-04-30 14:29:27,090 transform   Columns: ['concepto', 'ENERO', 'FEBRERO', 'MARZO', 'ABRIL', 'MAYO', 'JUNIO', 'JULIO', 'AGOSTO', 'SEPTIEMBRE', 'OCTUBRE', 'NOVIEMBRE', 'DICIEMBRE', 'CONSOLIDADO', 'Unnamed: 14']
INFO 2025-04-30 14:29:27,090 transform Loaded 5 CSV files
INFO 2025-04-30 14:29:27,090 views Transforming and combining all data
INFO 2025-04-30 14:29:27,096 transform Added brand information to 4 clients
INFO 2025-04-30 14:29:27,099 transform Merged 11 columns from activagfinal_ingresos_anuales_mensuales_proy_2
INFO 2025-04-30 14:29:27,101 transform Merged 11 columns from activagfinal_presupuesto_2_025
INFO 2025-04-30 14:29:27,101 transform Saved financial summary data from activagfinal_profit_loss
INFO 2025-04-30 14:29:27,102 transform Created combined dataframe with 52 clients and 21 columns
INFO 2025-04-30 14:29:27,102 views Getting combined data as dictionary
INFO 2025-04-30 14:29:27,107 views Successfully processed and combined data
INFO 2025-04-30 14:29:27,115 views Initializing S3 connector
INFO 2025-04-30 14:29:27,120 utils Initialized S3Connector for bucket: activa-datalake
INFO 2025-04-30 14:29:27,361 utils Found 6 objects with prefix: raw-data-activa/
INFO 2025-04-30 14:29:27,448 transform Successfully loaded and parsed: ActivaGFINAL - CLIENTES MARCAS.csv
INFO 2025-04-30 14:29:27,448 transform   Shape: (74, 4)
INFO 2025-04-30 14:29:27,449 transform   Columns: ['cliente_marca', 'tipo_cliente', 'cliente_desde', 'rubro_negocios']
INFO 2025-04-30 14:29:27,530 transform Successfully loaded and parsed: ActivaGFINAL - Clientes AG 2.csv
INFO 2025-04-30 14:29:27,530 transform   Shape: (46, 2)
INFO 2025-04-30 14:29:27,530 transform   Columns: ['cliente', 'industria']
WARNING 2025-04-30 14:29:27,618 transform Could not convert column facturado_2024 to numeric: The truth value of a Series is ambiguous. Use a.empty, a.bool(), a.item(), a.any() or a.all().
WARNING 2025-04-30 14:29:27,619 transform Could not convert column facturado_2024 to numeric: The truth value of a Series is ambiguous. Use a.empty, a.bool(), a.item(), a.any() or a.all().
WARNING 2025-04-30 14:29:27,620 transform Could not convert column facturado_2024 to numeric: The truth value of a Series is ambiguous. Use a.empty, a.bool(), a.item(), a.any() or a.all().
INFO 2025-04-30 14:29:27,632 transform Successfully loaded and parsed: ActivaGFINAL - Ingresos Anuales-Mensuales Proy 2.csv
INFO 2025-04-30 14:29:27,632 transform   Shape: (77, 12)
INFO 2025-04-30 14:29:27,632 transform   Columns: ['cliente', 'facturacion', 'presupuesto', 'facturado_2024', 'facturado_2024', 'facturado_2024', '1er_trimestre', '2do_cuatrimestre', '3er_cuatrimestre', '4to_cuatrimestre', 'facturacion_anual', 'facturacion_mensual']
WARNING 2025-04-30 14:29:27,721 transform Could not convert column facturado_2024 to numeric: The truth value of a Series is ambiguous. Use a.empty, a.bool(), a.item(), a.any() or a.all().
WARNING 2025-04-30 14:29:27,722 transform Could not convert column facturado_2024 to numeric: The truth value of a Series is ambiguous. Use a.empty, a.bool(), a.item(), a.any() or a.all().
WARNING 2025-04-30 14:29:27,723 transform Could not convert column facturado_2024 to numeric: The truth value of a Series is ambiguous. Use a.empty, a.bool(), a.item(), a.any() or a.all().
INFO 2025-04-30 14:29:27,735 transform Successfully loaded and parsed: ActivaGFINAL - Presupuesto 2,025.csv
INFO 2025-04-30 14:29:27,735 transform   Shape: (79, 12)
INFO 2025-04-30 14:29:27,735 transform   Columns: ['cliente', 'facturacion', 'presupuesto', 'facturado_2024', 'facturado_2024', 'facturado_2024', '1er_trimestre', '2do_cuatrimestre', '3er_cuatrimestre', '4to_cuatrimestre', 'facturacion_real', 'proyeccion']
INFO 2025-04-30 14:29:27,840 transform Successfully loaded and parsed: ActivaGFINAL - Profit & Loss.csv
INFO 2025-04-30 14:29:27,840 transform   Shape: (78, 15)
INFO 2025-04-30 14:29:27,841 transform   Columns: ['concepto', 'ENERO', 'FEBRERO', 'MARZO', 'ABRIL', 'MAYO', 'JUNIO', 'JULIO', 'AGOSTO', 'SEPTIEMBRE', 'OCTUBRE', 'NOVIEMBRE', 'DICIEMBRE', 'CONSOLIDADO', 'Unnamed: 14']
INFO 2025-04-30 14:29:27,841 transform Loaded 5 CSV files
INFO 2025-04-30 14:29:51,736 views Initializing S3 connector
INFO 2025-04-30 14:29:51,745 utils Initialized S3Connector for bucket: activa-datalake
INFO 2025-04-30 14:29:52,071 utils Found 6 objects with prefix: raw-data-activa/
INFO 2025-04-30 14:29:52,166 transform Successfully loaded and parsed: ActivaGFINAL - CLIENTES MARCAS.csv
INFO 2025-04-30 14:29:52,167 transform   Shape: (74, 4)
INFO 2025-04-30 14:29:52,167 transform   Columns: ['cliente_marca', 'tipo_cliente', 'cliente_desde', 'rubro_negocios']
INFO 2025-04-30 14:29:52,255 transform Successfully loaded and parsed: ActivaGFINAL - Clientes AG 2.csv
INFO 2025-04-30 14:29:52,256 transform   Shape: (46, 2)
INFO 2025-04-30 14:29:52,256 transform   Columns: ['cliente', 'industria']
WARNING 2025-04-30 14:29:52,347 transform Could not convert column facturado_2024 to numeric: The truth value of a Series is ambiguous. Use a.empty, a.bool(), a.item(), a.any() or a.all().
WARNING 2025-04-30 14:29:52,349 transform Could not convert column facturado_2024 to numeric: The truth value of a Series is ambiguous. Use a.empty, a.bool(), a.item(), a.any() or a.all().
WARNING 2025-04-30 14:29:52,349 transform Could not convert column facturado_2024 to numeric: The truth value of a Series is ambiguous. Use a.empty, a.bool(), a.item(), a.any() or a.all().
INFO 2025-04-30 14:29:52,362 transform Successfully loaded and parsed: ActivaGFINAL - Ingresos Anuales-Mensuales Proy 2.csv
INFO 2025-04-30 14:29:52,362 transform   Shape: (77, 12)
INFO 2025-04-30 14:29:52,363 transform   Columns: ['cliente', 'facturacion', 'presupuesto', 'facturado_2024', 'facturado_2024', 'facturado_2024', '1er_trimestre', '2do_cuatrimestre', '3er_cuatrimestre', '4to_cuatrimestre', 'facturacion_anual', 'facturacion_mensual']
WARNING 2025-04-30 14:29:52,456 transform Could not convert column facturado_2024 to numeric: The truth value of a Series is ambiguous. Use a.empty, a.bool(), a.item(), a.any() or a.all().
WARNING 2025-04-30 14:29:52,457 transform Could not convert column facturado_2024 to numeric: The truth value of a Series is ambiguous. Use a.empty, a.bool(), a.item(), a.any() or a.all().
WARNING 2025-04-30 14:29:52,457 transform Could not convert column facturado_2024 to numeric: The truth value of a Series is ambiguous. Use a.empty, a.bool(), a.item(), a.any() or a.all().
INFO 2025-04-30 14:29:52,469 transform Successfully loaded and parsed: ActivaGFINAL - Presupuesto 2,025.csv
INFO 2025-04-30 14:29:52,469 transform   Shape: (79, 12)
INFO 2025-04-30 14:29:52,469 transform   Columns: ['cliente', 'facturacion', 'presupuesto', 'facturado_2024', 'facturado_2024', 'facturado_2024', '1er_trimestre', '2do_cuatrimestre', '3er_cuatrimestre', '4to_cuatrimestre', 'facturacion_real', 'proyeccion']
INFO 2025-04-30 14:29:52,573 transform Successfully loaded and parsed: ActivaGFINAL - Profit & Loss.csv
INFO 2025-04-30 14:29:52,574 transform   Shape: (78, 15)
INFO 2025-04-30 14:29:52,574 transform   Columns: ['concepto', 'ENERO', 'FEBRERO', 'MARZO', 'ABRIL', 'MAYO', 'JUNIO', 'JULIO', 'AGOSTO', 'SEPTIEMBRE', 'OCTUBRE', 'NOVIEMBRE', 'DICIEMBRE', 'CONSOLIDADO', 'Unnamed: 14']
INFO 2025-04-30 14:29:52,574 transform Loaded 5 CSV files
INFO 2025-04-30 14:29:52,585 transform Added brand information to 4 clients
INFO 2025-04-30 14:29:52,590 transform Merged 11 columns from activagfinal_ingresos_anuales_mensuales_proy_2
INFO 2025-04-30 14:29:52,594 transform Merged 11 columns from activagfinal_presupuesto_2_025
INFO 2025-04-30 14:29:52,594 transform Saved financial summary data from activagfinal_profit_loss
INFO 2025-04-30 14:29:52,594 transform Created combined dataframe with 52 clients and 21 columns
INFO 2025-04-30 14:29:52,606 views Initializing S3 connector
INFO 2025-04-30 14:29:52,613 utils Initialized S3Connector for bucket: activa-datalake
INFO 2025-04-30 14:29:52,613 views Initializing custom data transformer
INFO 2025-04-30 14:29:52,613 views Loading and parsing CSV files from S3
INFO 2025-04-30 14:29:52,841 utils Found 6 objects with prefix: raw-data-activa/
INFO 2025-04-30 14:29:52,925 transform Successfully loaded and parsed: ActivaGFINAL - CLIENTES MARCAS.csv
INFO 2025-04-30 14:29:52,926 transform   Shape: (74, 4)
INFO 2025-04-30 14:29:52,926 transform   Columns: ['cliente_marca', 'tipo_cliente', 'cliente_desde', 'rubro_negocios']
INFO 2025-04-30 14:29:53,011 transform Successfully loaded and parsed: ActivaGFINAL - Clientes AG 2.csv
INFO 2025-04-30 14:29:53,011 transform   Shape: (46, 2)
INFO 2025-04-30 14:29:53,011 transform   Columns: ['cliente', 'industria']
WARNING 2025-04-30 14:29:53,096 transform Could not convert column facturado_2024 to numeric: The truth value of a Series is ambiguous. Use a.empty, a.bool(), a.item(), a.any() or a.all().
WARNING 2025-04-30 14:29:53,097 transform Could not convert column facturado_2024 to numeric: The truth value of a Series is ambiguous. Use a.empty, a.bool(), a.item(), a.any() or a.all().
WARNING 2025-04-30 14:29:53,098 transform Could not convert column facturado_2024 to numeric: The truth value of a Series is ambiguous. Use a.empty, a.bool(), a.item(), a.any() or a.all().
INFO 2025-04-30 14:29:53,109 transform Successfully loaded and parsed: ActivaGFINAL - Ingresos Anuales-Mensuales Proy 2.csv
INFO 2025-04-30 14:29:53,110 transform   Shape: (77, 12)
INFO 2025-04-30 14:29:53,110 transform   Columns: ['cliente', 'facturacion', 'presupuesto', 'facturado_2024', 'facturado_2024', 'facturado_2024', '1er_trimestre', '2do_cuatrimestre', '3er_cuatrimestre', '4to_cuatrimestre', 'facturacion_anual', 'facturacion_mensual']
WARNING 2025-04-30 14:29:53,197 transform Could not convert column facturado_2024 to numeric: The truth value of a Series is ambiguous. Use a.empty, a.bool(), a.item(), a.any() or a.all().
WARNING 2025-04-30 14:29:53,198 transform Could not convert column facturado_2024 to numeric: The truth value of a Series is ambiguous. Use a.empty, a.bool(), a.item(), a.any() or a.all().
WARNING 2025-04-30 14:29:53,199 transform Could not convert column facturado_2024 to numeric: The truth value of a Series is ambiguous. Use a.empty, a.bool(), a.item(), a.any() or a.all().
INFO 2025-04-30 14:29:53,210 transform Successfully loaded and parsed: ActivaGFINAL - Presupuesto 2,025.csv
INFO 2025-04-30 14:29:53,211 transform   Shape: (79, 12)
INFO 2025-04-30 14:29:53,211 transform   Columns: ['cliente', 'facturacion', 'presupuesto', 'facturado_2024', 'facturado_2024', 'facturado_2024', '1er_trimestre', '2do_cuatrimestre', '3er_cuatrimestre', '4to_cuatrimestre', 'facturacion_real', 'proyeccion']
INFO 2025-04-30 14:29:53,313 transform Successfully loaded and parsed: ActivaGFINAL - Profit & Loss.csv
INFO 2025-04-30 14:29:53,314 transform   Shape: (78, 15)
INFO 2025-04-30 14:29:53,314 transform   Columns: ['concepto', 'ENERO', 'FEBRERO', 'MARZO', 'ABRIL', 'MAYO', 'JUNIO', 'JULIO', 'AGOSTO', 'SEPTIEMBRE', 'OCTUBRE', 'NOVIEMBRE', 'DICIEMBRE', 'CONSOLIDADO', 'Unnamed: 14']
INFO 2025-04-30 14:29:53,314 transform Loaded 5 CSV files
INFO 2025-04-30 14:29:53,314 views Transforming and combining all data
INFO 2025-04-30 14:29:53,323 transform Added brand information to 4 clients
INFO 2025-04-30 14:29:53,326 transform Merged 11 columns from activagfinal_ingresos_anuales_mensuales_proy_2
INFO 2025-04-30 14:29:53,329 transform Merged 11 columns from activagfinal_presupuesto_2_025
INFO 2025-04-30 14:29:53,329 transform Saved financial summary data from activagfinal_profit_loss
INFO 2025-04-30 14:29:53,330 transform Created combined dataframe with 52 clients and 21 columns
INFO 2025-04-30 14:29:53,330 views Getting combined data as dictionary
INFO 2025-04-30 14:29:53,335 views Successfully processed and combined data
INFO 2025-04-30 14:29:53,343 views Initializing S3 connector
INFO 2025-04-30 14:29:53,348 utils Initialized S3Connector for bucket: activa-datalake
INFO 2025-04-30 14:29:53,576 utils Found 6 objects with prefix: raw-data-activa/
INFO 2025-04-30 14:29:53,662 transform Successfully loaded and parsed: ActivaGFINAL - CLIENTES MARCAS.csv
INFO 2025-04-30 14:29:53,663 transform   Shape: (74, 4)
INFO 2025-04-30 14:29:53,663 transform   Columns: ['cliente_marca', 'tipo_cliente', 'cliente_desde', 'rubro_negocios']
INFO 2025-04-30 14:29:53,760 transform Successfully loaded and parsed: ActivaGFINAL - Clientes AG 2.csv
INFO 2025-04-30 14:29:53,760 transform   Shape: (46, 2)
INFO 2025-04-30 14:29:53,760 transform   Columns: ['cliente', 'industria']
WARNING 2025-04-30 14:29:53,851 transform Could not convert column facturado_2024 to numeric: The truth value of a Series is ambiguous. Use a.empty, a.bool(), a.item(), a.any() or a.all().
WARNING 2025-04-30 14:29:53,853 transform Could not convert column facturado_2024 to numeric: The truth value of a Series is ambiguous. Use a.empty, a.bool(), a.item(), a.any() or a.all().
WARNING 2025-04-30 14:29:53,853 transform Could not convert column facturado_2024 to numeric: The truth value of a Series is ambiguous. Use a.empty, a.bool(), a.item(), a.any() or a.all().
INFO 2025-04-30 14:29:53,866 transform Successfully loaded and parsed: ActivaGFINAL - Ingresos Anuales-Mensuales Proy 2.csv
INFO 2025-04-30 14:29:53,866 transform   Shape: (77, 12)
INFO 2025-04-30 14:29:53,866 transform   Columns: ['cliente', 'facturacion', 'presupuesto', 'facturado_2024', 'facturado_2024', 'facturado_2024', '1er_trimestre', '2do_cuatrimestre', '3er_cuatrimestre', '4to_cuatrimestre', 'facturacion_anual', 'facturacion_mensual']
WARNING 2025-04-30 14:29:53,956 transform Could not convert column facturado_2024 to numeric: The truth value of a Series is ambiguous. Use a.empty, a.bool(), a.item(), a.any() or a.all().
WARNING 2025-04-30 14:29:53,957 transform Could not convert column facturado_2024 to numeric: The truth value of a Series is ambiguous. Use a.empty, a.bool(), a.item(), a.any() or a.all().
WARNING 2025-04-30 14:29:53,958 transform Could not convert column facturado_2024 to numeric: The truth value of a Series is ambiguous. Use a.empty, a.bool(), a.item(), a.any() or a.all().
INFO 2025-04-30 14:29:53,970 transform Successfully loaded and parsed: ActivaGFINAL - Presupuesto 2,025.csv
INFO 2025-04-30 14:29:53,971 transform   Shape: (79, 12)
INFO 2025-04-30 14:29:53,971 transform   Columns: ['cliente', 'facturacion', 'presupuesto', 'facturado_2024', 'facturado_2024', 'facturado_2024', '1er_trimestre', '2do_cuatrimestre', '3er_cuatrimestre', '4to_cuatrimestre', 'facturacion_real', 'proyeccion']
INFO 2025-04-30 14:29:54,074 transform Successfully loaded and parsed: ActivaGFINAL - Profit & Loss.csv
INFO 2025-04-30 14:29:54,074 transform   Shape: (78, 15)
INFO 2025-04-30 14:29:54,074 transform   Columns: ['concepto', 'ENERO', 'FEBRERO', 'MARZO', 'ABRIL', 'MAYO', 'JUNIO', 'JULIO', 'AGOSTO', 'SEPTIEMBRE', 'OCTUBRE', 'NOVIEMBRE', 'DICIEMBRE', 'CONSOLIDADO', 'Unnamed: 14']
INFO 2025-04-30 14:29:54,074 transform Loaded 5 CSV files
INFO 2025-04-30 14:29:57,714 views Initializing S3 connector
INFO 2025-04-30 14:29:57,724 utils Initialized S3Connector for bucket: activa-datalake
INFO 2025-04-30 14:29:57,958 utils Found 6 objects with prefix: raw-data-activa/
INFO 2025-04-30 14:29:58,048 transform Successfully loaded and parsed: ActivaGFINAL - CLIENTES MARCAS.csv
INFO 2025-04-30 14:29:58,049 transform   Shape: (74, 4)
INFO 2025-04-30 14:29:58,049 transform   Columns: ['cliente_marca', 'tipo_cliente', 'cliente_desde', 'rubro_negocios']
INFO 2025-04-30 14:29:58,131 transform Successfully loaded and parsed: ActivaGFINAL - Clientes AG 2.csv
INFO 2025-04-30 14:29:58,131 transform   Shape: (46, 2)
INFO 2025-04-30 14:29:58,132 transform   Columns: ['cliente', 'industria']
WARNING 2025-04-30 14:29:58,218 transform Could not convert column facturado_2024 to numeric: The truth value of a Series is ambiguous. Use a.empty, a.bool(), a.item(), a.any() or a.all().
WARNING 2025-04-30 14:29:58,219 transform Could not convert column facturado_2024 to numeric: The truth value of a Series is ambiguous. Use a.empty, a.bool(), a.item(), a.any() or a.all().
WARNING 2025-04-30 14:29:58,220 transform Could not convert column facturado_2024 to numeric: The truth value of a Series is ambiguous. Use a.empty, a.bool(), a.item(), a.any() or a.all().
INFO 2025-04-30 14:29:58,231 transform Successfully loaded and parsed: ActivaGFINAL - Ingresos Anuales-Mensuales Proy 2.csv
INFO 2025-04-30 14:29:58,232 transform   Shape: (77, 12)
INFO 2025-04-30 14:29:58,232 transform   Columns: ['cliente', 'facturacion', 'presupuesto', 'facturado_2024', 'facturado_2024', 'facturado_2024', '1er_trimestre', '2do_cuatrimestre', '3er_cuatrimestre', '4to_cuatrimestre', 'facturacion_anual', 'facturacion_mensual']
WARNING 2025-04-30 14:29:58,328 transform Could not convert column facturado_2024 to numeric: The truth value of a Series is ambiguous. Use a.empty, a.bool(), a.item(), a.any() or a.all().
WARNING 2025-04-30 14:29:58,329 transform Could not convert column facturado_2024 to numeric: The truth value of a Series is ambiguous. Use a.empty, a.bool(), a.item(), a.any() or a.all().
WARNING 2025-04-30 14:29:58,330 transform Could not convert column facturado_2024 to numeric: The truth value of a Series is ambiguous. Use a.empty, a.bool(), a.item(), a.any() or a.all().
INFO 2025-04-30 14:29:58,343 transform Successfully loaded and parsed: ActivaGFINAL - Presupuesto 2,025.csv
INFO 2025-04-30 14:29:58,343 transform   Shape: (79, 12)
INFO 2025-04-30 14:29:58,343 transform   Columns: ['cliente', 'facturacion', 'presupuesto', 'facturado_2024', 'facturado_2024', 'facturado_2024', '1er_trimestre', '2do_cuatrimestre', '3er_cuatrimestre', '4to_cuatrimestre', 'facturacion_real', 'proyeccion']
INFO 2025-04-30 14:29:58,453 transform Successfully loaded and parsed: ActivaGFINAL - Profit & Loss.csv
INFO 2025-04-30 14:29:58,454 transform   Shape: (78, 15)
INFO 2025-04-30 14:29:58,454 transform   Columns: ['concepto', 'ENERO', 'FEBRERO', 'MARZO', 'ABRIL', 'MAYO', 'JUNIO', 'JULIO', 'AGOSTO', 'SEPTIEMBRE', 'OCTUBRE', 'NOVIEMBRE', 'DICIEMBRE', 'CONSOLIDADO', 'Unnamed: 14']
INFO 2025-04-30 14:29:58,454 transform Loaded 5 CSV files
INFO 2025-04-30 14:29:58,461 transform Added brand information to 4 clients
INFO 2025-04-30 14:29:58,463 transform Merged 11 columns from activagfinal_ingresos_anuales_mensuales_proy_2
INFO 2025-04-30 14:29:58,466 transform Merged 11 columns from activagfinal_presupuesto_2_025
INFO 2025-04-30 14:29:58,467 transform Saved financial summary data from activagfinal_profit_loss
INFO 2025-04-30 14:29:58,467 transform Created combined dataframe with 52 clients and 21 columns
INFO 2025-04-30 14:29:58,478 views Initializing S3 connector
INFO 2025-04-30 14:29:58,483 utils Initialized S3Connector for bucket: activa-datalake
INFO 2025-04-30 14:29:58,483 views Initializing custom data transformer
INFO 2025-04-30 14:29:58,483 views Loading and parsing CSV files from S3
INFO 2025-04-30 14:29:58,741 utils Found 6 objects with prefix: raw-data-activa/
INFO 2025-04-30 14:29:58,829 transform Successfully loaded and parsed: ActivaGFINAL - CLIENTES MARCAS.csv
INFO 2025-04-30 14:29:58,830 transform   Shape: (74, 4)
INFO 2025-04-30 14:29:58,830 transform   Columns: ['cliente_marca', 'tipo_cliente', 'cliente_desde', 'rubro_negocios']
INFO 2025-04-30 14:29:58,912 transform Successfully loaded and parsed: ActivaGFINAL - Clientes AG 2.csv
INFO 2025-04-30 14:29:58,913 transform   Shape: (46, 2)
INFO 2025-04-30 14:29:58,913 transform   Columns: ['cliente', 'industria']
WARNING 2025-04-30 14:29:58,995 transform Could not convert column facturado_2024 to numeric: The truth value of a Series is ambiguous. Use a.empty, a.bool(), a.item(), a.any() or a.all().
WARNING 2025-04-30 14:29:58,996 transform Could not convert column facturado_2024 to numeric: The truth value of a Series is ambiguous. Use a.empty, a.bool(), a.item(), a.any() or a.all().
WARNING 2025-04-30 14:29:58,997 transform Could not convert column facturado_2024 to numeric: The truth value of a Series is ambiguous. Use a.empty, a.bool(), a.item(), a.any() or a.all().
INFO 2025-04-30 14:29:59,010 transform Successfully loaded and parsed: ActivaGFINAL - Ingresos Anuales-Mensuales Proy 2.csv
INFO 2025-04-30 14:29:59,010 transform   Shape: (77, 12)
INFO 2025-04-30 14:29:59,010 transform   Columns: ['cliente', 'facturacion', 'presupuesto', 'facturado_2024', 'facturado_2024', 'facturado_2024', '1er_trimestre', '2do_cuatrimestre', '3er_cuatrimestre', '4to_cuatrimestre', 'facturacion_anual', 'facturacion_mensual']
WARNING 2025-04-30 14:29:59,103 transform Could not convert column facturado_2024 to numeric: The truth value of a Series is ambiguous. Use a.empty, a.bool(), a.item(), a.any() or a.all().
WARNING 2025-04-30 14:29:59,105 transform Could not convert column facturado_2024 to numeric: The truth value of a Series is ambiguous. Use a.empty, a.bool(), a.item(), a.any() or a.all().
WARNING 2025-04-30 14:29:59,106 transform Could not convert column facturado_2024 to numeric: The truth value of a Series is ambiguous. Use a.empty, a.bool(), a.item(), a.any() or a.all().
INFO 2025-04-30 14:29:59,118 transform Successfully loaded and parsed: ActivaGFINAL - Presupuesto 2,025.csv
INFO 2025-04-30 14:29:59,118 transform   Shape: (79, 12)
INFO 2025-04-30 14:29:59,118 transform   Columns: ['cliente', 'facturacion', 'presupuesto', 'facturado_2024', 'facturado_2024', 'facturado_2024', '1er_trimestre', '2do_cuatrimestre', '3er_cuatrimestre', '4to_cuatrimestre', 'facturacion_real', 'proyeccion']
INFO 2025-04-30 14:29:59,224 transform Successfully loaded and parsed: ActivaGFINAL - Profit & Loss.csv
INFO 2025-04-30 14:29:59,224 transform   Shape: (78, 15)
INFO 2025-04-30 14:29:59,224 transform   Columns: ['concepto', 'ENERO', 'FEBRERO', 'MARZO', 'ABRIL', 'MAYO', 'JUNIO', 'JULIO', 'AGOSTO', 'SEPTIEMBRE', 'OCTUBRE', 'NOVIEMBRE', 'DICIEMBRE', 'CONSOLIDADO', 'Unnamed: 14']
INFO 2025-04-30 14:29:59,224 transform Loaded 5 CSV files
INFO 2025-04-30 14:29:59,225 views Transforming and combining all data
INFO 2025-04-30 14:29:59,231 transform Added brand information to 4 clients
INFO 2025-04-30 14:29:59,234 transform Merged 11 columns from activagfinal_ingresos_anuales_mensuales_proy_2
INFO 2025-04-30 14:29:59,237 transform Merged 11 columns from activagfinal_presupuesto_2_025
INFO 2025-04-30 14:29:59,237 transform Saved financial summary data from activagfinal_profit_loss
INFO 2025-04-30 14:29:59,237 transform Created combined dataframe with 52 clients and 21 columns
INFO 2025-04-30 14:29:59,237 views Getting combined data as dictionary
INFO 2025-04-30 14:29:59,243 views Successfully processed and combined data
INFO 2025-04-30 14:29:59,249 views Initializing S3 connector
INFO 2025-04-30 14:29:59,254 utils Initialized S3Connector for bucket: activa-datalake
INFO 2025-04-30 14:29:59,496 utils Found 6 objects with prefix: raw-data-activa/
INFO 2025-04-30 14:29:59,584 transform Successfully loaded and parsed: ActivaGFINAL - CLIENTES MARCAS.csv
INFO 2025-04-30 14:29:59,584 transform   Shape: (74, 4)
INFO 2025-04-30 14:29:59,584 transform   Columns: ['cliente_marca', 'tipo_cliente', 'cliente_desde', 'rubro_negocios']
INFO 2025-04-30 14:29:59,670 transform Successfully loaded and parsed: ActivaGFINAL - Clientes AG 2.csv
INFO 2025-04-30 14:29:59,670 transform   Shape: (46, 2)
INFO 2025-04-30 14:29:59,671 transform   Columns: ['cliente', 'industria']
WARNING 2025-04-30 14:29:59,761 transform Could not convert column facturado_2024 to numeric: The truth value of a Series is ambiguous. Use a.empty, a.bool(), a.item(), a.any() or a.all().
WARNING 2025-04-30 14:29:59,762 transform Could not convert column facturado_2024 to numeric: The truth value of a Series is ambiguous. Use a.empty, a.bool(), a.item(), a.any() or a.all().
WARNING 2025-04-30 14:29:59,763 transform Could not convert column facturado_2024 to numeric: The truth value of a Series is ambiguous. Use a.empty, a.bool(), a.item(), a.any() or a.all().
INFO 2025-04-30 14:29:59,773 transform Successfully loaded and parsed: ActivaGFINAL - Ingresos Anuales-Mensuales Proy 2.csv
INFO 2025-04-30 14:29:59,773 transform   Shape: (77, 12)
INFO 2025-04-30 14:29:59,773 transform   Columns: ['cliente', 'facturacion', 'presupuesto', 'facturado_2024', 'facturado_2024', 'facturado_2024', '1er_trimestre', '2do_cuatrimestre', '3er_cuatrimestre', '4to_cuatrimestre', 'facturacion_anual', 'facturacion_mensual']
WARNING 2025-04-30 14:29:59,866 transform Could not convert column facturado_2024 to numeric: The truth value of a Series is ambiguous. Use a.empty, a.bool(), a.item(), a.any() or a.all().
WARNING 2025-04-30 14:29:59,867 transform Could not convert column facturado_2024 to numeric: The truth value of a Series is ambiguous. Use a.empty, a.bool(), a.item(), a.any() or a.all().
WARNING 2025-04-30 14:29:59,868 transform Could not convert column facturado_2024 to numeric: The truth value of a Series is ambiguous. Use a.empty, a.bool(), a.item(), a.any() or a.all().
INFO 2025-04-30 14:29:59,879 transform Successfully loaded and parsed: ActivaGFINAL - Presupuesto 2,025.csv
INFO 2025-04-30 14:29:59,879 transform   Shape: (79, 12)
INFO 2025-04-30 14:29:59,879 transform   Columns: ['cliente', 'facturacion', 'presupuesto', 'facturado_2024', 'facturado_2024', 'facturado_2024', '1er_trimestre', '2do_cuatrimestre', '3er_cuatrimestre', '4to_cuatrimestre', 'facturacion_real', 'proyeccion']
INFO 2025-04-30 14:29:59,969 transform Successfully loaded and parsed: ActivaGFINAL - Profit & Loss.csv
INFO 2025-04-30 14:29:59,969 transform   Shape: (78, 15)
INFO 2025-04-30 14:29:59,969 transform   Columns: ['concepto', 'ENERO', 'FEBRERO', 'MARZO', 'ABRIL', 'MAYO', 'JUNIO', 'JULIO', 'AGOSTO', 'SEPTIEMBRE', 'OCTUBRE', 'NOVIEMBRE', 'DICIEMBRE', 'CONSOLIDADO', 'Unnamed: 14']
INFO 2025-04-30 14:29:59,969 transform Loaded 5 CSV files
INFO 2025-04-30 14:30:13,990 views Initializing S3 connector
INFO 2025-04-30 14:30:14,001 utils Initialized S3Connector for bucket: activa-datalake
INFO 2025-04-30 14:30:14,327 utils Found 6 objects with prefix: raw-data-activa/
INFO 2025-04-30 14:30:14,422 transform Successfully loaded and parsed: ActivaGFINAL - CLIENTES MARCAS.csv
INFO 2025-04-30 14:30:14,422 transform   Shape: (74, 4)
INFO 2025-04-30 14:30:14,423 transform   Columns: ['cliente_marca', 'tipo_cliente', 'cliente_desde', 'rubro_negocios']
INFO 2025-04-30 14:30:14,502 transform Successfully loaded and parsed: ActivaGFINAL - Clientes AG 2.csv
INFO 2025-04-30 14:30:14,502 transform   Shape: (46, 2)
INFO 2025-04-30 14:30:14,502 transform   Columns: ['cliente', 'industria']
WARNING 2025-04-30 14:30:14,583 transform Could not convert column facturado_2024 to numeric: The truth value of a Series is ambiguous. Use a.empty, a.bool(), a.item(), a.any() or a.all().
WARNING 2025-04-30 14:30:14,584 transform Could not convert column facturado_2024 to numeric: The truth value of a Series is ambiguous. Use a.empty, a.bool(), a.item(), a.any() or a.all().
WARNING 2025-04-30 14:30:14,584 transform Could not convert column facturado_2024 to numeric: The truth value of a Series is ambiguous. Use a.empty, a.bool(), a.item(), a.any() or a.all().
INFO 2025-04-30 14:30:14,592 transform Successfully loaded and parsed: ActivaGFINAL - Ingresos Anuales-Mensuales Proy 2.csv
INFO 2025-04-30 14:30:14,592 transform   Shape: (77, 12)
INFO 2025-04-30 14:30:14,592 transform   Columns: ['cliente', 'facturacion', 'presupuesto', 'facturado_2024', 'facturado_2024', 'facturado_2024', '1er_trimestre', '2do_cuatrimestre', '3er_cuatrimestre', '4to_cuatrimestre', 'facturacion_anual', 'facturacion_mensual']
WARNING 2025-04-30 14:30:14,676 transform Could not convert column facturado_2024 to numeric: The truth value of a Series is ambiguous. Use a.empty, a.bool(), a.item(), a.any() or a.all().
WARNING 2025-04-30 14:30:14,676 transform Could not convert column facturado_2024 to numeric: The truth value of a Series is ambiguous. Use a.empty, a.bool(), a.item(), a.any() or a.all().
WARNING 2025-04-30 14:30:14,677 transform Could not convert column facturado_2024 to numeric: The truth value of a Series is ambiguous. Use a.empty, a.bool(), a.item(), a.any() or a.all().
INFO 2025-04-30 14:30:14,687 transform Successfully loaded and parsed: ActivaGFINAL - Presupuesto 2,025.csv
INFO 2025-04-30 14:30:14,687 transform   Shape: (79, 12)
INFO 2025-04-30 14:30:14,687 transform   Columns: ['cliente', 'facturacion', 'presupuesto', 'facturado_2024', 'facturado_2024', 'facturado_2024', '1er_trimestre', '2do_cuatrimestre', '3er_cuatrimestre', '4to_cuatrimestre', 'facturacion_real', 'proyeccion']
INFO 2025-04-30 14:30:14,793 transform Successfully loaded and parsed: ActivaGFINAL - Profit & Loss.csv
INFO 2025-04-30 14:30:14,794 transform   Shape: (78, 15)
INFO 2025-04-30 14:30:14,794 transform   Columns: ['concepto', 'ENERO', 'FEBRERO', 'MARZO', 'ABRIL', 'MAYO', 'JUNIO', 'JULIO', 'AGOSTO', 'SEPTIEMBRE', 'OCTUBRE', 'NOVIEMBRE', 'DICIEMBRE', 'CONSOLIDADO', 'Unnamed: 14']
INFO 2025-04-30 14:30:14,794 transform Loaded 5 CSV files
INFO 2025-04-30 14:30:14,803 transform Added brand information to 4 clients
INFO 2025-04-30 14:30:14,806 transform Merged 11 columns from activagfinal_ingresos_anuales_mensuales_proy_2
INFO 2025-04-30 14:30:14,811 transform Merged 11 columns from activagfinal_presupuesto_2_025
INFO 2025-04-30 14:30:14,811 transform Saved financial summary data from activagfinal_profit_loss
INFO 2025-04-30 14:30:14,812 transform Created combined dataframe with 52 clients and 21 columns
INFO 2025-04-30 14:30:14,824 views Initializing S3 connector
INFO 2025-04-30 14:30:14,831 utils Initialized S3Connector for bucket: activa-datalake
INFO 2025-04-30 14:30:14,831 views Initializing custom data transformer
INFO 2025-04-30 14:30:14,831 views Loading and parsing CSV files from S3
INFO 2025-04-30 14:30:15,066 utils Found 6 objects with prefix: raw-data-activa/
INFO 2025-04-30 14:30:15,154 transform Successfully loaded and parsed: ActivaGFINAL - CLIENTES MARCAS.csv
INFO 2025-04-30 14:30:15,154 transform   Shape: (74, 4)
INFO 2025-04-30 14:30:15,155 transform   Columns: ['cliente_marca', 'tipo_cliente', 'cliente_desde', 'rubro_negocios']
INFO 2025-04-30 14:30:15,240 transform Successfully loaded and parsed: ActivaGFINAL - Clientes AG 2.csv
INFO 2025-04-30 14:30:15,241 transform   Shape: (46, 2)
INFO 2025-04-30 14:30:15,241 transform   Columns: ['cliente', 'industria']
WARNING 2025-04-30 14:30:15,331 transform Could not convert column facturado_2024 to numeric: The truth value of a Series is ambiguous. Use a.empty, a.bool(), a.item(), a.any() or a.all().
WARNING 2025-04-30 14:30:15,332 transform Could not convert column facturado_2024 to numeric: The truth value of a Series is ambiguous. Use a.empty, a.bool(), a.item(), a.any() or a.all().
WARNING 2025-04-30 14:30:15,333 transform Could not convert column facturado_2024 to numeric: The truth value of a Series is ambiguous. Use a.empty, a.bool(), a.item(), a.any() or a.all().
INFO 2025-04-30 14:30:15,346 transform Successfully loaded and parsed: ActivaGFINAL - Ingresos Anuales-Mensuales Proy 2.csv
INFO 2025-04-30 14:30:15,346 transform   Shape: (77, 12)
INFO 2025-04-30 14:30:15,346 transform   Columns: ['cliente', 'facturacion', 'presupuesto', 'facturado_2024', 'facturado_2024', 'facturado_2024', '1er_trimestre', '2do_cuatrimestre', '3er_cuatrimestre', '4to_cuatrimestre', 'facturacion_anual', 'facturacion_mensual']
WARNING 2025-04-30 14:30:15,435 transform Could not convert column facturado_2024 to numeric: The truth value of a Series is ambiguous. Use a.empty, a.bool(), a.item(), a.any() or a.all().
WARNING 2025-04-30 14:30:15,436 transform Could not convert column facturado_2024 to numeric: The truth value of a Series is ambiguous. Use a.empty, a.bool(), a.item(), a.any() or a.all().
WARNING 2025-04-30 14:30:15,437 transform Could not convert column facturado_2024 to numeric: The truth value of a Series is ambiguous. Use a.empty, a.bool(), a.item(), a.any() or a.all().
INFO 2025-04-30 14:30:15,449 transform Successfully loaded and parsed: ActivaGFINAL - Presupuesto 2,025.csv
INFO 2025-04-30 14:30:15,450 transform   Shape: (79, 12)
INFO 2025-04-30 14:30:15,450 transform   Columns: ['cliente', 'facturacion', 'presupuesto', 'facturado_2024', 'facturado_2024', 'facturado_2024', '1er_trimestre', '2do_cuatrimestre', '3er_cuatrimestre', '4to_cuatrimestre', 'facturacion_real', 'proyeccion']
INFO 2025-04-30 14:30:15,557 transform Successfully loaded and parsed: ActivaGFINAL - Profit & Loss.csv
INFO 2025-04-30 14:30:15,557 transform   Shape: (78, 15)
INFO 2025-04-30 14:30:15,557 transform   Columns: ['concepto', 'ENERO', 'FEBRERO', 'MARZO', 'ABRIL', 'MAYO', 'JUNIO', 'JULIO', 'AGOSTO', 'SEPTIEMBRE', 'OCTUBRE', 'NOVIEMBRE', 'DICIEMBRE', 'CONSOLIDADO', 'Unnamed: 14']
INFO 2025-04-30 14:30:15,557 transform Loaded 5 CSV files
INFO 2025-04-30 14:30:15,557 views Transforming and combining all data
INFO 2025-04-30 14:30:15,564 transform Added brand information to 4 clients
INFO 2025-04-30 14:30:15,568 transform Merged 11 columns from activagfinal_ingresos_anuales_mensuales_proy_2
INFO 2025-04-30 14:30:15,571 transform Merged 11 columns from activagfinal_presupuesto_2_025
INFO 2025-04-30 14:30:15,572 transform Saved financial summary data from activagfinal_profit_loss
INFO 2025-04-30 14:30:15,572 transform Created combined dataframe with 52 clients and 21 columns
INFO 2025-04-30 14:30:15,572 views Getting combined data as dictionary
INFO 2025-04-30 14:30:15,577 views Successfully processed and combined data
INFO 2025-04-30 14:30:15,583 views Initializing S3 connector
INFO 2025-04-30 14:30:15,588 utils Initialized S3Connector for bucket: activa-datalake
INFO 2025-04-30 14:30:15,900 utils Found 6 objects with prefix: raw-data-activa/
INFO 2025-04-30 14:30:16,100 transform Successfully loaded and parsed: ActivaGFINAL - CLIENTES MARCAS.csv
INFO 2025-04-30 14:30:16,100 transform   Shape: (74, 4)
INFO 2025-04-30 14:30:16,100 transform   Columns: ['cliente_marca', 'tipo_cliente', 'cliente_desde', 'rubro_negocios']
INFO 2025-04-30 14:30:16,176 transform Successfully loaded and parsed: ActivaGFINAL - Clientes AG 2.csv
INFO 2025-04-30 14:30:16,176 transform   Shape: (46, 2)
INFO 2025-04-30 14:30:16,176 transform   Columns: ['cliente', 'industria']
WARNING 2025-04-30 14:30:16,265 transform Could not convert column facturado_2024 to numeric: The truth value of a Series is ambiguous. Use a.empty, a.bool(), a.item(), a.any() or a.all().
WARNING 2025-04-30 14:30:16,266 transform Could not convert column facturado_2024 to numeric: The truth value of a Series is ambiguous. Use a.empty, a.bool(), a.item(), a.any() or a.all().
WARNING 2025-04-30 14:30:16,267 transform Could not convert column facturado_2024 to numeric: The truth value of a Series is ambiguous. Use a.empty, a.bool(), a.item(), a.any() or a.all().
INFO 2025-04-30 14:30:16,281 transform Successfully loaded and parsed: ActivaGFINAL - Ingresos Anuales-Mensuales Proy 2.csv
INFO 2025-04-30 14:30:16,281 transform   Shape: (77, 12)
INFO 2025-04-30 14:30:16,281 transform   Columns: ['cliente', 'facturacion', 'presupuesto', 'facturado_2024', 'facturado_2024', 'facturado_2024', '1er_trimestre', '2do_cuatrimestre', '3er_cuatrimestre', '4to_cuatrimestre', 'facturacion_anual', 'facturacion_mensual']
WARNING 2025-04-30 14:30:16,377 transform Could not convert column facturado_2024 to numeric: The truth value of a Series is ambiguous. Use a.empty, a.bool(), a.item(), a.any() or a.all().
WARNING 2025-04-30 14:30:16,378 transform Could not convert column facturado_2024 to numeric: The truth value of a Series is ambiguous. Use a.empty, a.bool(), a.item(), a.any() or a.all().
WARNING 2025-04-30 14:30:16,379 transform Could not convert column facturado_2024 to numeric: The truth value of a Series is ambiguous. Use a.empty, a.bool(), a.item(), a.any() or a.all().
INFO 2025-04-30 14:30:16,390 transform Successfully loaded and parsed: ActivaGFINAL - Presupuesto 2,025.csv
INFO 2025-04-30 14:30:16,390 transform   Shape: (79, 12)
INFO 2025-04-30 14:30:16,390 transform   Columns: ['cliente', 'facturacion', 'presupuesto', 'facturado_2024', 'facturado_2024', 'facturado_2024', '1er_trimestre', '2do_cuatrimestre', '3er_cuatrimestre', '4to_cuatrimestre', 'facturacion_real', 'proyeccion']
INFO 2025-04-30 14:30:16,497 transform Successfully loaded and parsed: ActivaGFINAL - Profit & Loss.csv
INFO 2025-04-30 14:30:16,498 transform   Shape: (78, 15)
INFO 2025-04-30 14:30:16,498 transform   Columns: ['concepto', 'ENERO', 'FEBRERO', 'MARZO', 'ABRIL', 'MAYO', 'JUNIO', 'JULIO', 'AGOSTO', 'SEPTIEMBRE', 'OCTUBRE', 'NOVIEMBRE', 'DICIEMBRE', 'CONSOLIDADO', 'Unnamed: 14']
INFO 2025-04-30 14:30:16,498 transform Loaded 5 CSV files
INFO 2025-04-30 14:30:26,755 views Initializing S3 connector
INFO 2025-04-30 14:30:26,765 utils Initialized S3Connector for bucket: activa-datalake
INFO 2025-04-30 14:30:27,029 utils Found 6 objects with prefix: raw-data-activa/
INFO 2025-04-30 14:30:27,113 transform Successfully loaded and parsed: ActivaGFINAL - CLIENTES MARCAS.csv
INFO 2025-04-30 14:30:27,114 transform   Shape: (74, 4)
INFO 2025-04-30 14:30:27,114 transform   Columns: ['cliente_marca', 'tipo_cliente', 'cliente_desde', 'rubro_negocios']
INFO 2025-04-30 14:30:27,200 transform Successfully loaded and parsed: ActivaGFINAL - Clientes AG 2.csv
INFO 2025-04-30 14:30:27,201 transform   Shape: (46, 2)
INFO 2025-04-30 14:30:27,201 transform   Columns: ['cliente', 'industria']
WARNING 2025-04-30 14:30:27,289 transform Could not convert column facturado_2024 to numeric: The truth value of a Series is ambiguous. Use a.empty, a.bool(), a.item(), a.any() or a.all().
WARNING 2025-04-30 14:30:27,290 transform Could not convert column facturado_2024 to numeric: The truth value of a Series is ambiguous. Use a.empty, a.bool(), a.item(), a.any() or a.all().
WARNING 2025-04-30 14:30:27,290 transform Could not convert column facturado_2024 to numeric: The truth value of a Series is ambiguous. Use a.empty, a.bool(), a.item(), a.any() or a.all().
INFO 2025-04-30 14:30:27,301 transform Successfully loaded and parsed: ActivaGFINAL - Ingresos Anuales-Mensuales Proy 2.csv
INFO 2025-04-30 14:30:27,302 transform   Shape: (77, 12)
INFO 2025-04-30 14:30:27,302 transform   Columns: ['cliente', 'facturacion', 'presupuesto', 'facturado_2024', 'facturado_2024', 'facturado_2024', '1er_trimestre', '2do_cuatrimestre', '3er_cuatrimestre', '4to_cuatrimestre', 'facturacion_anual', 'facturacion_mensual']
WARNING 2025-04-30 14:30:27,393 transform Could not convert column facturado_2024 to numeric: The truth value of a Series is ambiguous. Use a.empty, a.bool(), a.item(), a.any() or a.all().
WARNING 2025-04-30 14:30:27,394 transform Could not convert column facturado_2024 to numeric: The truth value of a Series is ambiguous. Use a.empty, a.bool(), a.item(), a.any() or a.all().
WARNING 2025-04-30 14:30:27,394 transform Could not convert column facturado_2024 to numeric: The truth value of a Series is ambiguous. Use a.empty, a.bool(), a.item(), a.any() or a.all().
INFO 2025-04-30 14:30:27,406 transform Successfully loaded and parsed: ActivaGFINAL - Presupuesto 2,025.csv
INFO 2025-04-30 14:30:27,407 transform   Shape: (79, 12)
INFO 2025-04-30 14:30:27,407 transform   Columns: ['cliente', 'facturacion', 'presupuesto', 'facturado_2024', 'facturado_2024', 'facturado_2024', '1er_trimestre', '2do_cuatrimestre', '3er_cuatrimestre', '4to_cuatrimestre', 'facturacion_real', 'proyeccion']
INFO 2025-04-30 14:30:27,514 transform Successfully loaded and parsed: ActivaGFINAL - Profit & Loss.csv
INFO 2025-04-30 14:30:27,515 transform   Shape: (78, 15)
INFO 2025-04-30 14:30:27,515 transform   Columns: ['concepto', 'ENERO', 'FEBRERO', 'MARZO', 'ABRIL', 'MAYO', 'JUNIO', 'JULIO', 'AGOSTO', 'SEPTIEMBRE', 'OCTUBRE', 'NOVIEMBRE', 'DICIEMBRE', 'CONSOLIDADO', 'Unnamed: 14']
INFO 2025-04-30 14:30:27,515 transform Loaded 5 CSV files
INFO 2025-04-30 14:30:27,522 transform Added brand information to 4 clients
INFO 2025-04-30 14:30:27,526 transform Merged 11 columns from activagfinal_ingresos_anuales_mensuales_proy_2
INFO 2025-04-30 14:30:27,530 transform Merged 11 columns from activagfinal_presupuesto_2_025
INFO 2025-04-30 14:30:27,530 transform Saved financial summary data from activagfinal_profit_loss
INFO 2025-04-30 14:30:27,530 transform Created combined dataframe with 52 clients and 21 columns
INFO 2025-04-30 14:30:27,541 views Initializing S3 connector
INFO 2025-04-30 14:30:27,547 utils Initialized S3Connector for bucket: activa-datalake
INFO 2025-04-30 14:30:27,547 views Initializing custom data transformer
INFO 2025-04-30 14:30:27,547 views Loading and parsing CSV files from S3
INFO 2025-04-30 14:30:27,783 utils Found 6 objects with prefix: raw-data-activa/
INFO 2025-04-30 14:30:27,866 transform Successfully loaded and parsed: ActivaGFINAL - CLIENTES MARCAS.csv
INFO 2025-04-30 14:30:27,866 transform   Shape: (74, 4)
INFO 2025-04-30 14:30:27,866 transform   Columns: ['cliente_marca', 'tipo_cliente', 'cliente_desde', 'rubro_negocios']
INFO 2025-04-30 14:30:27,948 transform Successfully loaded and parsed: ActivaGFINAL - Clientes AG 2.csv
INFO 2025-04-30 14:30:27,948 transform   Shape: (46, 2)
INFO 2025-04-30 14:30:27,948 transform   Columns: ['cliente', 'industria']
WARNING 2025-04-30 14:30:28,042 transform Could not convert column facturado_2024 to numeric: The truth value of a Series is ambiguous. Use a.empty, a.bool(), a.item(), a.any() or a.all().
WARNING 2025-04-30 14:30:28,042 transform Could not convert column facturado_2024 to numeric: The truth value of a Series is ambiguous. Use a.empty, a.bool(), a.item(), a.any() or a.all().
WARNING 2025-04-30 14:30:28,043 transform Could not convert column facturado_2024 to numeric: The truth value of a Series is ambiguous. Use a.empty, a.bool(), a.item(), a.any() or a.all().
INFO 2025-04-30 14:30:28,056 transform Successfully loaded and parsed: ActivaGFINAL - Ingresos Anuales-Mensuales Proy 2.csv
INFO 2025-04-30 14:30:28,056 transform   Shape: (77, 12)
INFO 2025-04-30 14:30:28,057 transform   Columns: ['cliente', 'facturacion', 'presupuesto', 'facturado_2024', 'facturado_2024', 'facturado_2024', '1er_trimestre', '2do_cuatrimestre', '3er_cuatrimestre', '4to_cuatrimestre', 'facturacion_anual', 'facturacion_mensual']
WARNING 2025-04-30 14:30:28,135 transform Could not convert column facturado_2024 to numeric: The truth value of a Series is ambiguous. Use a.empty, a.bool(), a.item(), a.any() or a.all().
WARNING 2025-04-30 14:30:28,136 transform Could not convert column facturado_2024 to numeric: The truth value of a Series is ambiguous. Use a.empty, a.bool(), a.item(), a.any() or a.all().
WARNING 2025-04-30 14:30:28,136 transform Could not convert column facturado_2024 to numeric: The truth value of a Series is ambiguous. Use a.empty, a.bool(), a.item(), a.any() or a.all().
INFO 2025-04-30 14:30:28,143 transform Successfully loaded and parsed: ActivaGFINAL - Presupuesto 2,025.csv
INFO 2025-04-30 14:30:28,143 transform   Shape: (79, 12)
INFO 2025-04-30 14:30:28,144 transform   Columns: ['cliente', 'facturacion', 'presupuesto', 'facturado_2024', 'facturado_2024', 'facturado_2024', '1er_trimestre', '2do_cuatrimestre', '3er_cuatrimestre', '4to_cuatrimestre', 'facturacion_real', 'proyeccion']
INFO 2025-04-30 14:30:28,238 transform Successfully loaded and parsed: ActivaGFINAL - Profit & Loss.csv
INFO 2025-04-30 14:30:28,239 transform   Shape: (78, 15)
INFO 2025-04-30 14:30:28,239 transform   Columns: ['concepto', 'ENERO', 'FEBRERO', 'MARZO', 'ABRIL', 'MAYO', 'JUNIO', 'JULIO', 'AGOSTO', 'SEPTIEMBRE', 'OCTUBRE', 'NOVIEMBRE', 'DICIEMBRE', 'CONSOLIDADO', 'Unnamed: 14']
INFO 2025-04-30 14:30:28,239 transform Loaded 5 CSV files
INFO 2025-04-30 14:30:28,239 views Transforming and combining all data
INFO 2025-04-30 14:30:28,245 transform Added brand information to 4 clients
INFO 2025-04-30 14:30:28,248 transform Merged 11 columns from activagfinal_ingresos_anuales_mensuales_proy_2
INFO 2025-04-30 14:30:28,250 transform Merged 11 columns from activagfinal_presupuesto_2_025
INFO 2025-04-30 14:30:28,250 transform Saved financial summary data from activagfinal_profit_loss
INFO 2025-04-30 14:30:28,251 transform Created combined dataframe with 52 clients and 21 columns
INFO 2025-04-30 14:30:28,251 views Getting combined data as dictionary
INFO 2025-04-30 14:30:28,256 views Successfully processed and combined data
INFO 2025-04-30 14:30:28,263 views Initializing S3 connector
INFO 2025-04-30 14:30:28,270 utils Initialized S3Connector for bucket: activa-datalake
INFO 2025-04-30 14:30:28,489 utils Found 6 objects with prefix: raw-data-activa/
INFO 2025-04-30 14:30:28,574 transform Successfully loaded and parsed: ActivaGFINAL - CLIENTES MARCAS.csv
INFO 2025-04-30 14:30:28,575 transform   Shape: (74, 4)
INFO 2025-04-30 14:30:28,575 transform   Columns: ['cliente_marca', 'tipo_cliente', 'cliente_desde', 'rubro_negocios']
INFO 2025-04-30 14:30:28,656 transform Successfully loaded and parsed: ActivaGFINAL - Clientes AG 2.csv
INFO 2025-04-30 14:30:28,657 transform   Shape: (46, 2)
INFO 2025-04-30 14:30:28,657 transform   Columns: ['cliente', 'industria']
WARNING 2025-04-30 14:30:28,750 transform Could not convert column facturado_2024 to numeric: The truth value of a Series is ambiguous. Use a.empty, a.bool(), a.item(), a.any() or a.all().
WARNING 2025-04-30 14:30:28,751 transform Could not convert column facturado_2024 to numeric: The truth value of a Series is ambiguous. Use a.empty, a.bool(), a.item(), a.any() or a.all().
WARNING 2025-04-30 14:30:28,752 transform Could not convert column facturado_2024 to numeric: The truth value of a Series is ambiguous. Use a.empty, a.bool(), a.item(), a.any() or a.all().
INFO 2025-04-30 14:30:28,767 transform Successfully loaded and parsed: ActivaGFINAL - Ingresos Anuales-Mensuales Proy 2.csv
INFO 2025-04-30 14:30:28,767 transform   Shape: (77, 12)
INFO 2025-04-30 14:30:28,767 transform   Columns: ['cliente', 'facturacion', 'presupuesto', 'facturado_2024', 'facturado_2024', 'facturado_2024', '1er_trimestre', '2do_cuatrimestre', '3er_cuatrimestre', '4to_cuatrimestre', 'facturacion_anual', 'facturacion_mensual']
WARNING 2025-04-30 14:30:28,858 transform Could not convert column facturado_2024 to numeric: The truth value of a Series is ambiguous. Use a.empty, a.bool(), a.item(), a.any() or a.all().
WARNING 2025-04-30 14:30:28,859 transform Could not convert column facturado_2024 to numeric: The truth value of a Series is ambiguous. Use a.empty, a.bool(), a.item(), a.any() or a.all().
WARNING 2025-04-30 14:30:28,860 transform Could not convert column facturado_2024 to numeric: The truth value of a Series is ambiguous. Use a.empty, a.bool(), a.item(), a.any() or a.all().
INFO 2025-04-30 14:30:28,871 transform Successfully loaded and parsed: ActivaGFINAL - Presupuesto 2,025.csv
INFO 2025-04-30 14:30:28,871 transform   Shape: (79, 12)
INFO 2025-04-30 14:30:28,871 transform   Columns: ['cliente', 'facturacion', 'presupuesto', 'facturado_2024', 'facturado_2024', 'facturado_2024', '1er_trimestre', '2do_cuatrimestre', '3er_cuatrimestre', '4to_cuatrimestre', 'facturacion_real', 'proyeccion']
INFO 2025-04-30 14:30:28,977 transform Successfully loaded and parsed: ActivaGFINAL - Profit & Loss.csv
INFO 2025-04-30 14:30:28,978 transform   Shape: (78, 15)
INFO 2025-04-30 14:30:28,978 transform   Columns: ['concepto', 'ENERO', 'FEBRERO', 'MARZO', 'ABRIL', 'MAYO', 'JUNIO', 'JULIO', 'AGOSTO', 'SEPTIEMBRE', 'OCTUBRE', 'NOVIEMBRE', 'DICIEMBRE', 'CONSOLIDADO', 'Unnamed: 14']
INFO 2025-04-30 14:30:28,978 transform Loaded 5 CSV files
INFO 2025-04-30 14:30:48,029 views Initializing S3 connector
INFO 2025-04-30 14:30:48,036 utils Initialized S3Connector for bucket: activa-datalake
INFO 2025-04-30 14:30:48,441 utils Found 6 objects with prefix: raw-data-activa/
INFO 2025-04-30 14:30:48,534 transform Successfully loaded and parsed: ActivaGFINAL - CLIENTES MARCAS.csv
INFO 2025-04-30 14:30:48,535 transform   Shape: (74, 4)
INFO 2025-04-30 14:30:48,535 transform   Columns: ['cliente_marca', 'tipo_cliente', 'cliente_desde', 'rubro_negocios']
INFO 2025-04-30 14:30:48,622 transform Successfully loaded and parsed: ActivaGFINAL - Clientes AG 2.csv
INFO 2025-04-30 14:30:48,622 transform   Shape: (46, 2)
INFO 2025-04-30 14:30:48,622 transform   Columns: ['cliente', 'industria']
WARNING 2025-04-30 14:30:48,719 transform Could not convert column facturado_2024 to numeric: The truth value of a Series is ambiguous. Use a.empty, a.bool(), a.item(), a.any() or a.all().
WARNING 2025-04-30 14:30:48,721 transform Could not convert column facturado_2024 to numeric: The truth value of a Series is ambiguous. Use a.empty, a.bool(), a.item(), a.any() or a.all().
WARNING 2025-04-30 14:30:48,721 transform Could not convert column facturado_2024 to numeric: The truth value of a Series is ambiguous. Use a.empty, a.bool(), a.item(), a.any() or a.all().
INFO 2025-04-30 14:30:48,733 transform Successfully loaded and parsed: ActivaGFINAL - Ingresos Anuales-Mensuales Proy 2.csv
INFO 2025-04-30 14:30:48,733 transform   Shape: (77, 12)
INFO 2025-04-30 14:30:48,734 transform   Columns: ['cliente', 'facturacion', 'presupuesto', 'facturado_2024', 'facturado_2024', 'facturado_2024', '1er_trimestre', '2do_cuatrimestre', '3er_cuatrimestre', '4to_cuatrimestre', 'facturacion_anual', 'facturacion_mensual']
WARNING 2025-04-30 14:30:48,831 transform Could not convert column facturado_2024 to numeric: The truth value of a Series is ambiguous. Use a.empty, a.bool(), a.item(), a.any() or a.all().
WARNING 2025-04-30 14:30:48,832 transform Could not convert column facturado_2024 to numeric: The truth value of a Series is ambiguous. Use a.empty, a.bool(), a.item(), a.any() or a.all().
WARNING 2025-04-30 14:30:48,832 transform Could not convert column facturado_2024 to numeric: The truth value of a Series is ambiguous. Use a.empty, a.bool(), a.item(), a.any() or a.all().
INFO 2025-04-30 14:30:48,845 transform Successfully loaded and parsed: ActivaGFINAL - Presupuesto 2,025.csv
INFO 2025-04-30 14:30:48,846 transform   Shape: (79, 12)
INFO 2025-04-30 14:30:48,846 transform   Columns: ['cliente', 'facturacion', 'presupuesto', 'facturado_2024', 'facturado_2024', 'facturado_2024', '1er_trimestre', '2do_cuatrimestre', '3er_cuatrimestre', '4to_cuatrimestre', 'facturacion_real', 'proyeccion']
INFO 2025-04-30 14:30:48,959 transform Successfully loaded and parsed: ActivaGFINAL - Profit & Loss.csv
INFO 2025-04-30 14:30:48,960 transform   Shape: (78, 15)
INFO 2025-04-30 14:30:48,960 transform   Columns: ['concepto', 'ENERO', 'FEBRERO', 'MARZO', 'ABRIL', 'MAYO', 'JUNIO', 'JULIO', 'AGOSTO', 'SEPTIEMBRE', 'OCTUBRE', 'NOVIEMBRE', 'DICIEMBRE', 'CONSOLIDADO', 'Unnamed: 14']
INFO 2025-04-30 14:30:48,960 transform Loaded 5 CSV files
INFO 2025-04-30 14:30:48,965 transform Added brand information to 4 clients
INFO 2025-04-30 14:30:48,967 transform Merged 11 columns from activagfinal_ingresos_anuales_mensuales_proy_2
INFO 2025-04-30 14:30:48,969 transform Merged 11 columns from activagfinal_presupuesto_2_025
INFO 2025-04-30 14:30:48,970 transform Saved financial summary data from activagfinal_profit_loss
INFO 2025-04-30 14:30:48,971 transform Created combined dataframe with 52 clients and 21 columns
INFO 2025-04-30 14:30:48,982 views Initializing S3 connector
INFO 2025-04-30 14:30:48,987 utils Initialized S3Connector for bucket: activa-datalake
INFO 2025-04-30 14:30:48,988 views Initializing custom data transformer
INFO 2025-04-30 14:30:48,988 views Loading and parsing CSV files from S3
INFO 2025-04-30 14:30:49,220 utils Found 6 objects with prefix: raw-data-activa/
INFO 2025-04-30 14:30:49,301 transform Successfully loaded and parsed: ActivaGFINAL - CLIENTES MARCAS.csv
INFO 2025-04-30 14:30:49,302 transform   Shape: (74, 4)
INFO 2025-04-30 14:30:49,302 transform   Columns: ['cliente_marca', 'tipo_cliente', 'cliente_desde', 'rubro_negocios']
INFO 2025-04-30 14:30:49,388 transform Successfully loaded and parsed: ActivaGFINAL - Clientes AG 2.csv
INFO 2025-04-30 14:30:49,388 transform   Shape: (46, 2)
INFO 2025-04-30 14:30:49,388 transform   Columns: ['cliente', 'industria']
WARNING 2025-04-30 14:30:49,474 transform Could not convert column facturado_2024 to numeric: The truth value of a Series is ambiguous. Use a.empty, a.bool(), a.item(), a.any() or a.all().
WARNING 2025-04-30 14:30:49,475 transform Could not convert column facturado_2024 to numeric: The truth value of a Series is ambiguous. Use a.empty, a.bool(), a.item(), a.any() or a.all().
WARNING 2025-04-30 14:30:49,476 transform Could not convert column facturado_2024 to numeric: The truth value of a Series is ambiguous. Use a.empty, a.bool(), a.item(), a.any() or a.all().
INFO 2025-04-30 14:30:49,487 transform Successfully loaded and parsed: ActivaGFINAL - Ingresos Anuales-Mensuales Proy 2.csv
INFO 2025-04-30 14:30:49,488 transform   Shape: (77, 12)
INFO 2025-04-30 14:30:49,488 transform   Columns: ['cliente', 'facturacion', 'presupuesto', 'facturado_2024', 'facturado_2024', 'facturado_2024', '1er_trimestre', '2do_cuatrimestre', '3er_cuatrimestre', '4to_cuatrimestre', 'facturacion_anual', 'facturacion_mensual']
WARNING 2025-04-30 14:30:49,573 transform Could not convert column facturado_2024 to numeric: The truth value of a Series is ambiguous. Use a.empty, a.bool(), a.item(), a.any() or a.all().
WARNING 2025-04-30 14:30:49,574 transform Could not convert column facturado_2024 to numeric: The truth value of a Series is ambiguous. Use a.empty, a.bool(), a.item(), a.any() or a.all().
WARNING 2025-04-30 14:30:49,575 transform Could not convert column facturado_2024 to numeric: The truth value of a Series is ambiguous. Use a.empty, a.bool(), a.item(), a.any() or a.all().
INFO 2025-04-30 14:30:49,588 transform Successfully loaded and parsed: ActivaGFINAL - Presupuesto 2,025.csv
INFO 2025-04-30 14:30:49,588 transform   Shape: (79, 12)
INFO 2025-04-30 14:30:49,588 transform   Columns: ['cliente', 'facturacion', 'presupuesto', 'facturado_2024', 'facturado_2024', 'facturado_2024', '1er_trimestre', '2do_cuatrimestre', '3er_cuatrimestre', '4to_cuatrimestre', 'facturacion_real', 'proyeccion']
INFO 2025-04-30 14:30:49,698 transform Successfully loaded and parsed: ActivaGFINAL - Profit & Loss.csv
INFO 2025-04-30 14:30:49,698 transform   Shape: (78, 15)
INFO 2025-04-30 14:30:49,698 transform   Columns: ['concepto', 'ENERO', 'FEBRERO', 'MARZO', 'ABRIL', 'MAYO', 'JUNIO', 'JULIO', 'AGOSTO', 'SEPTIEMBRE', 'OCTUBRE', 'NOVIEMBRE', 'DICIEMBRE', 'CONSOLIDADO', 'Unnamed: 14']
INFO 2025-04-30 14:30:49,698 transform Loaded 5 CSV files
INFO 2025-04-30 14:30:49,698 views Transforming and combining all data
INFO 2025-04-30 14:30:49,705 transform Added brand information to 4 clients
INFO 2025-04-30 14:30:49,708 transform Merged 11 columns from activagfinal_ingresos_anuales_mensuales_proy_2
INFO 2025-04-30 14:30:49,711 transform Merged 11 columns from activagfinal_presupuesto_2_025
INFO 2025-04-30 14:30:49,711 transform Saved financial summary data from activagfinal_profit_loss
INFO 2025-04-30 14:30:49,711 transform Created combined dataframe with 52 clients and 21 columns
INFO 2025-04-30 14:30:49,711 views Getting combined data as dictionary
INFO 2025-04-30 14:30:49,717 views Successfully processed and combined data
INFO 2025-04-30 14:30:49,723 views Initializing S3 connector
INFO 2025-04-30 14:30:49,728 utils Initialized S3Connector for bucket: activa-datalake
INFO 2025-04-30 14:30:49,957 utils Found 6 objects with prefix: raw-data-activa/
INFO 2025-04-30 14:30:50,039 transform Successfully loaded and parsed: ActivaGFINAL - CLIENTES MARCAS.csv
INFO 2025-04-30 14:30:50,040 transform   Shape: (74, 4)
INFO 2025-04-30 14:30:50,040 transform   Columns: ['cliente_marca', 'tipo_cliente', 'cliente_desde', 'rubro_negocios']
INFO 2025-04-30 14:30:50,118 transform Successfully loaded and parsed: ActivaGFINAL - Clientes AG 2.csv
INFO 2025-04-30 14:30:50,119 transform   Shape: (46, 2)
INFO 2025-04-30 14:30:50,119 transform   Columns: ['cliente', 'industria']
WARNING 2025-04-30 14:30:50,207 transform Could not convert column facturado_2024 to numeric: The truth value of a Series is ambiguous. Use a.empty, a.bool(), a.item(), a.any() or a.all().
WARNING 2025-04-30 14:30:50,208 transform Could not convert column facturado_2024 to numeric: The truth value of a Series is ambiguous. Use a.empty, a.bool(), a.item(), a.any() or a.all().
WARNING 2025-04-30 14:30:50,208 transform Could not convert column facturado_2024 to numeric: The truth value of a Series is ambiguous. Use a.empty, a.bool(), a.item(), a.any() or a.all().
INFO 2025-04-30 14:30:50,220 transform Successfully loaded and parsed: ActivaGFINAL - Ingresos Anuales-Mensuales Proy 2.csv
INFO 2025-04-30 14:30:50,220 transform   Shape: (77, 12)
INFO 2025-04-30 14:30:50,220 transform   Columns: ['cliente', 'facturacion', 'presupuesto', 'facturado_2024', 'facturado_2024', 'facturado_2024', '1er_trimestre', '2do_cuatrimestre', '3er_cuatrimestre', '4to_cuatrimestre', 'facturacion_anual', 'facturacion_mensual']
WARNING 2025-04-30 14:30:50,312 transform Could not convert column facturado_2024 to numeric: The truth value of a Series is ambiguous. Use a.empty, a.bool(), a.item(), a.any() or a.all().
WARNING 2025-04-30 14:30:50,314 transform Could not convert column facturado_2024 to numeric: The truth value of a Series is ambiguous. Use a.empty, a.bool(), a.item(), a.any() or a.all().
WARNING 2025-04-30 14:30:50,314 transform Could not convert column facturado_2024 to numeric: The truth value of a Series is ambiguous. Use a.empty, a.bool(), a.item(), a.any() or a.all().
INFO 2025-04-30 14:30:50,325 transform Successfully loaded and parsed: ActivaGFINAL - Presupuesto 2,025.csv
INFO 2025-04-30 14:30:50,325 transform   Shape: (79, 12)
INFO 2025-04-30 14:30:50,326 transform   Columns: ['cliente', 'facturacion', 'presupuesto', 'facturado_2024', 'facturado_2024', 'facturado_2024', '1er_trimestre', '2do_cuatrimestre', '3er_cuatrimestre', '4to_cuatrimestre', 'facturacion_real', 'proyeccion']
INFO 2025-04-30 14:30:50,433 transform Successfully loaded and parsed: ActivaGFINAL - Profit & Loss.csv
INFO 2025-04-30 14:30:50,434 transform   Shape: (78, 15)
INFO 2025-04-30 14:30:50,434 transform   Columns: ['concepto', 'ENERO', 'FEBRERO', 'MARZO', 'ABRIL', 'MAYO', 'JUNIO', 'JULIO', 'AGOSTO', 'SEPTIEMBRE', 'OCTUBRE', 'NOVIEMBRE', 'DICIEMBRE', 'CONSOLIDADO', 'Unnamed: 14']
INFO 2025-04-30 14:30:50,434 transform Loaded 5 CSV files
INFO 2025-04-30 14:30:59,669 views Initializing S3 connector
INFO 2025-04-30 14:30:59,679 utils Initialized S3Connector for bucket: activa-datalake
INFO 2025-04-30 14:30:59,935 utils Found 6 objects with prefix: raw-data-activa/
INFO 2025-04-30 14:31:00,024 transform Successfully loaded and parsed: ActivaGFINAL - CLIENTES MARCAS.csv
INFO 2025-04-30 14:31:00,025 transform   Shape: (74, 4)
INFO 2025-04-30 14:31:00,025 transform   Columns: ['cliente_marca', 'tipo_cliente', 'cliente_desde', 'rubro_negocios']
INFO 2025-04-30 14:31:00,108 transform Successfully loaded and parsed: ActivaGFINAL - Clientes AG 2.csv
INFO 2025-04-30 14:31:00,108 transform   Shape: (46, 2)
INFO 2025-04-30 14:31:00,109 transform   Columns: ['cliente', 'industria']
WARNING 2025-04-30 14:31:00,203 transform Could not convert column facturado_2024 to numeric: The truth value of a Series is ambiguous. Use a.empty, a.bool(), a.item(), a.any() or a.all().
WARNING 2025-04-30 14:31:00,205 transform Could not convert column facturado_2024 to numeric: The truth value of a Series is ambiguous. Use a.empty, a.bool(), a.item(), a.any() or a.all().
WARNING 2025-04-30 14:31:00,205 transform Could not convert column facturado_2024 to numeric: The truth value of a Series is ambiguous. Use a.empty, a.bool(), a.item(), a.any() or a.all().
INFO 2025-04-30 14:31:00,217 transform Successfully loaded and parsed: ActivaGFINAL - Ingresos Anuales-Mensuales Proy 2.csv
INFO 2025-04-30 14:31:00,218 transform   Shape: (77, 12)
INFO 2025-04-30 14:31:00,218 transform   Columns: ['cliente', 'facturacion', 'presupuesto', 'facturado_2024', 'facturado_2024', 'facturado_2024', '1er_trimestre', '2do_cuatrimestre', '3er_cuatrimestre', '4to_cuatrimestre', 'facturacion_anual', 'facturacion_mensual']
WARNING 2025-04-30 14:31:00,310 transform Could not convert column facturado_2024 to numeric: The truth value of a Series is ambiguous. Use a.empty, a.bool(), a.item(), a.any() or a.all().
WARNING 2025-04-30 14:31:00,311 transform Could not convert column facturado_2024 to numeric: The truth value of a Series is ambiguous. Use a.empty, a.bool(), a.item(), a.any() or a.all().
WARNING 2025-04-30 14:31:00,312 transform Could not convert column facturado_2024 to numeric: The truth value of a Series is ambiguous. Use a.empty, a.bool(), a.item(), a.any() or a.all().
INFO 2025-04-30 14:31:00,321 transform Successfully loaded and parsed: ActivaGFINAL - Presupuesto 2,025.csv
INFO 2025-04-30 14:31:00,322 transform   Shape: (79, 12)
INFO 2025-04-30 14:31:00,322 transform   Columns: ['cliente', 'facturacion', 'presupuesto', 'facturado_2024', 'facturado_2024', 'facturado_2024', '1er_trimestre', '2do_cuatrimestre', '3er_cuatrimestre', '4to_cuatrimestre', 'facturacion_real', 'proyeccion']
INFO 2025-04-30 14:31:00,429 transform Successfully loaded and parsed: ActivaGFINAL - Profit & Loss.csv
INFO 2025-04-30 14:31:00,429 transform   Shape: (78, 15)
INFO 2025-04-30 14:31:00,429 transform   Columns: ['concepto', 'ENERO', 'FEBRERO', 'MARZO', 'ABRIL', 'MAYO', 'JUNIO', 'JULIO', 'AGOSTO', 'SEPTIEMBRE', 'OCTUBRE', 'NOVIEMBRE', 'DICIEMBRE', 'CONSOLIDADO', 'Unnamed: 14']
INFO 2025-04-30 14:31:00,429 transform Loaded 5 CSV files
INFO 2025-04-30 14:31:00,437 transform Added brand information to 4 clients
INFO 2025-04-30 14:31:00,440 transform Merged 11 columns from activagfinal_ingresos_anuales_mensuales_proy_2
INFO 2025-04-30 14:31:00,445 transform Merged 11 columns from activagfinal_presupuesto_2_025
INFO 2025-04-30 14:31:00,445 transform Saved financial summary data from activagfinal_profit_loss
INFO 2025-04-30 14:31:00,445 transform Created combined dataframe with 52 clients and 21 columns
INFO 2025-04-30 14:31:00,457 views Initializing S3 connector
INFO 2025-04-30 14:31:00,465 utils Initialized S3Connector for bucket: activa-datalake
INFO 2025-04-30 14:31:00,465 views Initializing custom data transformer
INFO 2025-04-30 14:31:00,465 views Loading and parsing CSV files from S3
INFO 2025-04-30 14:31:00,694 utils Found 6 objects with prefix: raw-data-activa/
INFO 2025-04-30 14:31:00,782 transform Successfully loaded and parsed: ActivaGFINAL - CLIENTES MARCAS.csv
INFO 2025-04-30 14:31:00,782 transform   Shape: (74, 4)
INFO 2025-04-30 14:31:00,782 transform   Columns: ['cliente_marca', 'tipo_cliente', 'cliente_desde', 'rubro_negocios']
INFO 2025-04-30 14:31:00,868 transform Successfully loaded and parsed: ActivaGFINAL - Clientes AG 2.csv
INFO 2025-04-30 14:31:00,868 transform   Shape: (46, 2)
INFO 2025-04-30 14:31:00,868 transform   Columns: ['cliente', 'industria']
WARNING 2025-04-30 14:31:00,961 transform Could not convert column facturado_2024 to numeric: The truth value of a Series is ambiguous. Use a.empty, a.bool(), a.item(), a.any() or a.all().
WARNING 2025-04-30 14:31:00,962 transform Could not convert column facturado_2024 to numeric: The truth value of a Series is ambiguous. Use a.empty, a.bool(), a.item(), a.any() or a.all().
WARNING 2025-04-30 14:31:00,963 transform Could not convert column facturado_2024 to numeric: The truth value of a Series is ambiguous. Use a.empty, a.bool(), a.item(), a.any() or a.all().
INFO 2025-04-30 14:31:00,974 transform Successfully loaded and parsed: ActivaGFINAL - Ingresos Anuales-Mensuales Proy 2.csv
INFO 2025-04-30 14:31:00,974 transform   Shape: (77, 12)
INFO 2025-04-30 14:31:00,974 transform   Columns: ['cliente', 'facturacion', 'presupuesto', 'facturado_2024', 'facturado_2024', 'facturado_2024', '1er_trimestre', '2do_cuatrimestre', '3er_cuatrimestre', '4to_cuatrimestre', 'facturacion_anual', 'facturacion_mensual']
WARNING 2025-04-30 14:31:01,066 transform Could not convert column facturado_2024 to numeric: The truth value of a Series is ambiguous. Use a.empty, a.bool(), a.item(), a.any() or a.all().
WARNING 2025-04-30 14:31:01,067 transform Could not convert column facturado_2024 to numeric: The truth value of a Series is ambiguous. Use a.empty, a.bool(), a.item(), a.any() or a.all().
WARNING 2025-04-30 14:31:01,067 transform Could not convert column facturado_2024 to numeric: The truth value of a Series is ambiguous. Use a.empty, a.bool(), a.item(), a.any() or a.all().
INFO 2025-04-30 14:31:01,080 transform Successfully loaded and parsed: ActivaGFINAL - Presupuesto 2,025.csv
INFO 2025-04-30 14:31:01,081 transform   Shape: (79, 12)
INFO 2025-04-30 14:31:01,081 transform   Columns: ['cliente', 'facturacion', 'presupuesto', 'facturado_2024', 'facturado_2024', 'facturado_2024', '1er_trimestre', '2do_cuatrimestre', '3er_cuatrimestre', '4to_cuatrimestre', 'facturacion_real', 'proyeccion']
INFO 2025-04-30 14:31:01,189 transform Successfully loaded and parsed: ActivaGFINAL - Profit & Loss.csv
INFO 2025-04-30 14:31:01,189 transform   Shape: (78, 15)
INFO 2025-04-30 14:31:01,189 transform   Columns: ['concepto', 'ENERO', 'FEBRERO', 'MARZO', 'ABRIL', 'MAYO', 'JUNIO', 'JULIO', 'AGOSTO', 'SEPTIEMBRE', 'OCTUBRE', 'NOVIEMBRE', 'DICIEMBRE', 'CONSOLIDADO', 'Unnamed: 14']
INFO 2025-04-30 14:31:01,190 transform Loaded 5 CSV files
INFO 2025-04-30 14:31:01,190 views Transforming and combining all data
INFO 2025-04-30 14:31:01,199 transform Added brand information to 4 clients
INFO 2025-04-30 14:31:01,202 transform Merged 11 columns from activagfinal_ingresos_anuales_mensuales_proy_2
INFO 2025-04-30 14:31:01,206 transform Merged 11 columns from activagfinal_presupuesto_2_025
INFO 2025-04-30 14:31:01,206 transform Saved financial summary data from activagfinal_profit_loss
INFO 2025-04-30 14:31:01,207 transform Created combined dataframe with 52 clients and 21 columns
INFO 2025-04-30 14:31:01,207 views Getting combined data as dictionary
INFO 2025-04-30 14:31:01,213 views Successfully processed and combined data
INFO 2025-04-30 14:31:01,220 views Initializing S3 connector
INFO 2025-04-30 14:31:01,225 utils Initialized S3Connector for bucket: activa-datalake
INFO 2025-04-30 14:31:01,458 utils Found 6 objects with prefix: raw-data-activa/
INFO 2025-04-30 14:31:01,538 transform Successfully loaded and parsed: ActivaGFINAL - CLIENTES MARCAS.csv
INFO 2025-04-30 14:31:01,538 transform   Shape: (74, 4)
INFO 2025-04-30 14:31:01,539 transform   Columns: ['cliente_marca', 'tipo_cliente', 'cliente_desde', 'rubro_negocios']
INFO 2025-04-30 14:31:01,615 transform Successfully loaded and parsed: ActivaGFINAL - Clientes AG 2.csv
INFO 2025-04-30 14:31:01,615 transform   Shape: (46, 2)
INFO 2025-04-30 14:31:01,615 transform   Columns: ['cliente', 'industria']
WARNING 2025-04-30 14:31:01,703 transform Could not convert column facturado_2024 to numeric: The truth value of a Series is ambiguous. Use a.empty, a.bool(), a.item(), a.any() or a.all().
WARNING 2025-04-30 14:31:01,704 transform Could not convert column facturado_2024 to numeric: The truth value of a Series is ambiguous. Use a.empty, a.bool(), a.item(), a.any() or a.all().
WARNING 2025-04-30 14:31:01,704 transform Could not convert column facturado_2024 to numeric: The truth value of a Series is ambiguous. Use a.empty, a.bool(), a.item(), a.any() or a.all().
INFO 2025-04-30 14:31:01,718 transform Successfully loaded and parsed: ActivaGFINAL - Ingresos Anuales-Mensuales Proy 2.csv
INFO 2025-04-30 14:31:01,719 transform   Shape: (77, 12)
INFO 2025-04-30 14:31:01,719 transform   Columns: ['cliente', 'facturacion', 'presupuesto', 'facturado_2024', 'facturado_2024', 'facturado_2024', '1er_trimestre', '2do_cuatrimestre', '3er_cuatrimestre', '4to_cuatrimestre', 'facturacion_anual', 'facturacion_mensual']
WARNING 2025-04-30 14:31:01,803 transform Could not convert column facturado_2024 to numeric: The truth value of a Series is ambiguous. Use a.empty, a.bool(), a.item(), a.any() or a.all().
WARNING 2025-04-30 14:31:01,804 transform Could not convert column facturado_2024 to numeric: The truth value of a Series is ambiguous. Use a.empty, a.bool(), a.item(), a.any() or a.all().
WARNING 2025-04-30 14:31:01,805 transform Could not convert column facturado_2024 to numeric: The truth value of a Series is ambiguous. Use a.empty, a.bool(), a.item(), a.any() or a.all().
INFO 2025-04-30 14:31:01,817 transform Successfully loaded and parsed: ActivaGFINAL - Presupuesto 2,025.csv
INFO 2025-04-30 14:31:01,818 transform   Shape: (79, 12)
INFO 2025-04-30 14:31:01,818 transform   Columns: ['cliente', 'facturacion', 'presupuesto', 'facturado_2024', 'facturado_2024', 'facturado_2024', '1er_trimestre', '2do_cuatrimestre', '3er_cuatrimestre', '4to_cuatrimestre', 'facturacion_real', 'proyeccion']
INFO 2025-04-30 14:31:01,950 transform Successfully loaded and parsed: ActivaGFINAL - Profit & Loss.csv
INFO 2025-04-30 14:31:01,951 transform   Shape: (78, 15)
INFO 2025-04-30 14:31:01,951 transform   Columns: ['concepto', 'ENERO', 'FEBRERO', 'MARZO', 'ABRIL', 'MAYO', 'JUNIO', 'JULIO', 'AGOSTO', 'SEPTIEMBRE', 'OCTUBRE', 'NOVIEMBRE', 'DICIEMBRE', 'CONSOLIDADO', 'Unnamed: 14']
INFO 2025-04-30 14:31:01,951 transform Loaded 5 CSV files
INFO 2025-04-30 14:43:27,235 views Initializing S3 connector
INFO 2025-04-30 14:43:27,247 utils Initialized S3Connector for bucket: activa-datalake
INFO 2025-04-30 14:43:27,525 utils Found 6 objects with prefix: raw-data-activa/
INFO 2025-04-30 14:43:27,627 transform Successfully loaded and parsed: ActivaGFINAL - CLIENTES MARCAS.csv
INFO 2025-04-30 14:43:27,627 transform   Shape: (74, 4)
INFO 2025-04-30 14:43:27,627 transform   Columns: ['cliente_marca', 'tipo_cliente', 'cliente_desde', 'rubro_negocios']
INFO 2025-04-30 14:43:27,712 transform Successfully loaded and parsed: ActivaGFINAL - Clientes AG 2.csv
INFO 2025-04-30 14:43:27,712 transform   Shape: (46, 2)
INFO 2025-04-30 14:43:27,712 transform   Columns: ['cliente', 'industria']
WARNING 2025-04-30 14:43:27,804 transform Could not convert column facturado_2024 to numeric: The truth value of a Series is ambiguous. Use a.empty, a.bool(), a.item(), a.any() or a.all().
WARNING 2025-04-30 14:43:27,805 transform Could not convert column facturado_2024 to numeric: The truth value of a Series is ambiguous. Use a.empty, a.bool(), a.item(), a.any() or a.all().
WARNING 2025-04-30 14:43:27,806 transform Could not convert column facturado_2024 to numeric: The truth value of a Series is ambiguous. Use a.empty, a.bool(), a.item(), a.any() or a.all().
INFO 2025-04-30 14:43:27,817 transform Successfully loaded and parsed: ActivaGFINAL - Ingresos Anuales-Mensuales Proy 2.csv
INFO 2025-04-30 14:43:27,817 transform   Shape: (77, 12)
INFO 2025-04-30 14:43:27,817 transform   Columns: ['cliente', 'facturacion', 'presupuesto', 'facturado_2024', 'facturado_2024', 'facturado_2024', '1er_trimestre', '2do_cuatrimestre', '3er_cuatrimestre', '4to_cuatrimestre', 'facturacion_anual', 'facturacion_mensual']
WARNING 2025-04-30 14:43:27,910 transform Could not convert column facturado_2024 to numeric: The truth value of a Series is ambiguous. Use a.empty, a.bool(), a.item(), a.any() or a.all().
WARNING 2025-04-30 14:43:27,911 transform Could not convert column facturado_2024 to numeric: The truth value of a Series is ambiguous. Use a.empty, a.bool(), a.item(), a.any() or a.all().
WARNING 2025-04-30 14:43:27,912 transform Could not convert column facturado_2024 to numeric: The truth value of a Series is ambiguous. Use a.empty, a.bool(), a.item(), a.any() or a.all().
INFO 2025-04-30 14:43:27,925 transform Successfully loaded and parsed: ActivaGFINAL - Presupuesto 2,025.csv
INFO 2025-04-30 14:43:27,925 transform   Shape: (79, 12)
INFO 2025-04-30 14:43:27,925 transform   Columns: ['cliente', 'facturacion', 'presupuesto', 'facturado_2024', 'facturado_2024', 'facturado_2024', '1er_trimestre', '2do_cuatrimestre', '3er_cuatrimestre', '4to_cuatrimestre', 'facturacion_real', 'proyeccion']
INFO 2025-04-30 14:43:28,041 transform Successfully loaded and parsed: ActivaGFINAL - Profit & Loss.csv
INFO 2025-04-30 14:43:28,041 transform   Shape: (78, 15)
INFO 2025-04-30 14:43:28,041 transform   Columns: ['concepto', 'ENERO', 'FEBRERO', 'MARZO', 'ABRIL', 'MAYO', 'JUNIO', 'JULIO', 'AGOSTO', 'SEPTIEMBRE', 'OCTUBRE', 'NOVIEMBRE', 'DICIEMBRE', 'CONSOLIDADO', 'Unnamed: 14']
INFO 2025-04-30 14:43:28,041 transform Loaded 5 CSV files
INFO 2025-04-30 14:43:28,053 transform Added brand information to 4 clients
INFO 2025-04-30 14:43:28,057 transform Merged 11 columns from activagfinal_ingresos_anuales_mensuales_proy_2
INFO 2025-04-30 14:43:28,060 transform Merged 11 columns from activagfinal_presupuesto_2_025
INFO 2025-04-30 14:43:28,060 transform Saved financial summary data from activagfinal_profit_loss
INFO 2025-04-30 14:43:28,061 transform Created combined dataframe with 52 clients and 21 columns
INFO 2025-04-30 14:43:28,075 views Initializing S3 connector
INFO 2025-04-30 14:43:28,082 utils Initialized S3Connector for bucket: activa-datalake
INFO 2025-04-30 14:43:28,083 views Initializing custom data transformer
INFO 2025-04-30 14:43:28,083 views Loading and parsing CSV files from S3
INFO 2025-04-30 14:43:28,327 utils Found 6 objects with prefix: raw-data-activa/
INFO 2025-04-30 14:43:28,422 transform Successfully loaded and parsed: ActivaGFINAL - CLIENTES MARCAS.csv
INFO 2025-04-30 14:43:28,423 transform   Shape: (74, 4)
INFO 2025-04-30 14:43:28,423 transform   Columns: ['cliente_marca', 'tipo_cliente', 'cliente_desde', 'rubro_negocios']
INFO 2025-04-30 14:43:28,514 transform Successfully loaded and parsed: ActivaGFINAL - Clientes AG 2.csv
INFO 2025-04-30 14:43:28,514 transform   Shape: (46, 2)
INFO 2025-04-30 14:43:28,514 transform   Columns: ['cliente', 'industria']
WARNING 2025-04-30 14:43:28,618 transform Could not convert column facturado_2024 to numeric: The truth value of a Series is ambiguous. Use a.empty, a.bool(), a.item(), a.any() or a.all().
WARNING 2025-04-30 14:43:28,619 transform Could not convert column facturado_2024 to numeric: The truth value of a Series is ambiguous. Use a.empty, a.bool(), a.item(), a.any() or a.all().
WARNING 2025-04-30 14:43:28,620 transform Could not convert column facturado_2024 to numeric: The truth value of a Series is ambiguous. Use a.empty, a.bool(), a.item(), a.any() or a.all().
INFO 2025-04-30 14:43:28,634 transform Successfully loaded and parsed: ActivaGFINAL - Ingresos Anuales-Mensuales Proy 2.csv
INFO 2025-04-30 14:43:28,634 transform   Shape: (77, 12)
INFO 2025-04-30 14:43:28,634 transform   Columns: ['cliente', 'facturacion', 'presupuesto', 'facturado_2024', 'facturado_2024', 'facturado_2024', '1er_trimestre', '2do_cuatrimestre', '3er_cuatrimestre', '4to_cuatrimestre', 'facturacion_anual', 'facturacion_mensual']
WARNING 2025-04-30 14:43:28,721 transform Could not convert column facturado_2024 to numeric: The truth value of a Series is ambiguous. Use a.empty, a.bool(), a.item(), a.any() or a.all().
WARNING 2025-04-30 14:43:28,722 transform Could not convert column facturado_2024 to numeric: The truth value of a Series is ambiguous. Use a.empty, a.bool(), a.item(), a.any() or a.all().
WARNING 2025-04-30 14:43:28,723 transform Could not convert column facturado_2024 to numeric: The truth value of a Series is ambiguous. Use a.empty, a.bool(), a.item(), a.any() or a.all().
INFO 2025-04-30 14:43:28,734 transform Successfully loaded and parsed: ActivaGFINAL - Presupuesto 2,025.csv
INFO 2025-04-30 14:43:28,734 transform   Shape: (79, 12)
INFO 2025-04-30 14:43:28,734 transform   Columns: ['cliente', 'facturacion', 'presupuesto', 'facturado_2024', 'facturado_2024', 'facturado_2024', '1er_trimestre', '2do_cuatrimestre', '3er_cuatrimestre', '4to_cuatrimestre', 'facturacion_real', 'proyeccion']
INFO 2025-04-30 14:43:28,847 transform Successfully loaded and parsed: ActivaGFINAL - Profit & Loss.csv
INFO 2025-04-30 14:43:28,848 transform   Shape: (78, 15)
INFO 2025-04-30 14:43:28,848 transform   Columns: ['concepto', 'ENERO', 'FEBRERO', 'MARZO', 'ABRIL', 'MAYO', 'JUNIO', 'JULIO', 'AGOSTO', 'SEPTIEMBRE', 'OCTUBRE', 'NOVIEMBRE', 'DICIEMBRE', 'CONSOLIDADO', 'Unnamed: 14']
INFO 2025-04-30 14:43:28,848 transform Loaded 5 CSV files
INFO 2025-04-30 14:43:28,848 views Transforming and combining all data
INFO 2025-04-30 14:43:28,855 transform Added brand information to 4 clients
INFO 2025-04-30 14:43:28,858 transform Merged 11 columns from activagfinal_ingresos_anuales_mensuales_proy_2
INFO 2025-04-30 14:43:28,861 transform Merged 11 columns from activagfinal_presupuesto_2_025
INFO 2025-04-30 14:43:28,861 transform Saved financial summary data from activagfinal_profit_loss
INFO 2025-04-30 14:43:28,862 transform Created combined dataframe with 52 clients and 21 columns
INFO 2025-04-30 14:43:28,862 views Getting combined data as dictionary
INFO 2025-04-30 14:43:28,867 views Successfully processed and combined data
INFO 2025-04-30 14:43:28,875 views Initializing S3 connector
INFO 2025-04-30 14:43:28,880 utils Initialized S3Connector for bucket: activa-datalake
INFO 2025-04-30 14:43:29,148 utils Found 6 objects with prefix: raw-data-activa/
INFO 2025-04-30 14:43:29,234 transform Successfully loaded and parsed: ActivaGFINAL - CLIENTES MARCAS.csv
INFO 2025-04-30 14:43:29,234 transform   Shape: (74, 4)
INFO 2025-04-30 14:43:29,234 transform   Columns: ['cliente_marca', 'tipo_cliente', 'cliente_desde', 'rubro_negocios']
INFO 2025-04-30 14:43:29,347 transform Successfully loaded and parsed: ActivaGFINAL - Clientes AG 2.csv
INFO 2025-04-30 14:43:29,348 transform   Shape: (46, 2)
INFO 2025-04-30 14:43:29,348 transform   Columns: ['cliente', 'industria']
WARNING 2025-04-30 14:43:29,442 transform Could not convert column facturado_2024 to numeric: The truth value of a Series is ambiguous. Use a.empty, a.bool(), a.item(), a.any() or a.all().
WARNING 2025-04-30 14:43:29,443 transform Could not convert column facturado_2024 to numeric: The truth value of a Series is ambiguous. Use a.empty, a.bool(), a.item(), a.any() or a.all().
WARNING 2025-04-30 14:43:29,444 transform Could not convert column facturado_2024 to numeric: The truth value of a Series is ambiguous. Use a.empty, a.bool(), a.item(), a.any() or a.all().
INFO 2025-04-30 14:43:29,454 transform Successfully loaded and parsed: ActivaGFINAL - Ingresos Anuales-Mensuales Proy 2.csv
INFO 2025-04-30 14:43:29,454 transform   Shape: (77, 12)
INFO 2025-04-30 14:43:29,454 transform   Columns: ['cliente', 'facturacion', 'presupuesto', 'facturado_2024', 'facturado_2024', 'facturado_2024', '1er_trimestre', '2do_cuatrimestre', '3er_cuatrimestre', '4to_cuatrimestre', 'facturacion_anual', 'facturacion_mensual']
WARNING 2025-04-30 14:43:29,576 transform Could not convert column facturado_2024 to numeric: The truth value of a Series is ambiguous. Use a.empty, a.bool(), a.item(), a.any() or a.all().
WARNING 2025-04-30 14:43:29,578 transform Could not convert column facturado_2024 to numeric: The truth value of a Series is ambiguous. Use a.empty, a.bool(), a.item(), a.any() or a.all().
WARNING 2025-04-30 14:43:29,579 transform Could not convert column facturado_2024 to numeric: The truth value of a Series is ambiguous. Use a.empty, a.bool(), a.item(), a.any() or a.all().
INFO 2025-04-30 14:43:29,591 transform Successfully loaded and parsed: ActivaGFINAL - Presupuesto 2,025.csv
INFO 2025-04-30 14:43:29,591 transform   Shape: (79, 12)
INFO 2025-04-30 14:43:29,591 transform   Columns: ['cliente', 'facturacion', 'presupuesto', 'facturado_2024', 'facturado_2024', 'facturado_2024', '1er_trimestre', '2do_cuatrimestre', '3er_cuatrimestre', '4to_cuatrimestre', 'facturacion_real', 'proyeccion']
INFO 2025-04-30 14:43:29,699 transform Successfully loaded and parsed: ActivaGFINAL - Profit & Loss.csv
INFO 2025-04-30 14:43:29,700 transform   Shape: (78, 15)
INFO 2025-04-30 14:43:29,700 transform   Columns: ['concepto', 'ENERO', 'FEBRERO', 'MARZO', 'ABRIL', 'MAYO', 'JUNIO', 'JULIO', 'AGOSTO', 'SEPTIEMBRE', 'OCTUBRE', 'NOVIEMBRE', 'DICIEMBRE', 'CONSOLIDADO', 'Unnamed: 14']
INFO 2025-04-30 14:43:29,700 transform Loaded 5 CSV files
INFO 2025-04-30 16:21:02,266 views Initializing S3 connector
INFO 2025-04-30 16:21:02,275 utils Initialized S3Connector for bucket: activa-datalake
INFO 2025-04-30 16:21:02,275 views Initializing custom data transformer
INFO 2025-04-30 16:21:02,275 views Loading and parsing CSV files from S3
INFO 2025-04-30 16:21:02,585 utils Found 6 objects with prefix: raw-data-activa/
INFO 2025-04-30 16:21:02,704 transform Successfully loaded and parsed: ActivaGFINAL - CLIENTES MARCAS.csv
INFO 2025-04-30 16:21:02,704 transform   Shape: (74, 4)
INFO 2025-04-30 16:21:02,704 transform   Columns: ['cliente_marca', 'tipo_cliente', 'cliente_desde', 'rubro_negocios']
INFO 2025-04-30 16:21:02,835 transform Successfully loaded and parsed: ActivaGFINAL - Clientes AG 2.csv
INFO 2025-04-30 16:21:02,835 transform   Shape: (46, 2)
INFO 2025-04-30 16:21:02,836 transform   Columns: ['cliente', 'industria']
WARNING 2025-04-30 16:21:02,978 transform Could not convert column facturado_2024 to numeric: The truth value of a Series is ambiguous. Use a.empty, a.bool(), a.item(), a.any() or a.all().
WARNING 2025-04-30 16:21:02,979 transform Could not convert column facturado_2024 to numeric: The truth value of a Series is ambiguous. Use a.empty, a.bool(), a.item(), a.any() or a.all().
WARNING 2025-04-30 16:21:02,979 transform Could not convert column facturado_2024 to numeric: The truth value of a Series is ambiguous. Use a.empty, a.bool(), a.item(), a.any() or a.all().
INFO 2025-04-30 16:21:02,990 transform Successfully loaded and parsed: ActivaGFINAL - Ingresos Anuales-Mensuales Proy 2.csv
INFO 2025-04-30 16:21:02,990 transform   Shape: (77, 12)
INFO 2025-04-30 16:21:02,991 transform   Columns: ['cliente', 'facturacion', 'presupuesto', 'facturado_2024', 'facturado_2024', 'facturado_2024', '1er_trimestre', '2do_cuatrimestre', '3er_cuatrimestre', '4to_cuatrimestre', 'facturacion_anual', 'facturacion_mensual']
WARNING 2025-04-30 16:21:03,098 transform Could not convert column facturado_2024 to numeric: The truth value of a Series is ambiguous. Use a.empty, a.bool(), a.item(), a.any() or a.all().
WARNING 2025-04-30 16:21:03,100 transform Could not convert column facturado_2024 to numeric: The truth value of a Series is ambiguous. Use a.empty, a.bool(), a.item(), a.any() or a.all().
WARNING 2025-04-30 16:21:03,100 transform Could not convert column facturado_2024 to numeric: The truth value of a Series is ambiguous. Use a.empty, a.bool(), a.item(), a.any() or a.all().
INFO 2025-04-30 16:21:03,112 transform Successfully loaded and parsed: ActivaGFINAL - Presupuesto 2,025.csv
INFO 2025-04-30 16:21:03,112 transform   Shape: (79, 12)
INFO 2025-04-30 16:21:03,112 transform   Columns: ['cliente', 'facturacion', 'presupuesto', 'facturado_2024', 'facturado_2024', 'facturado_2024', '1er_trimestre', '2do_cuatrimestre', '3er_cuatrimestre', '4to_cuatrimestre', 'facturacion_real', 'proyeccion']
INFO 2025-04-30 16:21:03,238 transform Successfully loaded and parsed: ActivaGFINAL - Profit & Loss.csv
INFO 2025-04-30 16:21:03,238 transform   Shape: (78, 15)
INFO 2025-04-30 16:21:03,238 transform   Columns: ['concepto', 'ENERO', 'FEBRERO', 'MARZO', 'ABRIL', 'MAYO', 'JUNIO', 'JULIO', 'AGOSTO', 'SEPTIEMBRE', 'OCTUBRE', 'NOVIEMBRE', 'DICIEMBRE', 'CONSOLIDADO', 'Unnamed: 14']
INFO 2025-04-30 16:21:03,238 transform Loaded 5 CSV files
INFO 2025-04-30 16:21:03,238 views Transforming and combining all data
INFO 2025-04-30 16:21:03,253 transform Added brand information to 4 clients
INFO 2025-04-30 16:21:03,258 transform Merged 11 columns from activagfinal_ingresos_anuales_mensuales_proy_2
INFO 2025-04-30 16:21:03,261 transform Merged 11 columns from activagfinal_presupuesto_2_025
INFO 2025-04-30 16:21:03,261 transform Saved financial summary data from activagfinal_profit_loss
INFO 2025-04-30 16:21:03,262 transform Created combined dataframe with 52 clients and 21 columns
INFO 2025-04-30 16:21:03,262 views Getting combined data as dictionary
INFO 2025-04-30 16:21:03,266 views Successfully processed and combined data
INFO 2025-04-30 16:21:03,274 views Initializing S3 connector
INFO 2025-04-30 16:21:03,278 utils Initialized S3Connector for bucket: activa-datalake
INFO 2025-04-30 16:21:03,506 utils Found 6 objects with prefix: raw-data-activa/
INFO 2025-04-30 16:21:03,596 transform Successfully loaded and parsed: ActivaGFINAL - CLIENTES MARCAS.csv
INFO 2025-04-30 16:21:03,597 transform   Shape: (74, 4)
INFO 2025-04-30 16:21:03,597 transform   Columns: ['cliente_marca', 'tipo_cliente', 'cliente_desde', 'rubro_negocios']
INFO 2025-04-30 16:21:03,678 transform Successfully loaded and parsed: ActivaGFINAL - Clientes AG 2.csv
INFO 2025-04-30 16:21:03,678 transform   Shape: (46, 2)
INFO 2025-04-30 16:21:03,678 transform   Columns: ['cliente', 'industria']
WARNING 2025-04-30 16:21:03,761 transform Could not convert column facturado_2024 to numeric: The truth value of a Series is ambiguous. Use a.empty, a.bool(), a.item(), a.any() or a.all().
WARNING 2025-04-30 16:21:03,762 transform Could not convert column facturado_2024 to numeric: The truth value of a Series is ambiguous. Use a.empty, a.bool(), a.item(), a.any() or a.all().
WARNING 2025-04-30 16:21:03,763 transform Could not convert column facturado_2024 to numeric: The truth value of a Series is ambiguous. Use a.empty, a.bool(), a.item(), a.any() or a.all().
INFO 2025-04-30 16:21:03,778 transform Successfully loaded and parsed: ActivaGFINAL - Ingresos Anuales-Mensuales Proy 2.csv
INFO 2025-04-30 16:21:03,778 transform   Shape: (77, 12)
INFO 2025-04-30 16:21:03,778 transform   Columns: ['cliente', 'facturacion', 'presupuesto', 'facturado_2024', 'facturado_2024', 'facturado_2024', '1er_trimestre', '2do_cuatrimestre', '3er_cuatrimestre', '4to_cuatrimestre', 'facturacion_anual', 'facturacion_mensual']
WARNING 2025-04-30 16:21:03,862 transform Could not convert column facturado_2024 to numeric: The truth value of a Series is ambiguous. Use a.empty, a.bool(), a.item(), a.any() or a.all().
WARNING 2025-04-30 16:21:03,864 transform Could not convert column facturado_2024 to numeric: The truth value of a Series is ambiguous. Use a.empty, a.bool(), a.item(), a.any() or a.all().
WARNING 2025-04-30 16:21:03,865 transform Could not convert column facturado_2024 to numeric: The truth value of a Series is ambiguous. Use a.empty, a.bool(), a.item(), a.any() or a.all().
INFO 2025-04-30 16:21:03,878 transform Successfully loaded and parsed: ActivaGFINAL - Presupuesto 2,025.csv
INFO 2025-04-30 16:21:03,879 transform   Shape: (79, 12)
INFO 2025-04-30 16:21:03,879 transform   Columns: ['cliente', 'facturacion', 'presupuesto', 'facturado_2024', 'facturado_2024', 'facturado_2024', '1er_trimestre', '2do_cuatrimestre', '3er_cuatrimestre', '4to_cuatrimestre', 'facturacion_real', 'proyeccion']
INFO 2025-04-30 16:21:03,983 transform Successfully loaded and parsed: ActivaGFINAL - Profit & Loss.csv
INFO 2025-04-30 16:21:03,984 transform   Shape: (78, 15)
INFO 2025-04-30 16:21:03,984 transform   Columns: ['concepto', 'ENERO', 'FEBRERO', 'MARZO', 'ABRIL', 'MAYO', 'JUNIO', 'JULIO', 'AGOSTO', 'SEPTIEMBRE', 'OCTUBRE', 'NOVIEMBRE', 'DICIEMBRE', 'CONSOLIDADO', 'Unnamed: 14']
INFO 2025-04-30 16:21:03,984 transform Loaded 5 CSV files
INFO 2025-04-30 16:21:03,991 transform Added brand information to 4 clients
INFO 2025-04-30 16:21:03,994 transform Merged 11 columns from activagfinal_ingresos_anuales_mensuales_proy_2
INFO 2025-04-30 16:21:03,997 transform Merged 11 columns from activagfinal_presupuesto_2_025
INFO 2025-04-30 16:21:03,997 transform Saved financial summary data from activagfinal_profit_loss
INFO 2025-04-30 16:21:03,998 transform Created combined dataframe with 52 clients and 21 columns
INFO 2025-04-30 16:21:17,166 views Initializing S3 connector
INFO 2025-04-30 16:21:17,169 utils Initialized S3Connector for bucket: activa-datalake
INFO 2025-04-30 16:21:17,400 utils Found 6 objects with prefix: raw-data-activa/
INFO 2025-04-30 16:21:17,487 transform Successfully loaded and parsed: ActivaGFINAL - CLIENTES MARCAS.csv
INFO 2025-04-30 16:21:17,487 transform   Shape: (74, 4)
INFO 2025-04-30 16:21:17,488 transform   Columns: ['cliente_marca', 'tipo_cliente', 'cliente_desde', 'rubro_negocios']
INFO 2025-04-30 16:21:17,572 transform Successfully loaded and parsed: ActivaGFINAL - Clientes AG 2.csv
INFO 2025-04-30 16:21:17,572 transform   Shape: (46, 2)
INFO 2025-04-30 16:21:17,572 transform   Columns: ['cliente', 'industria']
WARNING 2025-04-30 16:21:17,667 transform Could not convert column facturado_2024 to numeric: The truth value of a Series is ambiguous. Use a.empty, a.bool(), a.item(), a.any() or a.all().
WARNING 2025-04-30 16:21:17,669 transform Could not convert column facturado_2024 to numeric: The truth value of a Series is ambiguous. Use a.empty, a.bool(), a.item(), a.any() or a.all().
WARNING 2025-04-30 16:21:17,671 transform Could not convert column facturado_2024 to numeric: The truth value of a Series is ambiguous. Use a.empty, a.bool(), a.item(), a.any() or a.all().
INFO 2025-04-30 16:21:17,684 transform Successfully loaded and parsed: ActivaGFINAL - Ingresos Anuales-Mensuales Proy 2.csv
INFO 2025-04-30 16:21:17,684 transform   Shape: (77, 12)
INFO 2025-04-30 16:21:17,685 transform   Columns: ['cliente', 'facturacion', 'presupuesto', 'facturado_2024', 'facturado_2024', 'facturado_2024', '1er_trimestre', '2do_cuatrimestre', '3er_cuatrimestre', '4to_cuatrimestre', 'facturacion_anual', 'facturacion_mensual']
WARNING 2025-04-30 16:21:17,771 transform Could not convert column facturado_2024 to numeric: The truth value of a Series is ambiguous. Use a.empty, a.bool(), a.item(), a.any() or a.all().
WARNING 2025-04-30 16:21:17,773 transform Could not convert column facturado_2024 to numeric: The truth value of a Series is ambiguous. Use a.empty, a.bool(), a.item(), a.any() or a.all().
WARNING 2025-04-30 16:21:17,774 transform Could not convert column facturado_2024 to numeric: The truth value of a Series is ambiguous. Use a.empty, a.bool(), a.item(), a.any() or a.all().
INFO 2025-04-30 16:21:17,784 transform Successfully loaded and parsed: ActivaGFINAL - Presupuesto 2,025.csv
INFO 2025-04-30 16:21:17,785 transform   Shape: (79, 12)
INFO 2025-04-30 16:21:17,785 transform   Columns: ['cliente', 'facturacion', 'presupuesto', 'facturado_2024', 'facturado_2024', 'facturado_2024', '1er_trimestre', '2do_cuatrimestre', '3er_cuatrimestre', '4to_cuatrimestre', 'facturacion_real', 'proyeccion']
INFO 2025-04-30 16:21:17,896 transform Successfully loaded and parsed: ActivaGFINAL - Profit & Loss.csv
INFO 2025-04-30 16:21:17,896 transform   Shape: (78, 15)
INFO 2025-04-30 16:21:17,896 transform   Columns: ['concepto', 'ENERO', 'FEBRERO', 'MARZO', 'ABRIL', 'MAYO', 'JUNIO', 'JULIO', 'AGOSTO', 'SEPTIEMBRE', 'OCTUBRE', 'NOVIEMBRE', 'DICIEMBRE', 'CONSOLIDADO', 'Unnamed: 14']
INFO 2025-04-30 16:21:17,896 transform Loaded 5 CSV files
INFO 2025-04-30 16:21:17,908 views Initializing S3 connector
INFO 2025-04-30 16:21:17,917 utils Initialized S3Connector for bucket: activa-datalake
INFO 2025-04-30 16:21:17,917 views Initializing custom data transformer
INFO 2025-04-30 16:21:17,917 views Loading and parsing CSV files from S3
INFO 2025-04-30 16:21:18,197 utils Found 6 objects with prefix: raw-data-activa/
INFO 2025-04-30 16:21:18,282 transform Successfully loaded and parsed: ActivaGFINAL - CLIENTES MARCAS.csv
INFO 2025-04-30 16:21:18,283 transform   Shape: (74, 4)
INFO 2025-04-30 16:21:18,283 transform   Columns: ['cliente_marca', 'tipo_cliente', 'cliente_desde', 'rubro_negocios']
INFO 2025-04-30 16:21:18,389 transform Successfully loaded and parsed: ActivaGFINAL - Clientes AG 2.csv
INFO 2025-04-30 16:21:18,390 transform   Shape: (46, 2)
INFO 2025-04-30 16:21:18,390 transform   Columns: ['cliente', 'industria']
WARNING 2025-04-30 16:21:18,485 transform Could not convert column facturado_2024 to numeric: The truth value of a Series is ambiguous. Use a.empty, a.bool(), a.item(), a.any() or a.all().
WARNING 2025-04-30 16:21:18,486 transform Could not convert column facturado_2024 to numeric: The truth value of a Series is ambiguous. Use a.empty, a.bool(), a.item(), a.any() or a.all().
WARNING 2025-04-30 16:21:18,487 transform Could not convert column facturado_2024 to numeric: The truth value of a Series is ambiguous. Use a.empty, a.bool(), a.item(), a.any() or a.all().
INFO 2025-04-30 16:21:18,498 transform Successfully loaded and parsed: ActivaGFINAL - Ingresos Anuales-Mensuales Proy 2.csv
INFO 2025-04-30 16:21:18,499 transform   Shape: (77, 12)
INFO 2025-04-30 16:21:18,499 transform   Columns: ['cliente', 'facturacion', 'presupuesto', 'facturado_2024', 'facturado_2024', 'facturado_2024', '1er_trimestre', '2do_cuatrimestre', '3er_cuatrimestre', '4to_cuatrimestre', 'facturacion_anual', 'facturacion_mensual']
WARNING 2025-04-30 16:21:18,584 transform Could not convert column facturado_2024 to numeric: The truth value of a Series is ambiguous. Use a.empty, a.bool(), a.item(), a.any() or a.all().
WARNING 2025-04-30 16:21:18,585 transform Could not convert column facturado_2024 to numeric: The truth value of a Series is ambiguous. Use a.empty, a.bool(), a.item(), a.any() or a.all().
WARNING 2025-04-30 16:21:18,587 transform Could not convert column facturado_2024 to numeric: The truth value of a Series is ambiguous. Use a.empty, a.bool(), a.item(), a.any() or a.all().
INFO 2025-04-30 16:21:18,600 transform Successfully loaded and parsed: ActivaGFINAL - Presupuesto 2,025.csv
INFO 2025-04-30 16:21:18,600 transform   Shape: (79, 12)
INFO 2025-04-30 16:21:18,600 transform   Columns: ['cliente', 'facturacion', 'presupuesto', 'facturado_2024', 'facturado_2024', 'facturado_2024', '1er_trimestre', '2do_cuatrimestre', '3er_cuatrimestre', '4to_cuatrimestre', 'facturacion_real', 'proyeccion']
INFO 2025-04-30 16:21:18,713 transform Successfully loaded and parsed: ActivaGFINAL - Profit & Loss.csv
INFO 2025-04-30 16:21:18,713 transform   Shape: (78, 15)
INFO 2025-04-30 16:21:18,713 transform   Columns: ['concepto', 'ENERO', 'FEBRERO', 'MARZO', 'ABRIL', 'MAYO', 'JUNIO', 'JULIO', 'AGOSTO', 'SEPTIEMBRE', 'OCTUBRE', 'NOVIEMBRE', 'DICIEMBRE', 'CONSOLIDADO', 'Unnamed: 14']
INFO 2025-04-30 16:21:18,713 transform Loaded 5 CSV files
INFO 2025-04-30 16:21:18,713 views Transforming and combining all data
INFO 2025-04-30 16:21:18,720 transform Added brand information to 4 clients
INFO 2025-04-30 16:21:18,722 transform Merged 11 columns from activagfinal_ingresos_anuales_mensuales_proy_2
INFO 2025-04-30 16:21:18,725 transform Merged 11 columns from activagfinal_presupuesto_2_025
INFO 2025-04-30 16:21:18,725 transform Saved financial summary data from activagfinal_profit_loss
INFO 2025-04-30 16:21:18,726 transform Created combined dataframe with 52 clients and 21 columns
INFO 2025-04-30 16:21:18,726 views Getting combined data as dictionary
INFO 2025-04-30 16:21:18,731 views Successfully processed and combined data
INFO 2025-04-30 16:21:20,909 views Initializing S3 connector
INFO 2025-04-30 16:21:20,916 utils Initialized S3Connector for bucket: activa-datalake
INFO 2025-04-30 16:21:20,916 views Initializing custom data transformer
INFO 2025-04-30 16:21:20,916 views Loading and parsing CSV files from S3
INFO 2025-04-30 16:21:21,153 utils Found 6 objects with prefix: raw-data-activa/
INFO 2025-04-30 16:21:21,234 transform Successfully loaded and parsed: ActivaGFINAL - CLIENTES MARCAS.csv
INFO 2025-04-30 16:21:21,235 transform   Shape: (74, 4)
INFO 2025-04-30 16:21:21,235 transform   Columns: ['cliente_marca', 'tipo_cliente', 'cliente_desde', 'rubro_negocios']
INFO 2025-04-30 16:21:21,320 transform Successfully loaded and parsed: ActivaGFINAL - Clientes AG 2.csv
INFO 2025-04-30 16:21:21,320 transform   Shape: (46, 2)
INFO 2025-04-30 16:21:21,320 transform   Columns: ['cliente', 'industria']
WARNING 2025-04-30 16:21:21,413 transform Could not convert column facturado_2024 to numeric: The truth value of a Series is ambiguous. Use a.empty, a.bool(), a.item(), a.any() or a.all().
WARNING 2025-04-30 16:21:21,414 transform Could not convert column facturado_2024 to numeric: The truth value of a Series is ambiguous. Use a.empty, a.bool(), a.item(), a.any() or a.all().
WARNING 2025-04-30 16:21:21,415 transform Could not convert column facturado_2024 to numeric: The truth value of a Series is ambiguous. Use a.empty, a.bool(), a.item(), a.any() or a.all().
INFO 2025-04-30 16:21:21,425 transform Successfully loaded and parsed: ActivaGFINAL - Ingresos Anuales-Mensuales Proy 2.csv
INFO 2025-04-30 16:21:21,425 transform   Shape: (77, 12)
INFO 2025-04-30 16:21:21,425 transform   Columns: ['cliente', 'facturacion', 'presupuesto', 'facturado_2024', 'facturado_2024', 'facturado_2024', '1er_trimestre', '2do_cuatrimestre', '3er_cuatrimestre', '4to_cuatrimestre', 'facturacion_anual', 'facturacion_mensual']
WARNING 2025-04-30 16:21:21,511 transform Could not convert column facturado_2024 to numeric: The truth value of a Series is ambiguous. Use a.empty, a.bool(), a.item(), a.any() or a.all().
WARNING 2025-04-30 16:21:21,512 transform Could not convert column facturado_2024 to numeric: The truth value of a Series is ambiguous. Use a.empty, a.bool(), a.item(), a.any() or a.all().
WARNING 2025-04-30 16:21:21,513 transform Could not convert column facturado_2024 to numeric: The truth value of a Series is ambiguous. Use a.empty, a.bool(), a.item(), a.any() or a.all().
INFO 2025-04-30 16:21:21,526 transform Successfully loaded and parsed: ActivaGFINAL - Presupuesto 2,025.csv
INFO 2025-04-30 16:21:21,526 transform   Shape: (79, 12)
INFO 2025-04-30 16:21:21,527 transform   Columns: ['cliente', 'facturacion', 'presupuesto', 'facturado_2024', 'facturado_2024', 'facturado_2024', '1er_trimestre', '2do_cuatrimestre', '3er_cuatrimestre', '4to_cuatrimestre', 'facturacion_real', 'proyeccion']
INFO 2025-04-30 16:21:21,636 transform Successfully loaded and parsed: ActivaGFINAL - Profit & Loss.csv
INFO 2025-04-30 16:21:21,636 transform   Shape: (78, 15)
INFO 2025-04-30 16:21:21,636 transform   Columns: ['concepto', 'ENERO', 'FEBRERO', 'MARZO', 'ABRIL', 'MAYO', 'JUNIO', 'JULIO', 'AGOSTO', 'SEPTIEMBRE', 'OCTUBRE', 'NOVIEMBRE', 'DICIEMBRE', 'CONSOLIDADO', 'Unnamed: 14']
INFO 2025-04-30 16:21:21,636 transform Loaded 5 CSV files
INFO 2025-04-30 16:21:21,636 views Transforming and combining all data
INFO 2025-04-30 16:21:21,643 transform Added brand information to 4 clients
INFO 2025-04-30 16:21:21,646 transform Merged 11 columns from activagfinal_ingresos_anuales_mensuales_proy_2
INFO 2025-04-30 16:21:21,649 transform Merged 11 columns from activagfinal_presupuesto_2_025
INFO 2025-04-30 16:21:21,649 transform Saved financial summary data from activagfinal_profit_loss
INFO 2025-04-30 16:21:21,649 transform Created combined dataframe with 52 clients and 21 columns
INFO 2025-04-30 16:21:21,649 views Getting combined data as dictionary
INFO 2025-04-30 16:21:21,654 views Successfully processed and combined data
INFO 2025-04-30 16:21:21,660 views Initializing S3 connector
INFO 2025-04-30 16:21:21,664 utils Initialized S3Connector for bucket: activa-datalake
INFO 2025-04-30 16:21:21,907 utils Found 6 objects with prefix: raw-data-activa/
INFO 2025-04-30 16:21:21,993 transform Successfully loaded and parsed: ActivaGFINAL - CLIENTES MARCAS.csv
INFO 2025-04-30 16:21:21,993 transform   Shape: (74, 4)
INFO 2025-04-30 16:21:21,993 transform   Columns: ['cliente_marca', 'tipo_cliente', 'cliente_desde', 'rubro_negocios']
INFO 2025-04-30 16:21:22,072 transform Successfully loaded and parsed: ActivaGFINAL - Clientes AG 2.csv
INFO 2025-04-30 16:21:22,072 transform   Shape: (46, 2)
INFO 2025-04-30 16:21:22,072 transform   Columns: ['cliente', 'industria']
WARNING 2025-04-30 16:21:22,155 transform Could not convert column facturado_2024 to numeric: The truth value of a Series is ambiguous. Use a.empty, a.bool(), a.item(), a.any() or a.all().
WARNING 2025-04-30 16:21:22,156 transform Could not convert column facturado_2024 to numeric: The truth value of a Series is ambiguous. Use a.empty, a.bool(), a.item(), a.any() or a.all().
WARNING 2025-04-30 16:21:22,157 transform Could not convert column facturado_2024 to numeric: The truth value of a Series is ambiguous. Use a.empty, a.bool(), a.item(), a.any() or a.all().
INFO 2025-04-30 16:21:22,166 transform Successfully loaded and parsed: ActivaGFINAL - Ingresos Anuales-Mensuales Proy 2.csv
INFO 2025-04-30 16:21:22,167 transform   Shape: (77, 12)
INFO 2025-04-30 16:21:22,167 transform   Columns: ['cliente', 'facturacion', 'presupuesto', 'facturado_2024', 'facturado_2024', 'facturado_2024', '1er_trimestre', '2do_cuatrimestre', '3er_cuatrimestre', '4to_cuatrimestre', 'facturacion_anual', 'facturacion_mensual']
WARNING 2025-04-30 16:21:22,248 transform Could not convert column facturado_2024 to numeric: The truth value of a Series is ambiguous. Use a.empty, a.bool(), a.item(), a.any() or a.all().
WARNING 2025-04-30 16:21:22,249 transform Could not convert column facturado_2024 to numeric: The truth value of a Series is ambiguous. Use a.empty, a.bool(), a.item(), a.any() or a.all().
WARNING 2025-04-30 16:21:22,249 transform Could not convert column facturado_2024 to numeric: The truth value of a Series is ambiguous. Use a.empty, a.bool(), a.item(), a.any() or a.all().
INFO 2025-04-30 16:21:22,263 transform Successfully loaded and parsed: ActivaGFINAL - Presupuesto 2,025.csv
INFO 2025-04-30 16:21:22,263 transform   Shape: (79, 12)
INFO 2025-04-30 16:21:22,263 transform   Columns: ['cliente', 'facturacion', 'presupuesto', 'facturado_2024', 'facturado_2024', 'facturado_2024', '1er_trimestre', '2do_cuatrimestre', '3er_cuatrimestre', '4to_cuatrimestre', 'facturacion_real', 'proyeccion']
INFO 2025-04-30 16:21:22,371 transform Successfully loaded and parsed: ActivaGFINAL - Profit & Loss.csv
INFO 2025-04-30 16:21:22,371 transform   Shape: (78, 15)
INFO 2025-04-30 16:21:22,371 transform   Columns: ['concepto', 'ENERO', 'FEBRERO', 'MARZO', 'ABRIL', 'MAYO', 'JUNIO', 'JULIO', 'AGOSTO', 'SEPTIEMBRE', 'OCTUBRE', 'NOVIEMBRE', 'DICIEMBRE', 'CONSOLIDADO', 'Unnamed: 14']
INFO 2025-04-30 16:21:22,371 transform Loaded 5 CSV files
INFO 2025-04-30 16:21:22,378 transform Added brand information to 4 clients
INFO 2025-04-30 16:21:22,382 transform Merged 11 columns from activagfinal_ingresos_anuales_mensuales_proy_2
INFO 2025-04-30 16:21:22,385 transform Merged 11 columns from activagfinal_presupuesto_2_025
INFO 2025-04-30 16:21:22,385 transform Saved financial summary data from activagfinal_profit_loss
INFO 2025-04-30 16:21:22,385 transform Created combined dataframe with 52 clients and 21 columns
INFO 2025-04-30 16:21:31,111 views Initializing S3 connector
INFO 2025-04-30 16:21:31,116 utils Initialized S3Connector for bucket: activa-datalake
INFO 2025-04-30 16:21:31,366 utils Found 6 objects with prefix: raw-data-activa/
INFO 2025-04-30 16:21:31,463 transform Successfully loaded and parsed: ActivaGFINAL - CLIENTES MARCAS.csv
INFO 2025-04-30 16:21:31,468 transform   Shape: (74, 4)
INFO 2025-04-30 16:21:31,468 transform   Columns: ['cliente_marca', 'tipo_cliente', 'cliente_desde', 'rubro_negocios']
INFO 2025-04-30 16:21:31,554 transform Successfully loaded and parsed: ActivaGFINAL - Clientes AG 2.csv
INFO 2025-04-30 16:21:31,554 transform   Shape: (46, 2)
INFO 2025-04-30 16:21:31,554 transform   Columns: ['cliente', 'industria']
WARNING 2025-04-30 16:21:31,639 transform Could not convert column facturado_2024 to numeric: The truth value of a Series is ambiguous. Use a.empty, a.bool(), a.item(), a.any() or a.all().
WARNING 2025-04-30 16:21:31,640 transform Could not convert column facturado_2024 to numeric: The truth value of a Series is ambiguous. Use a.empty, a.bool(), a.item(), a.any() or a.all().
WARNING 2025-04-30 16:21:31,641 transform Could not convert column facturado_2024 to numeric: The truth value of a Series is ambiguous. Use a.empty, a.bool(), a.item(), a.any() or a.all().
INFO 2025-04-30 16:21:31,651 transform Successfully loaded and parsed: ActivaGFINAL - Ingresos Anuales-Mensuales Proy 2.csv
INFO 2025-04-30 16:21:31,651 transform   Shape: (77, 12)
INFO 2025-04-30 16:21:31,651 transform   Columns: ['cliente', 'facturacion', 'presupuesto', 'facturado_2024', 'facturado_2024', 'facturado_2024', '1er_trimestre', '2do_cuatrimestre', '3er_cuatrimestre', '4to_cuatrimestre', 'facturacion_anual', 'facturacion_mensual']
WARNING 2025-04-30 16:21:31,744 transform Could not convert column facturado_2024 to numeric: The truth value of a Series is ambiguous. Use a.empty, a.bool(), a.item(), a.any() or a.all().
WARNING 2025-04-30 16:21:31,745 transform Could not convert column facturado_2024 to numeric: The truth value of a Series is ambiguous. Use a.empty, a.bool(), a.item(), a.any() or a.all().
WARNING 2025-04-30 16:21:31,746 transform Could not convert column facturado_2024 to numeric: The truth value of a Series is ambiguous. Use a.empty, a.bool(), a.item(), a.any() or a.all().
INFO 2025-04-30 16:21:31,760 transform Successfully loaded and parsed: ActivaGFINAL - Presupuesto 2,025.csv
INFO 2025-04-30 16:21:31,760 transform   Shape: (79, 12)
INFO 2025-04-30 16:21:31,760 transform   Columns: ['cliente', 'facturacion', 'presupuesto', 'facturado_2024', 'facturado_2024', 'facturado_2024', '1er_trimestre', '2do_cuatrimestre', '3er_cuatrimestre', '4to_cuatrimestre', 'facturacion_real', 'proyeccion']
INFO 2025-04-30 16:21:31,881 transform Successfully loaded and parsed: ActivaGFINAL - Profit & Loss.csv
INFO 2025-04-30 16:21:31,881 transform   Shape: (78, 15)
INFO 2025-04-30 16:21:31,881 transform   Columns: ['concepto', 'ENERO', 'FEBRERO', 'MARZO', 'ABRIL', 'MAYO', 'JUNIO', 'JULIO', 'AGOSTO', 'SEPTIEMBRE', 'OCTUBRE', 'NOVIEMBRE', 'DICIEMBRE', 'CONSOLIDADO', 'Unnamed: 14']
INFO 2025-04-30 16:21:31,881 transform Loaded 5 CSV files
INFO 2025-04-30 16:21:31,889 transform Added brand information to 4 clients
INFO 2025-04-30 16:21:31,892 transform Merged 11 columns from activagfinal_ingresos_anuales_mensuales_proy_2
INFO 2025-04-30 16:21:31,895 transform Merged 11 columns from activagfinal_presupuesto_2_025
INFO 2025-04-30 16:21:31,895 transform Saved financial summary data from activagfinal_profit_loss
INFO 2025-04-30 16:21:31,896 transform Created combined dataframe with 52 clients and 21 columns
INFO 2025-04-30 16:21:31,908 views Initializing S3 connector
INFO 2025-04-30 16:21:31,914 utils Initialized S3Connector for bucket: activa-datalake
INFO 2025-04-30 16:21:31,914 views Initializing custom data transformer
INFO 2025-04-30 16:21:31,915 views Loading and parsing CSV files from S3
INFO 2025-04-30 16:21:32,154 utils Found 6 objects with prefix: raw-data-activa/
INFO 2025-04-30 16:21:32,235 transform Successfully loaded and parsed: ActivaGFINAL - CLIENTES MARCAS.csv
INFO 2025-04-30 16:21:32,235 transform   Shape: (74, 4)
INFO 2025-04-30 16:21:32,235 transform   Columns: ['cliente_marca', 'tipo_cliente', 'cliente_desde', 'rubro_negocios']
INFO 2025-04-30 16:21:32,316 transform Successfully loaded and parsed: ActivaGFINAL - Clientes AG 2.csv
INFO 2025-04-30 16:21:32,316 transform   Shape: (46, 2)
INFO 2025-04-30 16:21:32,316 transform   Columns: ['cliente', 'industria']
WARNING 2025-04-30 16:21:32,403 transform Could not convert column facturado_2024 to numeric: The truth value of a Series is ambiguous. Use a.empty, a.bool(), a.item(), a.any() or a.all().
WARNING 2025-04-30 16:21:32,404 transform Could not convert column facturado_2024 to numeric: The truth value of a Series is ambiguous. Use a.empty, a.bool(), a.item(), a.any() or a.all().
WARNING 2025-04-30 16:21:32,405 transform Could not convert column facturado_2024 to numeric: The truth value of a Series is ambiguous. Use a.empty, a.bool(), a.item(), a.any() or a.all().
INFO 2025-04-30 16:21:32,416 transform Successfully loaded and parsed: ActivaGFINAL - Ingresos Anuales-Mensuales Proy 2.csv
INFO 2025-04-30 16:21:32,416 transform   Shape: (77, 12)
INFO 2025-04-30 16:21:32,417 transform   Columns: ['cliente', 'facturacion', 'presupuesto', 'facturado_2024', 'facturado_2024', 'facturado_2024', '1er_trimestre', '2do_cuatrimestre', '3er_cuatrimestre', '4to_cuatrimestre', 'facturacion_anual', 'facturacion_mensual']
WARNING 2025-04-30 16:21:32,504 transform Could not convert column facturado_2024 to numeric: The truth value of a Series is ambiguous. Use a.empty, a.bool(), a.item(), a.any() or a.all().
WARNING 2025-04-30 16:21:32,505 transform Could not convert column facturado_2024 to numeric: The truth value of a Series is ambiguous. Use a.empty, a.bool(), a.item(), a.any() or a.all().
WARNING 2025-04-30 16:21:32,506 transform Could not convert column facturado_2024 to numeric: The truth value of a Series is ambiguous. Use a.empty, a.bool(), a.item(), a.any() or a.all().
INFO 2025-04-30 16:21:32,520 transform Successfully loaded and parsed: ActivaGFINAL - Presupuesto 2,025.csv
INFO 2025-04-30 16:21:32,520 transform   Shape: (79, 12)
INFO 2025-04-30 16:21:32,520 transform   Columns: ['cliente', 'facturacion', 'presupuesto', 'facturado_2024', 'facturado_2024', 'facturado_2024', '1er_trimestre', '2do_cuatrimestre', '3er_cuatrimestre', '4to_cuatrimestre', 'facturacion_real', 'proyeccion']
INFO 2025-04-30 16:21:32,602 transform Successfully loaded and parsed: ActivaGFINAL - Profit & Loss.csv
INFO 2025-04-30 16:21:32,602 transform   Shape: (78, 15)
INFO 2025-04-30 16:21:32,603 transform   Columns: ['concepto', 'ENERO', 'FEBRERO', 'MARZO', 'ABRIL', 'MAYO', 'JUNIO', 'JULIO', 'AGOSTO', 'SEPTIEMBRE', 'OCTUBRE', 'NOVIEMBRE', 'DICIEMBRE', 'CONSOLIDADO', 'Unnamed: 14']
INFO 2025-04-30 16:21:32,603 transform Loaded 5 CSV files
INFO 2025-04-30 16:21:32,603 views Transforming and combining all data
INFO 2025-04-30 16:21:32,607 transform Added brand information to 4 clients
INFO 2025-04-30 16:21:32,608 transform Merged 11 columns from activagfinal_ingresos_anuales_mensuales_proy_2
INFO 2025-04-30 16:21:32,610 transform Merged 11 columns from activagfinal_presupuesto_2_025
INFO 2025-04-30 16:21:32,610 transform Saved financial summary data from activagfinal_profit_loss
INFO 2025-04-30 16:21:32,611 transform Created combined dataframe with 52 clients and 21 columns
INFO 2025-04-30 16:21:32,611 views Getting combined data as dictionary
INFO 2025-04-30 16:21:32,614 views Successfully processed and combined data
INFO 2025-04-30 16:21:36,425 views Initializing S3 connector
INFO 2025-04-30 16:21:36,431 utils Initialized S3Connector for bucket: activa-datalake
INFO 2025-04-30 16:21:36,432 views Initializing custom data transformer
INFO 2025-04-30 16:21:36,432 views Loading and parsing CSV files from S3
INFO 2025-04-30 16:21:36,730 utils Found 6 objects with prefix: raw-data-activa/
INFO 2025-04-30 16:21:36,814 transform Successfully loaded and parsed: ActivaGFINAL - CLIENTES MARCAS.csv
INFO 2025-04-30 16:21:36,815 transform   Shape: (74, 4)
INFO 2025-04-30 16:21:36,815 transform   Columns: ['cliente_marca', 'tipo_cliente', 'cliente_desde', 'rubro_negocios']
INFO 2025-04-30 16:21:36,896 transform Successfully loaded and parsed: ActivaGFINAL - Clientes AG 2.csv
INFO 2025-04-30 16:21:36,896 transform   Shape: (46, 2)
INFO 2025-04-30 16:21:36,896 transform   Columns: ['cliente', 'industria']
WARNING 2025-04-30 16:21:36,986 transform Could not convert column facturado_2024 to numeric: The truth value of a Series is ambiguous. Use a.empty, a.bool(), a.item(), a.any() or a.all().
WARNING 2025-04-30 16:21:36,987 transform Could not convert column facturado_2024 to numeric: The truth value of a Series is ambiguous. Use a.empty, a.bool(), a.item(), a.any() or a.all().
WARNING 2025-04-30 16:21:36,988 transform Could not convert column facturado_2024 to numeric: The truth value of a Series is ambiguous. Use a.empty, a.bool(), a.item(), a.any() or a.all().
INFO 2025-04-30 16:21:36,999 transform Successfully loaded and parsed: ActivaGFINAL - Ingresos Anuales-Mensuales Proy 2.csv
INFO 2025-04-30 16:21:36,999 transform   Shape: (77, 12)
INFO 2025-04-30 16:21:36,999 transform   Columns: ['cliente', 'facturacion', 'presupuesto', 'facturado_2024', 'facturado_2024', 'facturado_2024', '1er_trimestre', '2do_cuatrimestre', '3er_cuatrimestre', '4to_cuatrimestre', 'facturacion_anual', 'facturacion_mensual']
WARNING 2025-04-30 16:21:37,079 transform Could not convert column facturado_2024 to numeric: The truth value of a Series is ambiguous. Use a.empty, a.bool(), a.item(), a.any() or a.all().
WARNING 2025-04-30 16:21:37,080 transform Could not convert column facturado_2024 to numeric: The truth value of a Series is ambiguous. Use a.empty, a.bool(), a.item(), a.any() or a.all().
WARNING 2025-04-30 16:21:37,080 transform Could not convert column facturado_2024 to numeric: The truth value of a Series is ambiguous. Use a.empty, a.bool(), a.item(), a.any() or a.all().
INFO 2025-04-30 16:21:37,090 transform Successfully loaded and parsed: ActivaGFINAL - Presupuesto 2,025.csv
INFO 2025-04-30 16:21:37,090 transform   Shape: (79, 12)
INFO 2025-04-30 16:21:37,090 transform   Columns: ['cliente', 'facturacion', 'presupuesto', 'facturado_2024', 'facturado_2024', 'facturado_2024', '1er_trimestre', '2do_cuatrimestre', '3er_cuatrimestre', '4to_cuatrimestre', 'facturacion_real', 'proyeccion']
INFO 2025-04-30 16:21:37,194 transform Successfully loaded and parsed: ActivaGFINAL - Profit & Loss.csv
INFO 2025-04-30 16:21:37,194 transform   Shape: (78, 15)
INFO 2025-04-30 16:21:37,194 transform   Columns: ['concepto', 'ENERO', 'FEBRERO', 'MARZO', 'ABRIL', 'MAYO', 'JUNIO', 'JULIO', 'AGOSTO', 'SEPTIEMBRE', 'OCTUBRE', 'NOVIEMBRE', 'DICIEMBRE', 'CONSOLIDADO', 'Unnamed: 14']
INFO 2025-04-30 16:21:37,194 transform Loaded 5 CSV files
INFO 2025-04-30 16:21:37,194 views Transforming and combining all data
INFO 2025-04-30 16:21:37,199 transform Added brand information to 4 clients
INFO 2025-04-30 16:21:37,200 transform Merged 11 columns from activagfinal_ingresos_anuales_mensuales_proy_2
INFO 2025-04-30 16:21:37,202 transform Merged 11 columns from activagfinal_presupuesto_2_025
INFO 2025-04-30 16:21:37,202 transform Saved financial summary data from activagfinal_profit_loss
INFO 2025-04-30 16:21:37,202 transform Created combined dataframe with 52 clients and 21 columns
INFO 2025-04-30 16:21:37,202 views Getting combined data as dictionary
INFO 2025-04-30 16:21:37,207 views Successfully processed and combined data
INFO 2025-04-30 16:21:37,211 views Initializing S3 connector
INFO 2025-04-30 16:21:37,215 utils Initialized S3Connector for bucket: activa-datalake
INFO 2025-04-30 16:21:37,462 utils Found 6 objects with prefix: raw-data-activa/
INFO 2025-04-30 16:21:37,550 transform Successfully loaded and parsed: ActivaGFINAL - CLIENTES MARCAS.csv
INFO 2025-04-30 16:21:37,550 transform   Shape: (74, 4)
INFO 2025-04-30 16:21:37,550 transform   Columns: ['cliente_marca', 'tipo_cliente', 'cliente_desde', 'rubro_negocios']
INFO 2025-04-30 16:21:37,635 transform Successfully loaded and parsed: ActivaGFINAL - Clientes AG 2.csv
INFO 2025-04-30 16:21:37,636 transform   Shape: (46, 2)
INFO 2025-04-30 16:21:37,636 transform   Columns: ['cliente', 'industria']
WARNING 2025-04-30 16:21:37,724 transform Could not convert column facturado_2024 to numeric: The truth value of a Series is ambiguous. Use a.empty, a.bool(), a.item(), a.any() or a.all().
WARNING 2025-04-30 16:21:37,725 transform Could not convert column facturado_2024 to numeric: The truth value of a Series is ambiguous. Use a.empty, a.bool(), a.item(), a.any() or a.all().
WARNING 2025-04-30 16:21:37,726 transform Could not convert column facturado_2024 to numeric: The truth value of a Series is ambiguous. Use a.empty, a.bool(), a.item(), a.any() or a.all().
INFO 2025-04-30 16:21:37,740 transform Successfully loaded and parsed: ActivaGFINAL - Ingresos Anuales-Mensuales Proy 2.csv
INFO 2025-04-30 16:21:37,740 transform   Shape: (77, 12)
INFO 2025-04-30 16:21:37,740 transform   Columns: ['cliente', 'facturacion', 'presupuesto', 'facturado_2024', 'facturado_2024', 'facturado_2024', '1er_trimestre', '2do_cuatrimestre', '3er_cuatrimestre', '4to_cuatrimestre', 'facturacion_anual', 'facturacion_mensual']
WARNING 2025-04-30 16:21:37,816 transform Could not convert column facturado_2024 to numeric: The truth value of a Series is ambiguous. Use a.empty, a.bool(), a.item(), a.any() or a.all().
WARNING 2025-04-30 16:21:37,817 transform Could not convert column facturado_2024 to numeric: The truth value of a Series is ambiguous. Use a.empty, a.bool(), a.item(), a.any() or a.all().
WARNING 2025-04-30 16:21:37,817 transform Could not convert column facturado_2024 to numeric: The truth value of a Series is ambiguous. Use a.empty, a.bool(), a.item(), a.any() or a.all().
INFO 2025-04-30 16:21:37,823 transform Successfully loaded and parsed: ActivaGFINAL - Presupuesto 2,025.csv
INFO 2025-04-30 16:21:37,823 transform   Shape: (79, 12)
INFO 2025-04-30 16:21:37,823 transform   Columns: ['cliente', 'facturacion', 'presupuesto', 'facturado_2024', 'facturado_2024', 'facturado_2024', '1er_trimestre', '2do_cuatrimestre', '3er_cuatrimestre', '4to_cuatrimestre', 'facturacion_real', 'proyeccion']
INFO 2025-04-30 16:21:37,919 transform Successfully loaded and parsed: ActivaGFINAL - Profit & Loss.csv
INFO 2025-04-30 16:21:37,919 transform   Shape: (78, 15)
INFO 2025-04-30 16:21:37,919 transform   Columns: ['concepto', 'ENERO', 'FEBRERO', 'MARZO', 'ABRIL', 'MAYO', 'JUNIO', 'JULIO', 'AGOSTO', 'SEPTIEMBRE', 'OCTUBRE', 'NOVIEMBRE', 'DICIEMBRE', 'CONSOLIDADO', 'Unnamed: 14']
INFO 2025-04-30 16:21:37,919 transform Loaded 5 CSV files
INFO 2025-04-30 16:21:37,925 transform Added brand information to 4 clients
INFO 2025-04-30 16:21:37,928 transform Merged 11 columns from activagfinal_ingresos_anuales_mensuales_proy_2
INFO 2025-04-30 16:21:37,930 transform Merged 11 columns from activagfinal_presupuesto_2_025
INFO 2025-04-30 16:21:37,930 transform Saved financial summary data from activagfinal_profit_loss
INFO 2025-04-30 16:21:37,931 transform Created combined dataframe with 52 clients and 21 columns
INFO 2025-04-30 16:55:11,742 views Initializing S3 connector
INFO 2025-04-30 16:55:11,751 utils Initialized S3Connector for bucket: activa-datalake
INFO 2025-04-30 16:55:11,751 views Initializing custom data transformer
INFO 2025-04-30 16:55:11,751 views Loading and parsing CSV files from S3
INFO 2025-04-30 16:55:12,072 utils Found 6 objects with prefix: raw-data-activa/
INFO 2025-04-30 16:55:12,181 transform Successfully loaded and parsed: ActivaGFINAL - CLIENTES MARCAS.csv
INFO 2025-04-30 16:55:12,181 transform   Shape: (74, 4)
INFO 2025-04-30 16:55:12,181 transform   Columns: ['cliente_marca', 'tipo_cliente', 'cliente_desde', 'rubro_negocios']
INFO 2025-04-30 16:55:12,275 transform Successfully loaded and parsed: ActivaGFINAL - Clientes AG 2.csv
INFO 2025-04-30 16:55:12,276 transform   Shape: (46, 2)
INFO 2025-04-30 16:55:12,276 transform   Columns: ['cliente', 'industria']
WARNING 2025-04-30 16:55:12,391 transform Could not convert column facturado_2024 to numeric: The truth value of a Series is ambiguous. Use a.empty, a.bool(), a.item(), a.any() or a.all().
WARNING 2025-04-30 16:55:12,392 transform Could not convert column facturado_2024 to numeric: The truth value of a Series is ambiguous. Use a.empty, a.bool(), a.item(), a.any() or a.all().
WARNING 2025-04-30 16:55:12,393 transform Could not convert column facturado_2024 to numeric: The truth value of a Series is ambiguous. Use a.empty, a.bool(), a.item(), a.any() or a.all().
INFO 2025-04-30 16:55:12,403 transform Successfully loaded and parsed: ActivaGFINAL - Ingresos Anuales-Mensuales Proy 2.csv
INFO 2025-04-30 16:55:12,403 transform   Shape: (77, 12)
INFO 2025-04-30 16:55:12,403 transform   Columns: ['cliente', 'facturacion', 'presupuesto', 'facturado_2024', 'facturado_2024', 'facturado_2024', '1er_trimestre', '2do_cuatrimestre', '3er_cuatrimestre', '4to_cuatrimestre', 'facturacion_anual', 'facturacion_mensual']
WARNING 2025-04-30 16:55:12,514 transform Could not convert column facturado_2024 to numeric: The truth value of a Series is ambiguous. Use a.empty, a.bool(), a.item(), a.any() or a.all().
WARNING 2025-04-30 16:55:12,515 transform Could not convert column facturado_2024 to numeric: The truth value of a Series is ambiguous. Use a.empty, a.bool(), a.item(), a.any() or a.all().
WARNING 2025-04-30 16:55:12,516 transform Could not convert column facturado_2024 to numeric: The truth value of a Series is ambiguous. Use a.empty, a.bool(), a.item(), a.any() or a.all().
INFO 2025-04-30 16:55:12,530 transform Successfully loaded and parsed: ActivaGFINAL - Presupuesto 2,025.csv
INFO 2025-04-30 16:55:12,530 transform   Shape: (79, 12)
INFO 2025-04-30 16:55:12,530 transform   Columns: ['cliente', 'facturacion', 'presupuesto', 'facturado_2024', 'facturado_2024', 'facturado_2024', '1er_trimestre', '2do_cuatrimestre', '3er_cuatrimestre', '4to_cuatrimestre', 'facturacion_real', 'proyeccion']
INFO 2025-04-30 16:55:12,637 transform Successfully loaded and parsed: ActivaGFINAL - Profit & Loss.csv
INFO 2025-04-30 16:55:12,637 transform   Shape: (78, 15)
INFO 2025-04-30 16:55:12,637 transform   Columns: ['concepto', 'ENERO', 'FEBRERO', 'MARZO', 'ABRIL', 'MAYO', 'JUNIO', 'JULIO', 'AGOSTO', 'SEPTIEMBRE', 'OCTUBRE', 'NOVIEMBRE', 'DICIEMBRE', 'CONSOLIDADO', 'Unnamed: 14']
INFO 2025-04-30 16:55:12,637 transform Loaded 5 CSV files
INFO 2025-04-30 16:55:12,637 views Transforming and combining all data
INFO 2025-04-30 16:55:12,651 transform Added brand information to 4 clients
INFO 2025-04-30 16:55:12,655 transform Merged 11 columns from activagfinal_ingresos_anuales_mensuales_proy_2
INFO 2025-04-30 16:55:12,657 transform Merged 11 columns from activagfinal_presupuesto_2_025
INFO 2025-04-30 16:55:12,657 transform Saved financial summary data from activagfinal_profit_loss
INFO 2025-04-30 16:55:12,658 transform Created combined dataframe with 52 clients and 21 columns
INFO 2025-04-30 16:55:12,658 views Getting combined data as dictionary
INFO 2025-04-30 16:55:12,662 views Successfully processed and combined data
INFO 2025-04-30 16:55:12,670 views Initializing S3 connector
INFO 2025-04-30 16:55:12,674 utils Initialized S3Connector for bucket: activa-datalake
INFO 2025-04-30 16:55:12,922 utils Found 6 objects with prefix: raw-data-activa/
INFO 2025-04-30 16:55:13,017 transform Successfully loaded and parsed: ActivaGFINAL - CLIENTES MARCAS.csv
INFO 2025-04-30 16:55:13,017 transform   Shape: (74, 4)
INFO 2025-04-30 16:55:13,017 transform   Columns: ['cliente_marca', 'tipo_cliente', 'cliente_desde', 'rubro_negocios']
INFO 2025-04-30 16:55:13,108 transform Successfully loaded and parsed: ActivaGFINAL - Clientes AG 2.csv
INFO 2025-04-30 16:55:13,109 transform   Shape: (46, 2)
INFO 2025-04-30 16:55:13,109 transform   Columns: ['cliente', 'industria']
WARNING 2025-04-30 16:55:13,198 transform Could not convert column facturado_2024 to numeric: The truth value of a Series is ambiguous. Use a.empty, a.bool(), a.item(), a.any() or a.all().
WARNING 2025-04-30 16:55:13,200 transform Could not convert column facturado_2024 to numeric: The truth value of a Series is ambiguous. Use a.empty, a.bool(), a.item(), a.any() or a.all().
WARNING 2025-04-30 16:55:13,202 transform Could not convert column facturado_2024 to numeric: The truth value of a Series is ambiguous. Use a.empty, a.bool(), a.item(), a.any() or a.all().
INFO 2025-04-30 16:55:13,217 transform Successfully loaded and parsed: ActivaGFINAL - Ingresos Anuales-Mensuales Proy 2.csv
INFO 2025-04-30 16:55:13,217 transform   Shape: (77, 12)
INFO 2025-04-30 16:55:13,217 transform   Columns: ['cliente', 'facturacion', 'presupuesto', 'facturado_2024', 'facturado_2024', 'facturado_2024', '1er_trimestre', '2do_cuatrimestre', '3er_cuatrimestre', '4to_cuatrimestre', 'facturacion_anual', 'facturacion_mensual']
WARNING 2025-04-30 16:55:13,311 transform Could not convert column facturado_2024 to numeric: The truth value of a Series is ambiguous. Use a.empty, a.bool(), a.item(), a.any() or a.all().
WARNING 2025-04-30 16:55:13,312 transform Could not convert column facturado_2024 to numeric: The truth value of a Series is ambiguous. Use a.empty, a.bool(), a.item(), a.any() or a.all().
WARNING 2025-04-30 16:55:13,313 transform Could not convert column facturado_2024 to numeric: The truth value of a Series is ambiguous. Use a.empty, a.bool(), a.item(), a.any() or a.all().
INFO 2025-04-30 16:55:13,324 transform Successfully loaded and parsed: ActivaGFINAL - Presupuesto 2,025.csv
INFO 2025-04-30 16:55:13,324 transform   Shape: (79, 12)
INFO 2025-04-30 16:55:13,324 transform   Columns: ['cliente', 'facturacion', 'presupuesto', 'facturado_2024', 'facturado_2024', 'facturado_2024', '1er_trimestre', '2do_cuatrimestre', '3er_cuatrimestre', '4to_cuatrimestre', 'facturacion_real', 'proyeccion']
INFO 2025-04-30 16:55:13,439 transform Successfully loaded and parsed: ActivaGFINAL - Profit & Loss.csv
INFO 2025-04-30 16:55:13,439 transform   Shape: (78, 15)
INFO 2025-04-30 16:55:13,439 transform   Columns: ['concepto', 'ENERO', 'FEBRERO', 'MARZO', 'ABRIL', 'MAYO', 'JUNIO', 'JULIO', 'AGOSTO', 'SEPTIEMBRE', 'OCTUBRE', 'NOVIEMBRE', 'DICIEMBRE', 'CONSOLIDADO', 'Unnamed: 14']
INFO 2025-04-30 16:55:13,439 transform Loaded 5 CSV files
INFO 2025-04-30 16:55:13,446 transform Added brand information to 4 clients
INFO 2025-04-30 16:55:13,449 transform Merged 11 columns from activagfinal_ingresos_anuales_mensuales_proy_2
INFO 2025-04-30 16:55:13,452 transform Merged 11 columns from activagfinal_presupuesto_2_025
INFO 2025-04-30 16:55:13,452 transform Saved financial summary data from activagfinal_profit_loss
INFO 2025-04-30 16:55:13,452 transform Created combined dataframe with 52 clients and 21 columns
INFO 2025-04-30 22:28:18,974 views Initializing S3 connector
INFO 2025-04-30 22:28:18,985 utils Initialized S3Connector for bucket: activa-datalake
INFO 2025-04-30 22:28:19,367 utils Found 6 objects with prefix: raw-data-activa/
INFO 2025-04-30 22:28:19,511 transform Successfully loaded and parsed: ActivaGFINAL - CLIENTES MARCAS.csv
INFO 2025-04-30 22:28:19,511 transform   Shape: (74, 4)
INFO 2025-04-30 22:28:19,511 transform   Columns: ['cliente_marca', 'tipo_cliente', 'cliente_desde', 'rubro_negocios']
INFO 2025-04-30 22:28:19,648 transform Successfully loaded and parsed: ActivaGFINAL - Clientes AG 2.csv
INFO 2025-04-30 22:28:19,650 transform   Shape: (46, 2)
INFO 2025-04-30 22:28:19,650 transform   Columns: ['cliente', 'industria']
WARNING 2025-04-30 22:28:19,766 transform Could not convert column facturado_2024 to numeric: The truth value of a Series is ambiguous. Use a.empty, a.bool(), a.item(), a.any() or a.all().
WARNING 2025-04-30 22:28:19,767 transform Could not convert column facturado_2024 to numeric: The truth value of a Series is ambiguous. Use a.empty, a.bool(), a.item(), a.any() or a.all().
WARNING 2025-04-30 22:28:19,768 transform Could not convert column facturado_2024 to numeric: The truth value of a Series is ambiguous. Use a.empty, a.bool(), a.item(), a.any() or a.all().
INFO 2025-04-30 22:28:19,775 transform Successfully loaded and parsed: ActivaGFINAL - Ingresos Anuales-Mensuales Proy 2.csv
INFO 2025-04-30 22:28:19,775 transform   Shape: (77, 12)
INFO 2025-04-30 22:28:19,775 transform   Columns: ['cliente', 'facturacion', 'presupuesto', 'facturado_2024', 'facturado_2024', 'facturado_2024', '1er_trimestre', '2do_cuatrimestre', '3er_cuatrimestre', '4to_cuatrimestre', 'facturacion_anual', 'facturacion_mensual']
WARNING 2025-04-30 22:28:19,880 transform Could not convert column facturado_2024 to numeric: The truth value of a Series is ambiguous. Use a.empty, a.bool(), a.item(), a.any() or a.all().
WARNING 2025-04-30 22:28:19,881 transform Could not convert column facturado_2024 to numeric: The truth value of a Series is ambiguous. Use a.empty, a.bool(), a.item(), a.any() or a.all().
WARNING 2025-04-30 22:28:19,882 transform Could not convert column facturado_2024 to numeric: The truth value of a Series is ambiguous. Use a.empty, a.bool(), a.item(), a.any() or a.all().
INFO 2025-04-30 22:28:19,894 transform Successfully loaded and parsed: ActivaGFINAL - Presupuesto 2,025.csv
INFO 2025-04-30 22:28:19,894 transform   Shape: (79, 12)
INFO 2025-04-30 22:28:19,894 transform   Columns: ['cliente', 'facturacion', 'presupuesto', 'facturado_2024', 'facturado_2024', 'facturado_2024', '1er_trimestre', '2do_cuatrimestre', '3er_cuatrimestre', '4to_cuatrimestre', 'facturacion_real', 'proyeccion']
INFO 2025-04-30 22:28:20,023 transform Successfully loaded and parsed: ActivaGFINAL - Profit & Loss.csv
INFO 2025-04-30 22:28:20,024 transform   Shape: (78, 15)
INFO 2025-04-30 22:28:20,024 transform   Columns: ['concepto', 'ENERO', 'FEBRERO', 'MARZO', 'ABRIL', 'MAYO', 'JUNIO', 'JULIO', 'AGOSTO', 'SEPTIEMBRE', 'OCTUBRE', 'NOVIEMBRE', 'DICIEMBRE', 'CONSOLIDADO', 'Unnamed: 14']
INFO 2025-04-30 22:28:20,024 transform Loaded 5 CSV files
INFO 2025-04-30 22:28:20,037 transform Added brand information to 4 clients
INFO 2025-04-30 22:28:20,041 transform Merged 11 columns from activagfinal_ingresos_anuales_mensuales_proy_2
INFO 2025-04-30 22:28:20,044 transform Merged 11 columns from activagfinal_presupuesto_2_025
INFO 2025-04-30 22:28:20,044 transform Saved financial summary data from activagfinal_profit_loss
INFO 2025-04-30 22:28:20,044 transform Created combined dataframe with 52 clients and 21 columns
INFO 2025-04-30 22:28:20,055 views Initializing S3 connector
INFO 2025-04-30 22:28:20,060 utils Initialized S3Connector for bucket: activa-datalake
INFO 2025-04-30 22:28:20,060 views Initializing custom data transformer
INFO 2025-04-30 22:28:20,060 views Loading and parsing CSV files from S3
INFO 2025-04-30 22:28:20,290 utils Found 6 objects with prefix: raw-data-activa/
INFO 2025-04-30 22:28:20,381 transform Successfully loaded and parsed: ActivaGFINAL - CLIENTES MARCAS.csv
INFO 2025-04-30 22:28:20,382 transform   Shape: (74, 4)
INFO 2025-04-30 22:28:20,382 transform   Columns: ['cliente_marca', 'tipo_cliente', 'cliente_desde', 'rubro_negocios']
INFO 2025-04-30 22:28:20,494 transform Successfully loaded and parsed: ActivaGFINAL - Clientes AG 2.csv
INFO 2025-04-30 22:28:20,494 transform   Shape: (46, 2)
INFO 2025-04-30 22:28:20,495 transform   Columns: ['cliente', 'industria']
WARNING 2025-04-30 22:28:20,585 transform Could not convert column facturado_2024 to numeric: The truth value of a Series is ambiguous. Use a.empty, a.bool(), a.item(), a.any() or a.all().
WARNING 2025-04-30 22:28:20,586 transform Could not convert column facturado_2024 to numeric: The truth value of a Series is ambiguous. Use a.empty, a.bool(), a.item(), a.any() or a.all().
WARNING 2025-04-30 22:28:20,587 transform Could not convert column facturado_2024 to numeric: The truth value of a Series is ambiguous. Use a.empty, a.bool(), a.item(), a.any() or a.all().
INFO 2025-04-30 22:28:20,598 transform Successfully loaded and parsed: ActivaGFINAL - Ingresos Anuales-Mensuales Proy 2.csv
INFO 2025-04-30 22:28:20,599 transform   Shape: (77, 12)
INFO 2025-04-30 22:28:20,599 transform   Columns: ['cliente', 'facturacion', 'presupuesto', 'facturado_2024', 'facturado_2024', 'facturado_2024', '1er_trimestre', '2do_cuatrimestre', '3er_cuatrimestre', '4to_cuatrimestre', 'facturacion_anual', 'facturacion_mensual']
WARNING 2025-04-30 22:28:20,693 transform Could not convert column facturado_2024 to numeric: The truth value of a Series is ambiguous. Use a.empty, a.bool(), a.item(), a.any() or a.all().
WARNING 2025-04-30 22:28:20,697 transform Could not convert column facturado_2024 to numeric: The truth value of a Series is ambiguous. Use a.empty, a.bool(), a.item(), a.any() or a.all().
WARNING 2025-04-30 22:28:20,697 transform Could not convert column facturado_2024 to numeric: The truth value of a Series is ambiguous. Use a.empty, a.bool(), a.item(), a.any() or a.all().
INFO 2025-04-30 22:28:20,708 transform Successfully loaded and parsed: ActivaGFINAL - Presupuesto 2,025.csv
INFO 2025-04-30 22:28:20,708 transform   Shape: (79, 12)
INFO 2025-04-30 22:28:20,708 transform   Columns: ['cliente', 'facturacion', 'presupuesto', 'facturado_2024', 'facturado_2024', 'facturado_2024', '1er_trimestre', '2do_cuatrimestre', '3er_cuatrimestre', '4to_cuatrimestre', 'facturacion_real', 'proyeccion']
INFO 2025-04-30 22:28:20,793 transform Successfully loaded and parsed: ActivaGFINAL - Profit & Loss.csv
INFO 2025-04-30 22:28:20,793 transform   Shape: (78, 15)
INFO 2025-04-30 22:28:20,793 transform   Columns: ['concepto', 'ENERO', 'FEBRERO', 'MARZO', 'ABRIL', 'MAYO', 'JUNIO', 'JULIO', 'AGOSTO', 'SEPTIEMBRE', 'OCTUBRE', 'NOVIEMBRE', 'DICIEMBRE', 'CONSOLIDADO', 'Unnamed: 14']
INFO 2025-04-30 22:28:20,793 transform Loaded 5 CSV files
INFO 2025-04-30 22:28:20,793 views Transforming and combining all data
INFO 2025-04-30 22:28:20,798 transform Added brand information to 4 clients
INFO 2025-04-30 22:28:20,800 transform Merged 11 columns from activagfinal_ingresos_anuales_mensuales_proy_2
INFO 2025-04-30 22:28:20,802 transform Merged 11 columns from activagfinal_presupuesto_2_025
INFO 2025-04-30 22:28:20,802 transform Saved financial summary data from activagfinal_profit_loss
INFO 2025-04-30 22:28:20,803 transform Created combined dataframe with 52 clients and 21 columns
INFO 2025-04-30 22:28:20,803 views Getting combined data as dictionary
INFO 2025-04-30 22:28:20,807 views Successfully processed and combined data
INFO 2025-04-30 22:36:45,871 views Initializing S3 connector
INFO 2025-04-30 22:36:45,886 utils Initialized S3Connector for bucket: activa-datalake
INFO 2025-04-30 22:36:46,244 utils Found 6 objects with prefix: raw-data-activa/
INFO 2025-04-30 22:36:46,343 transform Successfully loaded and parsed: ActivaGFINAL - CLIENTES MARCAS.csv
INFO 2025-04-30 22:36:46,343 transform   Shape: (74, 4)
INFO 2025-04-30 22:36:46,344 transform   Columns: ['cliente_marca', 'tipo_cliente', 'cliente_desde', 'rubro_negocios']
INFO 2025-04-30 22:36:46,439 transform Successfully loaded and parsed: ActivaGFINAL - Clientes AG 2.csv
INFO 2025-04-30 22:36:46,440 transform   Shape: (46, 2)
INFO 2025-04-30 22:36:46,440 transform   Columns: ['cliente', 'industria']
WARNING 2025-04-30 22:36:46,530 transform Could not convert column facturado_2024 to numeric: The truth value of a Series is ambiguous. Use a.empty, a.bool(), a.item(), a.any() or a.all().
WARNING 2025-04-30 22:36:46,531 transform Could not convert column facturado_2024 to numeric: The truth value of a Series is ambiguous. Use a.empty, a.bool(), a.item(), a.any() or a.all().
WARNING 2025-04-30 22:36:46,531 transform Could not convert column facturado_2024 to numeric: The truth value of a Series is ambiguous. Use a.empty, a.bool(), a.item(), a.any() or a.all().
INFO 2025-04-30 22:36:46,543 transform Successfully loaded and parsed: ActivaGFINAL - Ingresos Anuales-Mensuales Proy 2.csv
INFO 2025-04-30 22:36:46,543 transform   Shape: (77, 12)
INFO 2025-04-30 22:36:46,543 transform   Columns: ['cliente', 'facturacion', 'presupuesto', 'facturado_2024', 'facturado_2024', 'facturado_2024', '1er_trimestre', '2do_cuatrimestre', '3er_cuatrimestre', '4to_cuatrimestre', 'facturacion_anual', 'facturacion_mensual']
WARNING 2025-04-30 22:36:46,631 transform Could not convert column facturado_2024 to numeric: The truth value of a Series is ambiguous. Use a.empty, a.bool(), a.item(), a.any() or a.all().
WARNING 2025-04-30 22:36:46,632 transform Could not convert column facturado_2024 to numeric: The truth value of a Series is ambiguous. Use a.empty, a.bool(), a.item(), a.any() or a.all().
WARNING 2025-04-30 22:36:46,632 transform Could not convert column facturado_2024 to numeric: The truth value of a Series is ambiguous. Use a.empty, a.bool(), a.item(), a.any() or a.all().
INFO 2025-04-30 22:36:46,642 transform Successfully loaded and parsed: ActivaGFINAL - Presupuesto 2,025.csv
INFO 2025-04-30 22:36:46,643 transform   Shape: (79, 12)
INFO 2025-04-30 22:36:46,643 transform   Columns: ['cliente', 'facturacion', 'presupuesto', 'facturado_2024', 'facturado_2024', 'facturado_2024', '1er_trimestre', '2do_cuatrimestre', '3er_cuatrimestre', '4to_cuatrimestre', 'facturacion_real', 'proyeccion']
INFO 2025-04-30 22:36:46,758 transform Successfully loaded and parsed: ActivaGFINAL - Profit & Loss.csv
INFO 2025-04-30 22:36:46,759 transform   Shape: (78, 15)
INFO 2025-04-30 22:36:46,759 transform   Columns: ['concepto', 'ENERO', 'FEBRERO', 'MARZO', 'ABRIL', 'MAYO', 'JUNIO', 'JULIO', 'AGOSTO', 'SEPTIEMBRE', 'OCTUBRE', 'NOVIEMBRE', 'DICIEMBRE', 'CONSOLIDADO', 'Unnamed: 14']
INFO 2025-04-30 22:36:46,759 transform Loaded 5 CSV files
INFO 2025-04-30 22:36:46,764 transform Added brand information to 4 clients
INFO 2025-04-30 22:36:46,766 transform Merged 11 columns from activagfinal_ingresos_anuales_mensuales_proy_2
INFO 2025-04-30 22:36:46,769 transform Merged 11 columns from activagfinal_presupuesto_2_025
INFO 2025-04-30 22:36:46,769 transform Saved financial summary data from activagfinal_profit_loss
INFO 2025-04-30 22:36:46,769 transform Created combined dataframe with 52 clients and 21 columns
INFO 2025-04-30 22:36:46,781 views Initializing S3 connector
INFO 2025-04-30 22:36:46,785 utils Initialized S3Connector for bucket: activa-datalake
INFO 2025-04-30 22:36:46,785 views Initializing custom data transformer
INFO 2025-04-30 22:36:46,785 views Loading and parsing CSV files from S3
INFO 2025-04-30 22:36:47,032 utils Found 6 objects with prefix: raw-data-activa/
INFO 2025-04-30 22:36:47,143 transform Successfully loaded and parsed: ActivaGFINAL - CLIENTES MARCAS.csv
INFO 2025-04-30 22:36:47,144 transform   Shape: (74, 4)
INFO 2025-04-30 22:36:47,144 transform   Columns: ['cliente_marca', 'tipo_cliente', 'cliente_desde', 'rubro_negocios']
INFO 2025-04-30 22:36:47,229 transform Successfully loaded and parsed: ActivaGFINAL - Clientes AG 2.csv
INFO 2025-04-30 22:36:47,229 transform   Shape: (46, 2)
INFO 2025-04-30 22:36:47,230 transform   Columns: ['cliente', 'industria']
WARNING 2025-04-30 22:36:47,318 transform Could not convert column facturado_2024 to numeric: The truth value of a Series is ambiguous. Use a.empty, a.bool(), a.item(), a.any() or a.all().
WARNING 2025-04-30 22:36:47,319 transform Could not convert column facturado_2024 to numeric: The truth value of a Series is ambiguous. Use a.empty, a.bool(), a.item(), a.any() or a.all().
WARNING 2025-04-30 22:36:47,320 transform Could not convert column facturado_2024 to numeric: The truth value of a Series is ambiguous. Use a.empty, a.bool(), a.item(), a.any() or a.all().
INFO 2025-04-30 22:36:47,331 transform Successfully loaded and parsed: ActivaGFINAL - Ingresos Anuales-Mensuales Proy 2.csv
INFO 2025-04-30 22:36:47,332 transform   Shape: (77, 12)
INFO 2025-04-30 22:36:47,332 transform   Columns: ['cliente', 'facturacion', 'presupuesto', 'facturado_2024', 'facturado_2024', 'facturado_2024', '1er_trimestre', '2do_cuatrimestre', '3er_cuatrimestre', '4to_cuatrimestre', 'facturacion_anual', 'facturacion_mensual']
WARNING 2025-04-30 22:36:47,416 transform Could not convert column facturado_2024 to numeric: The truth value of a Series is ambiguous. Use a.empty, a.bool(), a.item(), a.any() or a.all().
WARNING 2025-04-30 22:36:47,417 transform Could not convert column facturado_2024 to numeric: The truth value of a Series is ambiguous. Use a.empty, a.bool(), a.item(), a.any() or a.all().
WARNING 2025-04-30 22:36:47,417 transform Could not convert column facturado_2024 to numeric: The truth value of a Series is ambiguous. Use a.empty, a.bool(), a.item(), a.any() or a.all().
INFO 2025-04-30 22:36:47,424 transform Successfully loaded and parsed: ActivaGFINAL - Presupuesto 2,025.csv
INFO 2025-04-30 22:36:47,425 transform   Shape: (79, 12)
INFO 2025-04-30 22:36:47,425 transform   Columns: ['cliente', 'facturacion', 'presupuesto', 'facturado_2024', 'facturado_2024', 'facturado_2024', '1er_trimestre', '2do_cuatrimestre', '3er_cuatrimestre', '4to_cuatrimestre', 'facturacion_real', 'proyeccion']
INFO 2025-04-30 22:36:47,525 transform Successfully loaded and parsed: ActivaGFINAL - Profit & Loss.csv
INFO 2025-04-30 22:36:47,525 transform   Shape: (78, 15)
INFO 2025-04-30 22:36:47,525 transform   Columns: ['concepto', 'ENERO', 'FEBRERO', 'MARZO', 'ABRIL', 'MAYO', 'JUNIO', 'JULIO', 'AGOSTO', 'SEPTIEMBRE', 'OCTUBRE', 'NOVIEMBRE', 'DICIEMBRE', 'CONSOLIDADO', 'Unnamed: 14']
INFO 2025-04-30 22:36:47,525 transform Loaded 5 CSV files
INFO 2025-04-30 22:36:47,525 views Transforming and combining all data
INFO 2025-04-30 22:36:47,530 transform Added brand information to 4 clients
INFO 2025-04-30 22:36:47,532 transform Merged 11 columns from activagfinal_ingresos_anuales_mensuales_proy_2
INFO 2025-04-30 22:36:47,535 transform Merged 11 columns from activagfinal_presupuesto_2_025
INFO 2025-04-30 22:36:47,535 transform Saved financial summary data from activagfinal_profit_loss
INFO 2025-04-30 22:36:47,535 transform Created combined dataframe with 52 clients and 21 columns
INFO 2025-04-30 22:36:47,535 views Getting combined data as dictionary
INFO 2025-04-30 22:36:47,539 views Successfully processed and combined data
INFO 2025-04-30 22:59:52,407 views Initializing S3 connector
INFO 2025-04-30 22:59:52,430 utils Initialized S3Connector for bucket: activa-datalake
INFO 2025-04-30 22:59:52,761 utils Found 6 objects with prefix: raw-data-activa/
INFO 2025-04-30 22:59:52,868 transform Successfully loaded and parsed: ActivaGFINAL - CLIENTES MARCAS.csv
INFO 2025-04-30 22:59:52,868 transform   Shape: (74, 4)
INFO 2025-04-30 22:59:52,869 transform   Columns: ['cliente_marca', 'tipo_cliente', 'cliente_desde', 'rubro_negocios']
INFO 2025-04-30 22:59:52,975 transform Successfully loaded and parsed: ActivaGFINAL - Clientes AG 2.csv
INFO 2025-04-30 22:59:52,975 transform   Shape: (46, 2)
INFO 2025-04-30 22:59:52,975 transform   Columns: ['cliente', 'industria']
WARNING 2025-04-30 22:59:53,078 transform Could not convert column facturado_2024 to numeric: The truth value of a Series is ambiguous. Use a.empty, a.bool(), a.item(), a.any() or a.all().
WARNING 2025-04-30 22:59:53,079 transform Could not convert column facturado_2024 to numeric: The truth value of a Series is ambiguous. Use a.empty, a.bool(), a.item(), a.any() or a.all().
WARNING 2025-04-30 22:59:53,080 transform Could not convert column facturado_2024 to numeric: The truth value of a Series is ambiguous. Use a.empty, a.bool(), a.item(), a.any() or a.all().
INFO 2025-04-30 22:59:53,092 transform Successfully loaded and parsed: ActivaGFINAL - Ingresos Anuales-Mensuales Proy 2.csv
INFO 2025-04-30 22:59:53,092 transform   Shape: (77, 12)
INFO 2025-04-30 22:59:53,092 transform   Columns: ['cliente', 'facturacion', 'presupuesto', 'facturado_2024', 'facturado_2024', 'facturado_2024', '1er_trimestre', '2do_cuatrimestre', '3er_cuatrimestre', '4to_cuatrimestre', 'facturacion_anual', 'facturacion_mensual']
WARNING 2025-04-30 22:59:53,195 transform Could not convert column facturado_2024 to numeric: The truth value of a Series is ambiguous. Use a.empty, a.bool(), a.item(), a.any() or a.all().
WARNING 2025-04-30 22:59:53,196 transform Could not convert column facturado_2024 to numeric: The truth value of a Series is ambiguous. Use a.empty, a.bool(), a.item(), a.any() or a.all().
WARNING 2025-04-30 22:59:53,197 transform Could not convert column facturado_2024 to numeric: The truth value of a Series is ambiguous. Use a.empty, a.bool(), a.item(), a.any() or a.all().
INFO 2025-04-30 22:59:53,210 transform Successfully loaded and parsed: ActivaGFINAL - Presupuesto 2,025.csv
INFO 2025-04-30 22:59:53,210 transform   Shape: (79, 12)
INFO 2025-04-30 22:59:53,210 transform   Columns: ['cliente', 'facturacion', 'presupuesto', 'facturado_2024', 'facturado_2024', 'facturado_2024', '1er_trimestre', '2do_cuatrimestre', '3er_cuatrimestre', '4to_cuatrimestre', 'facturacion_real', 'proyeccion']
INFO 2025-04-30 22:59:53,321 transform Successfully loaded and parsed: ActivaGFINAL - Profit & Loss.csv
INFO 2025-04-30 22:59:53,321 transform   Shape: (78, 15)
INFO 2025-04-30 22:59:53,321 transform   Columns: ['concepto', 'ENERO', 'FEBRERO', 'MARZO', 'ABRIL', 'MAYO', 'JUNIO', 'JULIO', 'AGOSTO', 'SEPTIEMBRE', 'OCTUBRE', 'NOVIEMBRE', 'DICIEMBRE', 'CONSOLIDADO', 'Unnamed: 14']
INFO 2025-04-30 22:59:53,321 transform Loaded 5 CSV files
INFO 2025-04-30 22:59:53,329 transform Added brand information to 4 clients
INFO 2025-04-30 22:59:53,332 transform Merged 11 columns from activagfinal_ingresos_anuales_mensuales_proy_2
INFO 2025-04-30 22:59:53,335 transform Merged 11 columns from activagfinal_presupuesto_2_025
INFO 2025-04-30 22:59:53,335 transform Saved financial summary data from activagfinal_profit_loss
INFO 2025-04-30 22:59:53,336 transform Created combined dataframe with 52 clients and 21 columns
INFO 2025-04-30 22:59:53,347 views Initializing S3 connector
INFO 2025-04-30 22:59:53,352 utils Initialized S3Connector for bucket: activa-datalake
INFO 2025-04-30 22:59:53,352 views Initializing custom data transformer
INFO 2025-04-30 22:59:53,352 views Loading and parsing CSV files from S3
INFO 2025-04-30 22:59:53,580 utils Found 6 objects with prefix: raw-data-activa/
INFO 2025-04-30 22:59:53,669 transform Successfully loaded and parsed: ActivaGFINAL - CLIENTES MARCAS.csv
INFO 2025-04-30 22:59:53,669 transform   Shape: (74, 4)
INFO 2025-04-30 22:59:53,669 transform   Columns: ['cliente_marca', 'tipo_cliente', 'cliente_desde', 'rubro_negocios']
INFO 2025-04-30 22:59:53,751 transform Successfully loaded and parsed: ActivaGFINAL - Clientes AG 2.csv
INFO 2025-04-30 22:59:53,752 transform   Shape: (46, 2)
INFO 2025-04-30 22:59:53,752 transform   Columns: ['cliente', 'industria']
WARNING 2025-04-30 22:59:53,845 transform Could not convert column facturado_2024 to numeric: The truth value of a Series is ambiguous. Use a.empty, a.bool(), a.item(), a.any() or a.all().
WARNING 2025-04-30 22:59:53,846 transform Could not convert column facturado_2024 to numeric: The truth value of a Series is ambiguous. Use a.empty, a.bool(), a.item(), a.any() or a.all().
WARNING 2025-04-30 22:59:53,847 transform Could not convert column facturado_2024 to numeric: The truth value of a Series is ambiguous. Use a.empty, a.bool(), a.item(), a.any() or a.all().
INFO 2025-04-30 22:59:53,859 transform Successfully loaded and parsed: ActivaGFINAL - Ingresos Anuales-Mensuales Proy 2.csv
INFO 2025-04-30 22:59:53,859 transform   Shape: (77, 12)
INFO 2025-04-30 22:59:53,859 transform   Columns: ['cliente', 'facturacion', 'presupuesto', 'facturado_2024', 'facturado_2024', 'facturado_2024', '1er_trimestre', '2do_cuatrimestre', '3er_cuatrimestre', '4to_cuatrimestre', 'facturacion_anual', 'facturacion_mensual']
WARNING 2025-04-30 22:59:53,951 transform Could not convert column facturado_2024 to numeric: The truth value of a Series is ambiguous. Use a.empty, a.bool(), a.item(), a.any() or a.all().
WARNING 2025-04-30 22:59:53,952 transform Could not convert column facturado_2024 to numeric: The truth value of a Series is ambiguous. Use a.empty, a.bool(), a.item(), a.any() or a.all().
WARNING 2025-04-30 22:59:53,953 transform Could not convert column facturado_2024 to numeric: The truth value of a Series is ambiguous. Use a.empty, a.bool(), a.item(), a.any() or a.all().
INFO 2025-04-30 22:59:53,966 transform Successfully loaded and parsed: ActivaGFINAL - Presupuesto 2,025.csv
INFO 2025-04-30 22:59:53,966 transform   Shape: (79, 12)
INFO 2025-04-30 22:59:53,966 transform   Columns: ['cliente', 'facturacion', 'presupuesto', 'facturado_2024', 'facturado_2024', 'facturado_2024', '1er_trimestre', '2do_cuatrimestre', '3er_cuatrimestre', '4to_cuatrimestre', 'facturacion_real', 'proyeccion']
INFO 2025-04-30 22:59:54,080 transform Successfully loaded and parsed: ActivaGFINAL - Profit & Loss.csv
INFO 2025-04-30 22:59:54,081 transform   Shape: (78, 15)
INFO 2025-04-30 22:59:54,081 transform   Columns: ['concepto', 'ENERO', 'FEBRERO', 'MARZO', 'ABRIL', 'MAYO', 'JUNIO', 'JULIO', 'AGOSTO', 'SEPTIEMBRE', 'OCTUBRE', 'NOVIEMBRE', 'DICIEMBRE', 'CONSOLIDADO', 'Unnamed: 14']
INFO 2025-04-30 22:59:54,081 transform Loaded 5 CSV files
INFO 2025-04-30 22:59:54,081 views Transforming and combining all data
INFO 2025-04-30 22:59:54,087 transform Added brand information to 4 clients
INFO 2025-04-30 22:59:54,090 transform Merged 11 columns from activagfinal_ingresos_anuales_mensuales_proy_2
INFO 2025-04-30 22:59:54,093 transform Merged 11 columns from activagfinal_presupuesto_2_025
INFO 2025-04-30 22:59:54,093 transform Saved financial summary data from activagfinal_profit_loss
INFO 2025-04-30 22:59:54,093 transform Created combined dataframe with 52 clients and 21 columns
INFO 2025-04-30 22:59:54,093 views Getting combined data as dictionary
INFO 2025-04-30 22:59:54,098 views Successfully processed and combined data
INFO 2025-04-30 23:05:33,828 views Initializing S3 connector
INFO 2025-04-30 23:05:33,848 utils Initialized S3Connector for bucket: activa-datalake
INFO 2025-04-30 23:05:34,156 utils Found 6 objects with prefix: raw-data-activa/
INFO 2025-04-30 23:05:34,254 transform Successfully loaded and parsed: ActivaGFINAL - CLIENTES MARCAS.csv
INFO 2025-04-30 23:05:34,255 transform   Shape: (74, 4)
INFO 2025-04-30 23:05:34,255 transform   Columns: ['cliente_marca', 'tipo_cliente', 'cliente_desde', 'rubro_negocios']
INFO 2025-04-30 23:05:34,356 transform Successfully loaded and parsed: ActivaGFINAL - Clientes AG 2.csv
INFO 2025-04-30 23:05:34,357 transform   Shape: (46, 2)
INFO 2025-04-30 23:05:34,357 transform   Columns: ['cliente', 'industria']
WARNING 2025-04-30 23:05:34,453 transform Could not convert column facturado_2024 to numeric: The truth value of a Series is ambiguous. Use a.empty, a.bool(), a.item(), a.any() or a.all().
WARNING 2025-04-30 23:05:34,454 transform Could not convert column facturado_2024 to numeric: The truth value of a Series is ambiguous. Use a.empty, a.bool(), a.item(), a.any() or a.all().
WARNING 2025-04-30 23:05:34,455 transform Could not convert column facturado_2024 to numeric: The truth value of a Series is ambiguous. Use a.empty, a.bool(), a.item(), a.any() or a.all().
INFO 2025-04-30 23:05:34,466 transform Successfully loaded and parsed: ActivaGFINAL - Ingresos Anuales-Mensuales Proy 2.csv
INFO 2025-04-30 23:05:34,466 transform   Shape: (77, 12)
INFO 2025-04-30 23:05:34,466 transform   Columns: ['cliente', 'facturacion', 'presupuesto', 'facturado_2024', 'facturado_2024', 'facturado_2024', '1er_trimestre', '2do_cuatrimestre', '3er_cuatrimestre', '4to_cuatrimestre', 'facturacion_anual', 'facturacion_mensual']
WARNING 2025-04-30 23:05:34,569 transform Could not convert column facturado_2024 to numeric: The truth value of a Series is ambiguous. Use a.empty, a.bool(), a.item(), a.any() or a.all().
WARNING 2025-04-30 23:05:34,571 transform Could not convert column facturado_2024 to numeric: The truth value of a Series is ambiguous. Use a.empty, a.bool(), a.item(), a.any() or a.all().
WARNING 2025-04-30 23:05:34,572 transform Could not convert column facturado_2024 to numeric: The truth value of a Series is ambiguous. Use a.empty, a.bool(), a.item(), a.any() or a.all().
INFO 2025-04-30 23:05:34,583 transform Successfully loaded and parsed: ActivaGFINAL - Presupuesto 2,025.csv
INFO 2025-04-30 23:05:34,583 transform   Shape: (79, 12)
INFO 2025-04-30 23:05:34,584 transform   Columns: ['cliente', 'facturacion', 'presupuesto', 'facturado_2024', 'facturado_2024', 'facturado_2024', '1er_trimestre', '2do_cuatrimestre', '3er_cuatrimestre', '4to_cuatrimestre', 'facturacion_real', 'proyeccion']
INFO 2025-04-30 23:05:34,681 transform Successfully loaded and parsed: ActivaGFINAL - Profit & Loss.csv
INFO 2025-04-30 23:05:34,682 transform   Shape: (78, 15)
INFO 2025-04-30 23:05:34,682 transform   Columns: ['concepto', 'ENERO', 'FEBRERO', 'MARZO', 'ABRIL', 'MAYO', 'JUNIO', 'JULIO', 'AGOSTO', 'SEPTIEMBRE', 'OCTUBRE', 'NOVIEMBRE', 'DICIEMBRE', 'CONSOLIDADO', 'Unnamed: 14']
INFO 2025-04-30 23:05:34,682 transform Loaded 5 CSV files
INFO 2025-04-30 23:05:34,688 transform Added brand information to 4 clients
INFO 2025-04-30 23:05:34,691 transform Merged 11 columns from activagfinal_ingresos_anuales_mensuales_proy_2
INFO 2025-04-30 23:05:34,693 transform Merged 11 columns from activagfinal_presupuesto_2_025
INFO 2025-04-30 23:05:34,693 transform Saved financial summary data from activagfinal_profit_loss
INFO 2025-04-30 23:05:34,694 transform Created combined dataframe with 52 clients and 21 columns
INFO 2025-04-30 23:05:34,705 views Initializing S3 connector
INFO 2025-04-30 23:05:34,708 utils Initialized S3Connector for bucket: activa-datalake
INFO 2025-04-30 23:05:34,708 views Initializing custom data transformer
INFO 2025-04-30 23:05:34,708 views Loading and parsing CSV files from S3
INFO 2025-04-30 23:05:34,956 utils Found 6 objects with prefix: raw-data-activa/
INFO 2025-04-30 23:05:35,039 transform Successfully loaded and parsed: ActivaGFINAL - CLIENTES MARCAS.csv
INFO 2025-04-30 23:05:35,040 transform   Shape: (74, 4)
INFO 2025-04-30 23:05:35,040 transform   Columns: ['cliente_marca', 'tipo_cliente', 'cliente_desde', 'rubro_negocios']
INFO 2025-04-30 23:05:35,120 transform Successfully loaded and parsed: ActivaGFINAL - Clientes AG 2.csv
INFO 2025-04-30 23:05:35,121 transform   Shape: (46, 2)
INFO 2025-04-30 23:05:35,121 transform   Columns: ['cliente', 'industria']
WARNING 2025-04-30 23:05:35,208 transform Could not convert column facturado_2024 to numeric: The truth value of a Series is ambiguous. Use a.empty, a.bool(), a.item(), a.any() or a.all().
WARNING 2025-04-30 23:05:35,210 transform Could not convert column facturado_2024 to numeric: The truth value of a Series is ambiguous. Use a.empty, a.bool(), a.item(), a.any() or a.all().
WARNING 2025-04-30 23:05:35,211 transform Could not convert column facturado_2024 to numeric: The truth value of a Series is ambiguous. Use a.empty, a.bool(), a.item(), a.any() or a.all().
INFO 2025-04-30 23:05:35,222 transform Successfully loaded and parsed: ActivaGFINAL - Ingresos Anuales-Mensuales Proy 2.csv
INFO 2025-04-30 23:05:35,223 transform   Shape: (77, 12)
INFO 2025-04-30 23:05:35,223 transform   Columns: ['cliente', 'facturacion', 'presupuesto', 'facturado_2024', 'facturado_2024', 'facturado_2024', '1er_trimestre', '2do_cuatrimestre', '3er_cuatrimestre', '4to_cuatrimestre', 'facturacion_anual', 'facturacion_mensual']
WARNING 2025-04-30 23:05:35,308 transform Could not convert column facturado_2024 to numeric: The truth value of a Series is ambiguous. Use a.empty, a.bool(), a.item(), a.any() or a.all().
WARNING 2025-04-30 23:05:35,310 transform Could not convert column facturado_2024 to numeric: The truth value of a Series is ambiguous. Use a.empty, a.bool(), a.item(), a.any() or a.all().
WARNING 2025-04-30 23:05:35,310 transform Could not convert column facturado_2024 to numeric: The truth value of a Series is ambiguous. Use a.empty, a.bool(), a.item(), a.any() or a.all().
INFO 2025-04-30 23:05:35,322 transform Successfully loaded and parsed: ActivaGFINAL - Presupuesto 2,025.csv
INFO 2025-04-30 23:05:35,322 transform   Shape: (79, 12)
INFO 2025-04-30 23:05:35,322 transform   Columns: ['cliente', 'facturacion', 'presupuesto', 'facturado_2024', 'facturado_2024', 'facturado_2024', '1er_trimestre', '2do_cuatrimestre', '3er_cuatrimestre', '4to_cuatrimestre', 'facturacion_real', 'proyeccion']
INFO 2025-04-30 23:05:35,434 transform Successfully loaded and parsed: ActivaGFINAL - Profit & Loss.csv
INFO 2025-04-30 23:05:35,434 transform   Shape: (78, 15)
INFO 2025-04-30 23:05:35,434 transform   Columns: ['concepto', 'ENERO', 'FEBRERO', 'MARZO', 'ABRIL', 'MAYO', 'JUNIO', 'JULIO', 'AGOSTO', 'SEPTIEMBRE', 'OCTUBRE', 'NOVIEMBRE', 'DICIEMBRE', 'CONSOLIDADO', 'Unnamed: 14']
INFO 2025-04-30 23:05:35,434 transform Loaded 5 CSV files
INFO 2025-04-30 23:05:35,434 views Transforming and combining all data
INFO 2025-04-30 23:05:35,441 transform Added brand information to 4 clients
INFO 2025-04-30 23:05:35,443 transform Merged 11 columns from activagfinal_ingresos_anuales_mensuales_proy_2
INFO 2025-04-30 23:05:35,446 transform Merged 11 columns from activagfinal_presupuesto_2_025
INFO 2025-04-30 23:05:35,446 transform Saved financial summary data from activagfinal_profit_loss
INFO 2025-04-30 23:05:35,447 transform Created combined dataframe with 52 clients and 21 columns
INFO 2025-04-30 23:05:35,447 views Getting combined data as dictionary
INFO 2025-04-30 23:05:35,452 views Successfully processed and combined data
INFO 2025-04-30 23:21:58,559 views Initializing S3 connector
INFO 2025-04-30 23:21:58,574 utils Initialized S3Connector for bucket: activa-datalake
INFO 2025-04-30 23:21:58,574 views Initializing custom data transformer
INFO 2025-04-30 23:21:58,574 views Loading and parsing CSV files from S3
INFO 2025-04-30 23:21:58,908 utils Found 6 objects with prefix: raw-data-activa/
INFO 2025-04-30 23:21:59,046 transform Successfully loaded and parsed: ActivaGFINAL - CLIENTES MARCAS.csv
INFO 2025-04-30 23:21:59,047 transform   Shape: (74, 4)
INFO 2025-04-30 23:21:59,047 transform   Columns: ['cliente_marca', 'tipo_cliente', 'cliente_desde', 'rubro_negocios']
INFO 2025-04-30 23:21:59,140 transform Successfully loaded and parsed: ActivaGFINAL - Clientes AG 2.csv
INFO 2025-04-30 23:21:59,140 transform   Shape: (46, 2)
INFO 2025-04-30 23:21:59,141 transform   Columns: ['cliente', 'industria']
WARNING 2025-04-30 23:21:59,246 transform Could not convert column facturado_2024 to numeric: The truth value of a Series is ambiguous. Use a.empty, a.bool(), a.item(), a.any() or a.all().
WARNING 2025-04-30 23:21:59,247 transform Could not convert column facturado_2024 to numeric: The truth value of a Series is ambiguous. Use a.empty, a.bool(), a.item(), a.any() or a.all().
WARNING 2025-04-30 23:21:59,248 transform Could not convert column facturado_2024 to numeric: The truth value of a Series is ambiguous. Use a.empty, a.bool(), a.item(), a.any() or a.all().
INFO 2025-04-30 23:21:59,260 transform Successfully loaded and parsed: ActivaGFINAL - Ingresos Anuales-Mensuales Proy 2.csv
INFO 2025-04-30 23:21:59,261 transform   Shape: (77, 12)
INFO 2025-04-30 23:21:59,261 transform   Columns: ['cliente', 'facturacion', 'presupuesto', 'facturado_2024', 'facturado_2024', 'facturado_2024', '1er_trimestre', '2do_cuatrimestre', '3er_cuatrimestre', '4to_cuatrimestre', 'facturacion_anual', 'facturacion_mensual']
WARNING 2025-04-30 23:21:59,362 transform Could not convert column facturado_2024 to numeric: The truth value of a Series is ambiguous. Use a.empty, a.bool(), a.item(), a.any() or a.all().
WARNING 2025-04-30 23:21:59,363 transform Could not convert column facturado_2024 to numeric: The truth value of a Series is ambiguous. Use a.empty, a.bool(), a.item(), a.any() or a.all().
WARNING 2025-04-30 23:21:59,364 transform Could not convert column facturado_2024 to numeric: The truth value of a Series is ambiguous. Use a.empty, a.bool(), a.item(), a.any() or a.all().
INFO 2025-04-30 23:21:59,376 transform Successfully loaded and parsed: ActivaGFINAL - Presupuesto 2,025.csv
INFO 2025-04-30 23:21:59,376 transform   Shape: (79, 12)
INFO 2025-04-30 23:21:59,376 transform   Columns: ['cliente', 'facturacion', 'presupuesto', 'facturado_2024', 'facturado_2024', 'facturado_2024', '1er_trimestre', '2do_cuatrimestre', '3er_cuatrimestre', '4to_cuatrimestre', 'facturacion_real', 'proyeccion']
INFO 2025-04-30 23:21:59,505 transform Successfully loaded and parsed: ActivaGFINAL - Profit & Loss.csv
INFO 2025-04-30 23:21:59,506 transform   Shape: (78, 15)
INFO 2025-04-30 23:21:59,506 transform   Columns: ['concepto', 'ENERO', 'FEBRERO', 'MARZO', 'ABRIL', 'MAYO', 'JUNIO', 'JULIO', 'AGOSTO', 'SEPTIEMBRE', 'OCTUBRE', 'NOVIEMBRE', 'DICIEMBRE', 'CONSOLIDADO', 'Unnamed: 14']
INFO 2025-04-30 23:21:59,506 transform Loaded 5 CSV files
INFO 2025-04-30 23:21:59,506 views Transforming and combining all data
INFO 2025-04-30 23:21:59,516 transform Added brand information to 4 clients
INFO 2025-04-30 23:21:59,519 transform Merged 11 columns from activagfinal_ingresos_anuales_mensuales_proy_2
INFO 2025-04-30 23:21:59,521 transform Merged 11 columns from activagfinal_presupuesto_2_025
INFO 2025-04-30 23:21:59,521 transform Saved financial summary data from activagfinal_profit_loss
INFO 2025-04-30 23:21:59,522 transform Created combined dataframe with 52 clients and 21 columns
INFO 2025-04-30 23:21:59,522 views Getting combined data as dictionary
INFO 2025-04-30 23:21:59,526 views Successfully processed and combined data
INFO 2025-04-30 23:22:31,063 views Initializing S3 connector
INFO 2025-04-30 23:22:31,073 utils Initialized S3Connector for bucket: activa-datalake
INFO 2025-04-30 23:22:31,356 utils Found 6 objects with prefix: raw-data-activa/
INFO 2025-04-30 23:22:31,445 transform Successfully loaded and parsed: ActivaGFINAL - CLIENTES MARCAS.csv
INFO 2025-04-30 23:22:31,447 transform   Shape: (74, 4)
INFO 2025-04-30 23:22:31,448 transform   Columns: ['cliente_marca', 'tipo_cliente', 'cliente_desde', 'rubro_negocios']
INFO 2025-04-30 23:22:31,530 transform Successfully loaded and parsed: ActivaGFINAL - Clientes AG 2.csv
INFO 2025-04-30 23:22:31,530 transform   Shape: (46, 2)
INFO 2025-04-30 23:22:31,530 transform   Columns: ['cliente', 'industria']
WARNING 2025-04-30 23:22:31,610 transform Could not convert column facturado_2024 to numeric: The truth value of a Series is ambiguous. Use a.empty, a.bool(), a.item(), a.any() or a.all().
WARNING 2025-04-30 23:22:31,611 transform Could not convert column facturado_2024 to numeric: The truth value of a Series is ambiguous. Use a.empty, a.bool(), a.item(), a.any() or a.all().
WARNING 2025-04-30 23:22:31,611 transform Could not convert column facturado_2024 to numeric: The truth value of a Series is ambiguous. Use a.empty, a.bool(), a.item(), a.any() or a.all().
INFO 2025-04-30 23:22:31,624 transform Successfully loaded and parsed: ActivaGFINAL - Ingresos Anuales-Mensuales Proy 2.csv
INFO 2025-04-30 23:22:31,624 transform   Shape: (77, 12)
INFO 2025-04-30 23:22:31,625 transform   Columns: ['cliente', 'facturacion', 'presupuesto', 'facturado_2024', 'facturado_2024', 'facturado_2024', '1er_trimestre', '2do_cuatrimestre', '3er_cuatrimestre', '4to_cuatrimestre', 'facturacion_anual', 'facturacion_mensual']
WARNING 2025-04-30 23:22:31,707 transform Could not convert column facturado_2024 to numeric: The truth value of a Series is ambiguous. Use a.empty, a.bool(), a.item(), a.any() or a.all().
WARNING 2025-04-30 23:22:31,708 transform Could not convert column facturado_2024 to numeric: The truth value of a Series is ambiguous. Use a.empty, a.bool(), a.item(), a.any() or a.all().
WARNING 2025-04-30 23:22:31,709 transform Could not convert column facturado_2024 to numeric: The truth value of a Series is ambiguous. Use a.empty, a.bool(), a.item(), a.any() or a.all().
INFO 2025-04-30 23:22:31,720 transform Successfully loaded and parsed: ActivaGFINAL - Presupuesto 2,025.csv
INFO 2025-04-30 23:22:31,720 transform   Shape: (79, 12)
INFO 2025-04-30 23:22:31,720 transform   Columns: ['cliente', 'facturacion', 'presupuesto', 'facturado_2024', 'facturado_2024', 'facturado_2024', '1er_trimestre', '2do_cuatrimestre', '3er_cuatrimestre', '4to_cuatrimestre', 'facturacion_real', 'proyeccion']
INFO 2025-04-30 23:22:31,821 transform Successfully loaded and parsed: ActivaGFINAL - Profit & Loss.csv
INFO 2025-04-30 23:22:31,821 transform   Shape: (78, 15)
INFO 2025-04-30 23:22:31,821 transform   Columns: ['concepto', 'ENERO', 'FEBRERO', 'MARZO', 'ABRIL', 'MAYO', 'JUNIO', 'JULIO', 'AGOSTO', 'SEPTIEMBRE', 'OCTUBRE', 'NOVIEMBRE', 'DICIEMBRE', 'CONSOLIDADO', 'Unnamed: 14']
INFO 2025-04-30 23:22:31,821 transform Loaded 5 CSV files
INFO 2025-04-30 23:22:31,827 transform Added brand information to 4 clients
INFO 2025-04-30 23:22:31,831 transform Merged 11 columns from activagfinal_ingresos_anuales_mensuales_proy_2
INFO 2025-04-30 23:22:31,834 transform Merged 11 columns from activagfinal_presupuesto_2_025
INFO 2025-04-30 23:22:31,834 transform Saved financial summary data from activagfinal_profit_loss
INFO 2025-04-30 23:22:31,835 transform Created combined dataframe with 52 clients and 21 columns
INFO 2025-04-30 23:36:23,672 views Initializing S3 connector
INFO 2025-04-30 23:36:23,685 utils Initialized S3Connector for bucket: activa-datalake
INFO 2025-04-30 23:36:24,027 utils Found 6 objects with prefix: raw-data-activa/
INFO 2025-04-30 23:36:24,134 transform Successfully loaded and parsed: ActivaGFINAL - CLIENTES MARCAS.csv
INFO 2025-04-30 23:36:24,135 transform   Shape: (74, 4)
INFO 2025-04-30 23:36:24,135 transform   Columns: ['cliente_marca', 'tipo_cliente', 'cliente_desde', 'rubro_negocios']
INFO 2025-04-30 23:36:24,239 transform Successfully loaded and parsed: ActivaGFINAL - Clientes AG 2.csv
INFO 2025-04-30 23:36:24,240 transform   Shape: (46, 2)
INFO 2025-04-30 23:36:24,240 transform   Columns: ['cliente', 'industria']
WARNING 2025-04-30 23:36:24,364 transform Could not convert column facturado_2024 to numeric: The truth value of a Series is ambiguous. Use a.empty, a.bool(), a.item(), a.any() or a.all().
WARNING 2025-04-30 23:36:24,365 transform Could not convert column facturado_2024 to numeric: The truth value of a Series is ambiguous. Use a.empty, a.bool(), a.item(), a.any() or a.all().
WARNING 2025-04-30 23:36:24,366 transform Could not convert column facturado_2024 to numeric: The truth value of a Series is ambiguous. Use a.empty, a.bool(), a.item(), a.any() or a.all().
INFO 2025-04-30 23:36:24,378 transform Successfully loaded and parsed: ActivaGFINAL - Ingresos Anuales-Mensuales Proy 2.csv
INFO 2025-04-30 23:36:24,378 transform   Shape: (77, 12)
INFO 2025-04-30 23:36:24,378 transform   Columns: ['cliente', 'facturacion', 'presupuesto', 'facturado_2024', 'facturado_2024', 'facturado_2024', '1er_trimestre', '2do_cuatrimestre', '3er_cuatrimestre', '4to_cuatrimestre', 'facturacion_anual', 'facturacion_mensual']
WARNING 2025-04-30 23:36:24,479 transform Could not convert column facturado_2024 to numeric: The truth value of a Series is ambiguous. Use a.empty, a.bool(), a.item(), a.any() or a.all().
WARNING 2025-04-30 23:36:24,480 transform Could not convert column facturado_2024 to numeric: The truth value of a Series is ambiguous. Use a.empty, a.bool(), a.item(), a.any() or a.all().
WARNING 2025-04-30 23:36:24,481 transform Could not convert column facturado_2024 to numeric: The truth value of a Series is ambiguous. Use a.empty, a.bool(), a.item(), a.any() or a.all().
INFO 2025-04-30 23:36:24,497 transform Successfully loaded and parsed: ActivaGFINAL - Presupuesto 2,025.csv
INFO 2025-04-30 23:36:24,497 transform   Shape: (79, 12)
INFO 2025-04-30 23:36:24,497 transform   Columns: ['cliente', 'facturacion', 'presupuesto', 'facturado_2024', 'facturado_2024', 'facturado_2024', '1er_trimestre', '2do_cuatrimestre', '3er_cuatrimestre', '4to_cuatrimestre', 'facturacion_real', 'proyeccion']
INFO 2025-04-30 23:36:24,595 transform Successfully loaded and parsed: ActivaGFINAL - Profit & Loss.csv
INFO 2025-04-30 23:36:24,595 transform   Shape: (78, 15)
INFO 2025-04-30 23:36:24,595 transform   Columns: ['concepto', 'ENERO', 'FEBRERO', 'MARZO', 'ABRIL', 'MAYO', 'JUNIO', 'JULIO', 'AGOSTO', 'SEPTIEMBRE', 'OCTUBRE', 'NOVIEMBRE', 'DICIEMBRE', 'CONSOLIDADO', 'Unnamed: 14']
INFO 2025-04-30 23:36:24,595 transform Loaded 5 CSV files
INFO 2025-04-30 23:36:24,599 transform Added brand information to 4 clients
INFO 2025-04-30 23:36:24,601 transform Merged 11 columns from activagfinal_ingresos_anuales_mensuales_proy_2
INFO 2025-04-30 23:36:24,603 transform Merged 11 columns from activagfinal_presupuesto_2_025
INFO 2025-04-30 23:36:24,603 transform Saved financial summary data from activagfinal_profit_loss
INFO 2025-04-30 23:36:24,603 transform Created combined dataframe with 52 clients and 21 columns
INFO 2025-04-30 23:36:24,610 views Initializing S3 connector
INFO 2025-04-30 23:36:24,616 utils Initialized S3Connector for bucket: activa-datalake
INFO 2025-04-30 23:36:24,616 views Initializing custom data transformer
INFO 2025-04-30 23:36:24,616 views Loading and parsing CSV files from S3
INFO 2025-04-30 23:36:24,851 utils Found 6 objects with prefix: raw-data-activa/
INFO 2025-04-30 23:36:24,937 transform Successfully loaded and parsed: ActivaGFINAL - CLIENTES MARCAS.csv
INFO 2025-04-30 23:36:24,938 transform   Shape: (74, 4)
INFO 2025-04-30 23:36:24,938 transform   Columns: ['cliente_marca', 'tipo_cliente', 'cliente_desde', 'rubro_negocios']
INFO 2025-04-30 23:36:25,019 transform Successfully loaded and parsed: ActivaGFINAL - Clientes AG 2.csv
INFO 2025-04-30 23:36:25,019 transform   Shape: (46, 2)
INFO 2025-04-30 23:36:25,019 transform   Columns: ['cliente', 'industria']
WARNING 2025-04-30 23:36:25,111 transform Could not convert column facturado_2024 to numeric: The truth value of a Series is ambiguous. Use a.empty, a.bool(), a.item(), a.any() or a.all().
WARNING 2025-04-30 23:36:25,112 transform Could not convert column facturado_2024 to numeric: The truth value of a Series is ambiguous. Use a.empty, a.bool(), a.item(), a.any() or a.all().
WARNING 2025-04-30 23:36:25,113 transform Could not convert column facturado_2024 to numeric: The truth value of a Series is ambiguous. Use a.empty, a.bool(), a.item(), a.any() or a.all().
INFO 2025-04-30 23:36:25,130 transform Successfully loaded and parsed: ActivaGFINAL - Ingresos Anuales-Mensuales Proy 2.csv
INFO 2025-04-30 23:36:25,130 transform   Shape: (77, 12)
INFO 2025-04-30 23:36:25,131 transform   Columns: ['cliente', 'facturacion', 'presupuesto', 'facturado_2024', 'facturado_2024', 'facturado_2024', '1er_trimestre', '2do_cuatrimestre', '3er_cuatrimestre', '4to_cuatrimestre', 'facturacion_anual', 'facturacion_mensual']
WARNING 2025-04-30 23:36:25,221 transform Could not convert column facturado_2024 to numeric: The truth value of a Series is ambiguous. Use a.empty, a.bool(), a.item(), a.any() or a.all().
WARNING 2025-04-30 23:36:25,222 transform Could not convert column facturado_2024 to numeric: The truth value of a Series is ambiguous. Use a.empty, a.bool(), a.item(), a.any() or a.all().
WARNING 2025-04-30 23:36:25,223 transform Could not convert column facturado_2024 to numeric: The truth value of a Series is ambiguous. Use a.empty, a.bool(), a.item(), a.any() or a.all().
INFO 2025-04-30 23:36:25,236 transform Successfully loaded and parsed: ActivaGFINAL - Presupuesto 2,025.csv
INFO 2025-04-30 23:36:25,236 transform   Shape: (79, 12)
INFO 2025-04-30 23:36:25,236 transform   Columns: ['cliente', 'facturacion', 'presupuesto', 'facturado_2024', 'facturado_2024', 'facturado_2024', '1er_trimestre', '2do_cuatrimestre', '3er_cuatrimestre', '4to_cuatrimestre', 'facturacion_real', 'proyeccion']
INFO 2025-04-30 23:36:25,344 transform Successfully loaded and parsed: ActivaGFINAL - Profit & Loss.csv
INFO 2025-04-30 23:36:25,344 transform   Shape: (78, 15)
INFO 2025-04-30 23:36:25,344 transform   Columns: ['concepto', 'ENERO', 'FEBRERO', 'MARZO', 'ABRIL', 'MAYO', 'JUNIO', 'JULIO', 'AGOSTO', 'SEPTIEMBRE', 'OCTUBRE', 'NOVIEMBRE', 'DICIEMBRE', 'CONSOLIDADO', 'Unnamed: 14']
INFO 2025-04-30 23:36:25,344 transform Loaded 5 CSV files
INFO 2025-04-30 23:36:25,344 views Transforming and combining all data
INFO 2025-04-30 23:36:25,351 transform Added brand information to 4 clients
INFO 2025-04-30 23:36:25,354 transform Merged 11 columns from activagfinal_ingresos_anuales_mensuales_proy_2
INFO 2025-04-30 23:36:25,358 transform Merged 11 columns from activagfinal_presupuesto_2_025
INFO 2025-04-30 23:36:25,358 transform Saved financial summary data from activagfinal_profit_loss
INFO 2025-04-30 23:36:25,358 transform Created combined dataframe with 52 clients and 21 columns
INFO 2025-04-30 23:36:25,358 views Getting combined data as dictionary
INFO 2025-04-30 23:36:25,363 views Successfully processed and combined data
INFO 2025-04-30 23:47:12,131 views Initializing S3 connector
INFO 2025-04-30 23:47:12,142 utils Initialized S3Connector for bucket: activa-datalake
INFO 2025-04-30 23:47:12,427 utils Found 6 objects with prefix: raw-data-activa/
INFO 2025-04-30 23:47:12,525 transform Successfully loaded and parsed: ActivaGFINAL - CLIENTES MARCAS.csv
INFO 2025-04-30 23:47:12,526 transform   Shape: (74, 4)
INFO 2025-04-30 23:47:12,526 transform   Columns: ['cliente_marca', 'tipo_cliente', 'cliente_desde', 'rubro_negocios']
INFO 2025-04-30 23:47:12,620 transform Successfully loaded and parsed: ActivaGFINAL - Clientes AG 2.csv
INFO 2025-04-30 23:47:12,621 transform   Shape: (46, 2)
INFO 2025-04-30 23:47:12,621 transform   Columns: ['cliente', 'industria']
WARNING 2025-04-30 23:47:12,714 transform Could not convert column facturado_2024 to numeric: The truth value of a Series is ambiguous. Use a.empty, a.bool(), a.item(), a.any() or a.all().
WARNING 2025-04-30 23:47:12,715 transform Could not convert column facturado_2024 to numeric: The truth value of a Series is ambiguous. Use a.empty, a.bool(), a.item(), a.any() or a.all().
WARNING 2025-04-30 23:47:12,716 transform Could not convert column facturado_2024 to numeric: The truth value of a Series is ambiguous. Use a.empty, a.bool(), a.item(), a.any() or a.all().
INFO 2025-04-30 23:47:12,727 transform Successfully loaded and parsed: ActivaGFINAL - Ingresos Anuales-Mensuales Proy 2.csv
INFO 2025-04-30 23:47:12,727 transform   Shape: (77, 12)
INFO 2025-04-30 23:47:12,727 transform   Columns: ['cliente', 'facturacion', 'presupuesto', 'facturado_2024', 'facturado_2024', 'facturado_2024', '1er_trimestre', '2do_cuatrimestre', '3er_cuatrimestre', '4to_cuatrimestre', 'facturacion_anual', 'facturacion_mensual']
WARNING 2025-04-30 23:47:12,824 transform Could not convert column facturado_2024 to numeric: The truth value of a Series is ambiguous. Use a.empty, a.bool(), a.item(), a.any() or a.all().
WARNING 2025-04-30 23:47:12,825 transform Could not convert column facturado_2024 to numeric: The truth value of a Series is ambiguous. Use a.empty, a.bool(), a.item(), a.any() or a.all().
WARNING 2025-04-30 23:47:12,826 transform Could not convert column facturado_2024 to numeric: The truth value of a Series is ambiguous. Use a.empty, a.bool(), a.item(), a.any() or a.all().
INFO 2025-04-30 23:47:12,841 transform Successfully loaded and parsed: ActivaGFINAL - Presupuesto 2,025.csv
INFO 2025-04-30 23:47:12,841 transform   Shape: (79, 12)
INFO 2025-04-30 23:47:12,842 transform   Columns: ['cliente', 'facturacion', 'presupuesto', 'facturado_2024', 'facturado_2024', 'facturado_2024', '1er_trimestre', '2do_cuatrimestre', '3er_cuatrimestre', '4to_cuatrimestre', 'facturacion_real', 'proyeccion']
INFO 2025-04-30 23:47:12,970 transform Successfully loaded and parsed: ActivaGFINAL - Profit & Loss.csv
INFO 2025-04-30 23:47:12,970 transform   Shape: (78, 15)
INFO 2025-04-30 23:47:12,970 transform   Columns: ['concepto', 'ENERO', 'FEBRERO', 'MARZO', 'ABRIL', 'MAYO', 'JUNIO', 'JULIO', 'AGOSTO', 'SEPTIEMBRE', 'OCTUBRE', 'NOVIEMBRE', 'DICIEMBRE', 'CONSOLIDADO', 'Unnamed: 14']
INFO 2025-04-30 23:47:12,970 transform Loaded 5 CSV files
INFO 2025-04-30 23:47:12,978 transform Added brand information to 4 clients
INFO 2025-04-30 23:47:12,981 transform Merged 11 columns from activagfinal_ingresos_anuales_mensuales_proy_2
INFO 2025-04-30 23:47:12,985 transform Merged 11 columns from activagfinal_presupuesto_2_025
INFO 2025-04-30 23:47:12,985 transform Saved financial summary data from activagfinal_profit_loss
INFO 2025-04-30 23:47:12,985 transform Created combined dataframe with 52 clients and 21 columns
INFO 2025-04-30 23:47:12,997 views Initializing S3 connector
INFO 2025-04-30 23:47:13,002 utils Initialized S3Connector for bucket: activa-datalake
INFO 2025-04-30 23:47:13,002 views Initializing custom data transformer
INFO 2025-04-30 23:47:13,002 views Loading and parsing CSV files from S3
INFO 2025-04-30 23:47:13,237 utils Found 6 objects with prefix: raw-data-activa/
INFO 2025-04-30 23:47:13,323 transform Successfully loaded and parsed: ActivaGFINAL - CLIENTES MARCAS.csv
INFO 2025-04-30 23:47:13,324 transform   Shape: (74, 4)
INFO 2025-04-30 23:47:13,324 transform   Columns: ['cliente_marca', 'tipo_cliente', 'cliente_desde', 'rubro_negocios']
INFO 2025-04-30 23:47:13,401 transform Successfully loaded and parsed: ActivaGFINAL - Clientes AG 2.csv
INFO 2025-04-30 23:47:13,401 transform   Shape: (46, 2)
INFO 2025-04-30 23:47:13,401 transform   Columns: ['cliente', 'industria']
WARNING 2025-04-30 23:47:13,490 transform Could not convert column facturado_2024 to numeric: The truth value of a Series is ambiguous. Use a.empty, a.bool(), a.item(), a.any() or a.all().
WARNING 2025-04-30 23:47:13,491 transform Could not convert column facturado_2024 to numeric: The truth value of a Series is ambiguous. Use a.empty, a.bool(), a.item(), a.any() or a.all().
WARNING 2025-04-30 23:47:13,492 transform Could not convert column facturado_2024 to numeric: The truth value of a Series is ambiguous. Use a.empty, a.bool(), a.item(), a.any() or a.all().
INFO 2025-04-30 23:47:13,504 transform Successfully loaded and parsed: ActivaGFINAL - Ingresos Anuales-Mensuales Proy 2.csv
INFO 2025-04-30 23:47:13,504 transform   Shape: (77, 12)
INFO 2025-04-30 23:47:13,504 transform   Columns: ['cliente', 'facturacion', 'presupuesto', 'facturado_2024', 'facturado_2024', 'facturado_2024', '1er_trimestre', '2do_cuatrimestre', '3er_cuatrimestre', '4to_cuatrimestre', 'facturacion_anual', 'facturacion_mensual']
WARNING 2025-04-30 23:47:13,585 transform Could not convert column facturado_2024 to numeric: The truth value of a Series is ambiguous. Use a.empty, a.bool(), a.item(), a.any() or a.all().
WARNING 2025-04-30 23:47:13,586 transform Could not convert column facturado_2024 to numeric: The truth value of a Series is ambiguous. Use a.empty, a.bool(), a.item(), a.any() or a.all().
WARNING 2025-04-30 23:47:13,586 transform Could not convert column facturado_2024 to numeric: The truth value of a Series is ambiguous. Use a.empty, a.bool(), a.item(), a.any() or a.all().
INFO 2025-04-30 23:47:13,596 transform Successfully loaded and parsed: ActivaGFINAL - Presupuesto 2,025.csv
INFO 2025-04-30 23:47:13,596 transform   Shape: (79, 12)
INFO 2025-04-30 23:47:13,596 transform   Columns: ['cliente', 'facturacion', 'presupuesto', 'facturado_2024', 'facturado_2024', 'facturado_2024', '1er_trimestre', '2do_cuatrimestre', '3er_cuatrimestre', '4to_cuatrimestre', 'facturacion_real', 'proyeccion']
INFO 2025-04-30 23:47:13,697 transform Successfully loaded and parsed: ActivaGFINAL - Profit & Loss.csv
INFO 2025-04-30 23:47:13,697 transform   Shape: (78, 15)
INFO 2025-04-30 23:47:13,697 transform   Columns: ['concepto', 'ENERO', 'FEBRERO', 'MARZO', 'ABRIL', 'MAYO', 'JUNIO', 'JULIO', 'AGOSTO', 'SEPTIEMBRE', 'OCTUBRE', 'NOVIEMBRE', 'DICIEMBRE', 'CONSOLIDADO', 'Unnamed: 14']
INFO 2025-04-30 23:47:13,697 transform Loaded 5 CSV files
INFO 2025-04-30 23:47:13,697 views Transforming and combining all data
INFO 2025-04-30 23:47:13,703 transform Added brand information to 4 clients
INFO 2025-04-30 23:47:13,707 transform Merged 11 columns from activagfinal_ingresos_anuales_mensuales_proy_2
INFO 2025-04-30 23:47:13,708 transform Merged 11 columns from activagfinal_presupuesto_2_025
INFO 2025-04-30 23:47:13,709 transform Saved financial summary data from activagfinal_profit_loss
INFO 2025-04-30 23:47:13,709 transform Created combined dataframe with 52 clients and 21 columns
INFO 2025-04-30 23:47:13,709 views Getting combined data as dictionary
INFO 2025-04-30 23:47:13,713 views Successfully processed and combined data
INFO 2025-04-30 23:56:02,656 views Initializing S3 connector
INFO 2025-04-30 23:56:02,668 utils Initialized S3Connector for bucket: activa-datalake
INFO 2025-04-30 23:56:02,966 utils Found 6 objects with prefix: raw-data-activa/
INFO 2025-04-30 23:56:03,064 transform Successfully loaded and parsed: ActivaGFINAL - CLIENTES MARCAS.csv
INFO 2025-04-30 23:56:03,065 transform   Shape: (74, 4)
INFO 2025-04-30 23:56:03,065 transform   Columns: ['cliente_marca', 'tipo_cliente', 'cliente_desde', 'rubro_negocios']
INFO 2025-04-30 23:56:03,153 transform Successfully loaded and parsed: ActivaGFINAL - Clientes AG 2.csv
INFO 2025-04-30 23:56:03,153 transform   Shape: (46, 2)
INFO 2025-04-30 23:56:03,153 transform   Columns: ['cliente', 'industria']
WARNING 2025-04-30 23:56:03,250 transform Could not convert column facturado_2024 to numeric: The truth value of a Series is ambiguous. Use a.empty, a.bool(), a.item(), a.any() or a.all().
WARNING 2025-04-30 23:56:03,252 transform Could not convert column facturado_2024 to numeric: The truth value of a Series is ambiguous. Use a.empty, a.bool(), a.item(), a.any() or a.all().
WARNING 2025-04-30 23:56:03,253 transform Could not convert column facturado_2024 to numeric: The truth value of a Series is ambiguous. Use a.empty, a.bool(), a.item(), a.any() or a.all().
INFO 2025-04-30 23:56:03,265 transform Successfully loaded and parsed: ActivaGFINAL - Ingresos Anuales-Mensuales Proy 2.csv
INFO 2025-04-30 23:56:03,266 transform   Shape: (77, 12)
INFO 2025-04-30 23:56:03,266 transform   Columns: ['cliente', 'facturacion', 'presupuesto', 'facturado_2024', 'facturado_2024', 'facturado_2024', '1er_trimestre', '2do_cuatrimestre', '3er_cuatrimestre', '4to_cuatrimestre', 'facturacion_anual', 'facturacion_mensual']
WARNING 2025-04-30 23:56:03,367 transform Could not convert column facturado_2024 to numeric: The truth value of a Series is ambiguous. Use a.empty, a.bool(), a.item(), a.any() or a.all().
WARNING 2025-04-30 23:56:03,368 transform Could not convert column facturado_2024 to numeric: The truth value of a Series is ambiguous. Use a.empty, a.bool(), a.item(), a.any() or a.all().
WARNING 2025-04-30 23:56:03,369 transform Could not convert column facturado_2024 to numeric: The truth value of a Series is ambiguous. Use a.empty, a.bool(), a.item(), a.any() or a.all().
INFO 2025-04-30 23:56:03,379 transform Successfully loaded and parsed: ActivaGFINAL - Presupuesto 2,025.csv
INFO 2025-04-30 23:56:03,379 transform   Shape: (79, 12)
INFO 2025-04-30 23:56:03,379 transform   Columns: ['cliente', 'facturacion', 'presupuesto', 'facturado_2024', 'facturado_2024', 'facturado_2024', '1er_trimestre', '2do_cuatrimestre', '3er_cuatrimestre', '4to_cuatrimestre', 'facturacion_real', 'proyeccion']
INFO 2025-04-30 23:56:03,515 transform Successfully loaded and parsed: ActivaGFINAL - Profit & Loss.csv
INFO 2025-04-30 23:56:03,515 transform   Shape: (78, 15)
INFO 2025-04-30 23:56:03,515 transform   Columns: ['concepto', 'ENERO', 'FEBRERO', 'MARZO', 'ABRIL', 'MAYO', 'JUNIO', 'JULIO', 'AGOSTO', 'SEPTIEMBRE', 'OCTUBRE', 'NOVIEMBRE', 'DICIEMBRE', 'CONSOLIDADO', 'Unnamed: 14']
INFO 2025-04-30 23:56:03,515 transform Loaded 5 CSV files
INFO 2025-04-30 23:56:03,523 transform Added brand information to 4 clients
INFO 2025-04-30 23:56:03,525 transform Merged 11 columns from activagfinal_ingresos_anuales_mensuales_proy_2
INFO 2025-04-30 23:56:03,527 transform Merged 11 columns from activagfinal_presupuesto_2_025
INFO 2025-04-30 23:56:03,527 transform Saved financial summary data from activagfinal_profit_loss
INFO 2025-04-30 23:56:03,528 transform Created combined dataframe with 52 clients and 21 columns
INFO 2025-04-30 23:56:03,538 views Initializing S3 connector
INFO 2025-04-30 23:56:03,544 utils Initialized S3Connector for bucket: activa-datalake
INFO 2025-04-30 23:56:03,544 views Initializing custom data transformer
INFO 2025-04-30 23:56:03,544 views Loading and parsing CSV files from S3
INFO 2025-04-30 23:56:03,791 utils Found 6 objects with prefix: raw-data-activa/
INFO 2025-04-30 23:56:03,882 transform Successfully loaded and parsed: ActivaGFINAL - CLIENTES MARCAS.csv
INFO 2025-04-30 23:56:03,882 transform   Shape: (74, 4)
INFO 2025-04-30 23:56:03,883 transform   Columns: ['cliente_marca', 'tipo_cliente', 'cliente_desde', 'rubro_negocios']
INFO 2025-04-30 23:56:03,972 transform Successfully loaded and parsed: ActivaGFINAL - Clientes AG 2.csv
INFO 2025-04-30 23:56:03,973 transform   Shape: (46, 2)
INFO 2025-04-30 23:56:03,973 transform   Columns: ['cliente', 'industria']
WARNING 2025-04-30 23:56:04,060 transform Could not convert column facturado_2024 to numeric: The truth value of a Series is ambiguous. Use a.empty, a.bool(), a.item(), a.any() or a.all().
WARNING 2025-04-30 23:56:04,061 transform Could not convert column facturado_2024 to numeric: The truth value of a Series is ambiguous. Use a.empty, a.bool(), a.item(), a.any() or a.all().
WARNING 2025-04-30 23:56:04,062 transform Could not convert column facturado_2024 to numeric: The truth value of a Series is ambiguous. Use a.empty, a.bool(), a.item(), a.any() or a.all().
INFO 2025-04-30 23:56:04,072 transform Successfully loaded and parsed: ActivaGFINAL - Ingresos Anuales-Mensuales Proy 2.csv
INFO 2025-04-30 23:56:04,072 transform   Shape: (77, 12)
INFO 2025-04-30 23:56:04,072 transform   Columns: ['cliente', 'facturacion', 'presupuesto', 'facturado_2024', 'facturado_2024', 'facturado_2024', '1er_trimestre', '2do_cuatrimestre', '3er_cuatrimestre', '4to_cuatrimestre', 'facturacion_anual', 'facturacion_mensual']
WARNING 2025-04-30 23:56:04,160 transform Could not convert column facturado_2024 to numeric: The truth value of a Series is ambiguous. Use a.empty, a.bool(), a.item(), a.any() or a.all().
WARNING 2025-04-30 23:56:04,160 transform Could not convert column facturado_2024 to numeric: The truth value of a Series is ambiguous. Use a.empty, a.bool(), a.item(), a.any() or a.all().
WARNING 2025-04-30 23:56:04,161 transform Could not convert column facturado_2024 to numeric: The truth value of a Series is ambiguous. Use a.empty, a.bool(), a.item(), a.any() or a.all().
INFO 2025-04-30 23:56:04,167 transform Successfully loaded and parsed: ActivaGFINAL - Presupuesto 2,025.csv
INFO 2025-04-30 23:56:04,167 transform   Shape: (79, 12)
INFO 2025-04-30 23:56:04,167 transform   Columns: ['cliente', 'facturacion', 'presupuesto', 'facturado_2024', 'facturado_2024', 'facturado_2024', '1er_trimestre', '2do_cuatrimestre', '3er_cuatrimestre', '4to_cuatrimestre', 'facturacion_real', 'proyeccion']
INFO 2025-04-30 23:56:04,277 transform Successfully loaded and parsed: ActivaGFINAL - Profit & Loss.csv
INFO 2025-04-30 23:56:04,277 transform   Shape: (78, 15)
INFO 2025-04-30 23:56:04,278 transform   Columns: ['concepto', 'ENERO', 'FEBRERO', 'MARZO', 'ABRIL', 'MAYO', 'JUNIO', 'JULIO', 'AGOSTO', 'SEPTIEMBRE', 'OCTUBRE', 'NOVIEMBRE', 'DICIEMBRE', 'CONSOLIDADO', 'Unnamed: 14']
INFO 2025-04-30 23:56:04,278 transform Loaded 5 CSV files
INFO 2025-04-30 23:56:04,278 views Transforming and combining all data
INFO 2025-04-30 23:56:04,284 transform Added brand information to 4 clients
INFO 2025-04-30 23:56:04,287 transform Merged 11 columns from activagfinal_ingresos_anuales_mensuales_proy_2
INFO 2025-04-30 23:56:04,290 transform Merged 11 columns from activagfinal_presupuesto_2_025
INFO 2025-04-30 23:56:04,290 transform Saved financial summary data from activagfinal_profit_loss
INFO 2025-04-30 23:56:04,290 transform Created combined dataframe with 52 clients and 21 columns
INFO 2025-04-30 23:56:04,290 views Getting combined data as dictionary
INFO 2025-04-30 23:56:04,295 views Successfully processed and combined data
INFO 2025-05-01 00:02:10,823 views Initializing S3 connector
INFO 2025-05-01 00:02:10,840 utils Initialized S3Connector for bucket: activa-datalake
INFO 2025-05-01 00:02:11,110 utils Found 6 objects with prefix: raw-data-activa/
INFO 2025-05-01 00:02:11,220 transform Successfully loaded and parsed: ActivaGFINAL - CLIENTES MARCAS.csv
INFO 2025-05-01 00:02:11,221 transform   Shape: (74, 4)
INFO 2025-05-01 00:02:11,221 transform   Columns: ['cliente_marca', 'tipo_cliente', 'cliente_desde', 'rubro_negocios']
INFO 2025-05-01 00:02:11,317 transform Successfully loaded and parsed: ActivaGFINAL - Clientes AG 2.csv
INFO 2025-05-01 00:02:11,317 transform   Shape: (46, 2)
INFO 2025-05-01 00:02:11,318 transform   Columns: ['cliente', 'industria']
WARNING 2025-05-01 00:02:11,433 transform Could not convert column facturado_2024 to numeric: The truth value of a Series is ambiguous. Use a.empty, a.bool(), a.item(), a.any() or a.all().
WARNING 2025-05-01 00:02:11,434 transform Could not convert column facturado_2024 to numeric: The truth value of a Series is ambiguous. Use a.empty, a.bool(), a.item(), a.any() or a.all().
WARNING 2025-05-01 00:02:11,436 transform Could not convert column facturado_2024 to numeric: The truth value of a Series is ambiguous. Use a.empty, a.bool(), a.item(), a.any() or a.all().
INFO 2025-05-01 00:02:11,448 transform Successfully loaded and parsed: ActivaGFINAL - Ingresos Anuales-Mensuales Proy 2.csv
INFO 2025-05-01 00:02:11,448 transform   Shape: (77, 12)
INFO 2025-05-01 00:02:11,448 transform   Columns: ['cliente', 'facturacion', 'presupuesto', 'facturado_2024', 'facturado_2024', 'facturado_2024', '1er_trimestre', '2do_cuatrimestre', '3er_cuatrimestre', '4to_cuatrimestre', 'facturacion_anual', 'facturacion_mensual']
WARNING 2025-05-01 00:02:11,562 transform Could not convert column facturado_2024 to numeric: The truth value of a Series is ambiguous. Use a.empty, a.bool(), a.item(), a.any() or a.all().
WARNING 2025-05-01 00:02:11,564 transform Could not convert column facturado_2024 to numeric: The truth value of a Series is ambiguous. Use a.empty, a.bool(), a.item(), a.any() or a.all().
WARNING 2025-05-01 00:02:11,565 transform Could not convert column facturado_2024 to numeric: The truth value of a Series is ambiguous. Use a.empty, a.bool(), a.item(), a.any() or a.all().
INFO 2025-05-01 00:02:11,576 transform Successfully loaded and parsed: ActivaGFINAL - Presupuesto 2,025.csv
INFO 2025-05-01 00:02:11,576 transform   Shape: (79, 12)
INFO 2025-05-01 00:02:11,576 transform   Columns: ['cliente', 'facturacion', 'presupuesto', 'facturado_2024', 'facturado_2024', 'facturado_2024', '1er_trimestre', '2do_cuatrimestre', '3er_cuatrimestre', '4to_cuatrimestre', 'facturacion_real', 'proyeccion']
INFO 2025-05-01 00:02:11,700 transform Successfully loaded and parsed: ActivaGFINAL - Profit & Loss.csv
INFO 2025-05-01 00:02:11,701 transform   Shape: (78, 15)
INFO 2025-05-01 00:02:11,701 transform   Columns: ['concepto', 'ENERO', 'FEBRERO', 'MARZO', 'ABRIL', 'MAYO', 'JUNIO', 'JULIO', 'AGOSTO', 'SEPTIEMBRE', 'OCTUBRE', 'NOVIEMBRE', 'DICIEMBRE', 'CONSOLIDADO', 'Unnamed: 14']
INFO 2025-05-01 00:02:11,701 transform Loaded 5 CSV files
INFO 2025-05-01 00:02:11,710 transform Added brand information to 4 clients
INFO 2025-05-01 00:02:11,714 transform Merged 11 columns from activagfinal_ingresos_anuales_mensuales_proy_2
INFO 2025-05-01 00:02:11,718 transform Merged 11 columns from activagfinal_presupuesto_2_025
INFO 2025-05-01 00:02:11,718 transform Saved financial summary data from activagfinal_profit_loss
INFO 2025-05-01 00:02:11,718 transform Created combined dataframe with 52 clients and 21 columns
INFO 2025-05-01 00:02:11,734 views Initializing S3 connector
INFO 2025-05-01 00:02:11,740 utils Initialized S3Connector for bucket: activa-datalake
INFO 2025-05-01 00:02:11,740 views Initializing custom data transformer
INFO 2025-05-01 00:02:11,741 views Loading and parsing CSV files from S3
INFO 2025-05-01 00:02:11,954 utils Found 6 objects with prefix: raw-data-activa/
INFO 2025-05-01 00:02:12,038 transform Successfully loaded and parsed: ActivaGFINAL - CLIENTES MARCAS.csv
INFO 2025-05-01 00:02:12,039 transform   Shape: (74, 4)
INFO 2025-05-01 00:02:12,039 transform   Columns: ['cliente_marca', 'tipo_cliente', 'cliente_desde', 'rubro_negocios']
INFO 2025-05-01 00:02:12,122 transform Successfully loaded and parsed: ActivaGFINAL - Clientes AG 2.csv
INFO 2025-05-01 00:02:12,123 transform   Shape: (46, 2)
INFO 2025-05-01 00:02:12,123 transform   Columns: ['cliente', 'industria']
WARNING 2025-05-01 00:02:12,217 transform Could not convert column facturado_2024 to numeric: The truth value of a Series is ambiguous. Use a.empty, a.bool(), a.item(), a.any() or a.all().
WARNING 2025-05-01 00:02:12,218 transform Could not convert column facturado_2024 to numeric: The truth value of a Series is ambiguous. Use a.empty, a.bool(), a.item(), a.any() or a.all().
WARNING 2025-05-01 00:02:12,219 transform Could not convert column facturado_2024 to numeric: The truth value of a Series is ambiguous. Use a.empty, a.bool(), a.item(), a.any() or a.all().
INFO 2025-05-01 00:02:12,231 transform Successfully loaded and parsed: ActivaGFINAL - Ingresos Anuales-Mensuales Proy 2.csv
INFO 2025-05-01 00:02:12,231 transform   Shape: (77, 12)
INFO 2025-05-01 00:02:12,231 transform   Columns: ['cliente', 'facturacion', 'presupuesto', 'facturado_2024', 'facturado_2024', 'facturado_2024', '1er_trimestre', '2do_cuatrimestre', '3er_cuatrimestre', '4to_cuatrimestre', 'facturacion_anual', 'facturacion_mensual']
WARNING 2025-05-01 00:02:12,321 transform Could not convert column facturado_2024 to numeric: The truth value of a Series is ambiguous. Use a.empty, a.bool(), a.item(), a.any() or a.all().
WARNING 2025-05-01 00:02:12,322 transform Could not convert column facturado_2024 to numeric: The truth value of a Series is ambiguous. Use a.empty, a.bool(), a.item(), a.any() or a.all().
WARNING 2025-05-01 00:02:12,323 transform Could not convert column facturado_2024 to numeric: The truth value of a Series is ambiguous. Use a.empty, a.bool(), a.item(), a.any() or a.all().
INFO 2025-05-01 00:02:12,335 transform Successfully loaded and parsed: ActivaGFINAL - Presupuesto 2,025.csv
INFO 2025-05-01 00:02:12,335 transform   Shape: (79, 12)
INFO 2025-05-01 00:02:12,335 transform   Columns: ['cliente', 'facturacion', 'presupuesto', 'facturado_2024', 'facturado_2024', 'facturado_2024', '1er_trimestre', '2do_cuatrimestre', '3er_cuatrimestre', '4to_cuatrimestre', 'facturacion_real', 'proyeccion']
INFO 2025-05-01 00:02:12,448 transform Successfully loaded and parsed: ActivaGFINAL - Profit & Loss.csv
INFO 2025-05-01 00:02:12,449 transform   Shape: (78, 15)
INFO 2025-05-01 00:02:12,449 transform   Columns: ['concepto', 'ENERO', 'FEBRERO', 'MARZO', 'ABRIL', 'MAYO', 'JUNIO', 'JULIO', 'AGOSTO', 'SEPTIEMBRE', 'OCTUBRE', 'NOVIEMBRE', 'DICIEMBRE', 'CONSOLIDADO', 'Unnamed: 14']
INFO 2025-05-01 00:02:12,449 transform Loaded 5 CSV files
INFO 2025-05-01 00:02:12,449 views Transforming and combining all data
INFO 2025-05-01 00:02:12,456 transform Added brand information to 4 clients
INFO 2025-05-01 00:02:12,458 transform Merged 11 columns from activagfinal_ingresos_anuales_mensuales_proy_2
INFO 2025-05-01 00:02:12,461 transform Merged 11 columns from activagfinal_presupuesto_2_025
INFO 2025-05-01 00:02:12,461 transform Saved financial summary data from activagfinal_profit_loss
INFO 2025-05-01 00:02:12,462 transform Created combined dataframe with 52 clients and 21 columns
INFO 2025-05-01 00:02:12,462 views Getting combined data as dictionary
INFO 2025-05-01 00:02:12,467 views Successfully processed and combined data
INFO 2025-05-01 00:05:18,907 views Initializing S3 connector
INFO 2025-05-01 00:05:18,918 utils Initialized S3Connector for bucket: activa-datalake
INFO 2025-05-01 00:05:19,262 utils Found 6 objects with prefix: raw-data-activa/
INFO 2025-05-01 00:05:19,403 transform Successfully loaded and parsed: ActivaGFINAL - CLIENTES MARCAS.csv
INFO 2025-05-01 00:05:19,403 transform   Shape: (74, 4)
INFO 2025-05-01 00:05:19,404 transform   Columns: ['cliente_marca', 'tipo_cliente', 'cliente_desde', 'rubro_negocios']
INFO 2025-05-01 00:05:19,488 transform Successfully loaded and parsed: ActivaGFINAL - Clientes AG 2.csv
INFO 2025-05-01 00:05:19,488 transform   Shape: (46, 2)
INFO 2025-05-01 00:05:19,488 transform   Columns: ['cliente', 'industria']
WARNING 2025-05-01 00:05:19,590 transform Could not convert column facturado_2024 to numeric: The truth value of a Series is ambiguous. Use a.empty, a.bool(), a.item(), a.any() or a.all().
WARNING 2025-05-01 00:05:19,591 transform Could not convert column facturado_2024 to numeric: The truth value of a Series is ambiguous. Use a.empty, a.bool(), a.item(), a.any() or a.all().
WARNING 2025-05-01 00:05:19,592 transform Could not convert column facturado_2024 to numeric: The truth value of a Series is ambiguous. Use a.empty, a.bool(), a.item(), a.any() or a.all().
INFO 2025-05-01 00:05:19,601 transform Successfully loaded and parsed: ActivaGFINAL - Ingresos Anuales-Mensuales Proy 2.csv
INFO 2025-05-01 00:05:19,601 transform   Shape: (77, 12)
INFO 2025-05-01 00:05:19,601 transform   Columns: ['cliente', 'facturacion', 'presupuesto', 'facturado_2024', 'facturado_2024', 'facturado_2024', '1er_trimestre', '2do_cuatrimestre', '3er_cuatrimestre', '4to_cuatrimestre', 'facturacion_anual', 'facturacion_mensual']
WARNING 2025-05-01 00:05:19,718 transform Could not convert column facturado_2024 to numeric: The truth value of a Series is ambiguous. Use a.empty, a.bool(), a.item(), a.any() or a.all().
WARNING 2025-05-01 00:05:19,719 transform Could not convert column facturado_2024 to numeric: The truth value of a Series is ambiguous. Use a.empty, a.bool(), a.item(), a.any() or a.all().
WARNING 2025-05-01 00:05:19,720 transform Could not convert column facturado_2024 to numeric: The truth value of a Series is ambiguous. Use a.empty, a.bool(), a.item(), a.any() or a.all().
INFO 2025-05-01 00:05:19,731 transform Successfully loaded and parsed: ActivaGFINAL - Presupuesto 2,025.csv
INFO 2025-05-01 00:05:19,731 transform   Shape: (79, 12)
INFO 2025-05-01 00:05:19,731 transform   Columns: ['cliente', 'facturacion', 'presupuesto', 'facturado_2024', 'facturado_2024', 'facturado_2024', '1er_trimestre', '2do_cuatrimestre', '3er_cuatrimestre', '4to_cuatrimestre', 'facturacion_real', 'proyeccion']
INFO 2025-05-01 00:05:19,855 transform Successfully loaded and parsed: ActivaGFINAL - Profit & Loss.csv
INFO 2025-05-01 00:05:19,855 transform   Shape: (78, 15)
INFO 2025-05-01 00:05:19,855 transform   Columns: ['concepto', 'ENERO', 'FEBRERO', 'MARZO', 'ABRIL', 'MAYO', 'JUNIO', 'JULIO', 'AGOSTO', 'SEPTIEMBRE', 'OCTUBRE', 'NOVIEMBRE', 'DICIEMBRE', 'CONSOLIDADO', 'Unnamed: 14']
INFO 2025-05-01 00:05:19,855 transform Loaded 5 CSV files
INFO 2025-05-01 00:05:19,864 transform Added brand information to 4 clients
INFO 2025-05-01 00:05:19,867 transform Merged 11 columns from activagfinal_ingresos_anuales_mensuales_proy_2
INFO 2025-05-01 00:05:19,870 transform Merged 11 columns from activagfinal_presupuesto_2_025
INFO 2025-05-01 00:05:19,870 transform Saved financial summary data from activagfinal_profit_loss
INFO 2025-05-01 00:05:19,871 transform Created combined dataframe with 52 clients and 21 columns
INFO 2025-05-01 00:05:20,002 views Initializing S3 connector
INFO 2025-05-01 00:05:20,004 utils Initialized S3Connector for bucket: activa-datalake
INFO 2025-05-01 00:05:20,004 views Initializing custom data transformer
INFO 2025-05-01 00:05:20,005 views Loading and parsing CSV files from S3
INFO 2025-05-01 00:05:20,227 utils Found 6 objects with prefix: raw-data-activa/
INFO 2025-05-01 00:05:20,306 transform Successfully loaded and parsed: ActivaGFINAL - CLIENTES MARCAS.csv
INFO 2025-05-01 00:05:20,306 transform   Shape: (74, 4)
INFO 2025-05-01 00:05:20,306 transform   Columns: ['cliente_marca', 'tipo_cliente', 'cliente_desde', 'rubro_negocios']
INFO 2025-05-01 00:05:20,387 transform Successfully loaded and parsed: ActivaGFINAL - Clientes AG 2.csv
INFO 2025-05-01 00:05:20,388 transform   Shape: (46, 2)
INFO 2025-05-01 00:05:20,388 transform   Columns: ['cliente', 'industria']
WARNING 2025-05-01 00:05:20,480 transform Could not convert column facturado_2024 to numeric: The truth value of a Series is ambiguous. Use a.empty, a.bool(), a.item(), a.any() or a.all().
WARNING 2025-05-01 00:05:20,481 transform Could not convert column facturado_2024 to numeric: The truth value of a Series is ambiguous. Use a.empty, a.bool(), a.item(), a.any() or a.all().
WARNING 2025-05-01 00:05:20,481 transform Could not convert column facturado_2024 to numeric: The truth value of a Series is ambiguous. Use a.empty, a.bool(), a.item(), a.any() or a.all().
INFO 2025-05-01 00:05:20,492 transform Successfully loaded and parsed: ActivaGFINAL - Ingresos Anuales-Mensuales Proy 2.csv
INFO 2025-05-01 00:05:20,492 transform   Shape: (77, 12)
INFO 2025-05-01 00:05:20,493 transform   Columns: ['cliente', 'facturacion', 'presupuesto', 'facturado_2024', 'facturado_2024', 'facturado_2024', '1er_trimestre', '2do_cuatrimestre', '3er_cuatrimestre', '4to_cuatrimestre', 'facturacion_anual', 'facturacion_mensual']
WARNING 2025-05-01 00:05:20,579 transform Could not convert column facturado_2024 to numeric: The truth value of a Series is ambiguous. Use a.empty, a.bool(), a.item(), a.any() or a.all().
WARNING 2025-05-01 00:05:20,580 transform Could not convert column facturado_2024 to numeric: The truth value of a Series is ambiguous. Use a.empty, a.bool(), a.item(), a.any() or a.all().
WARNING 2025-05-01 00:05:20,580 transform Could not convert column facturado_2024 to numeric: The truth value of a Series is ambiguous. Use a.empty, a.bool(), a.item(), a.any() or a.all().
INFO 2025-05-01 00:05:20,592 transform Successfully loaded and parsed: ActivaGFINAL - Presupuesto 2,025.csv
INFO 2025-05-01 00:05:20,592 transform   Shape: (79, 12)
INFO 2025-05-01 00:05:20,592 transform   Columns: ['cliente', 'facturacion', 'presupuesto', 'facturado_2024', 'facturado_2024', 'facturado_2024', '1er_trimestre', '2do_cuatrimestre', '3er_cuatrimestre', '4to_cuatrimestre', 'facturacion_real', 'proyeccion']
INFO 2025-05-01 00:05:20,689 transform Successfully loaded and parsed: ActivaGFINAL - Profit & Loss.csv
INFO 2025-05-01 00:05:20,689 transform   Shape: (78, 15)
INFO 2025-05-01 00:05:20,689 transform   Columns: ['concepto', 'ENERO', 'FEBRERO', 'MARZO', 'ABRIL', 'MAYO', 'JUNIO', 'JULIO', 'AGOSTO', 'SEPTIEMBRE', 'OCTUBRE', 'NOVIEMBRE', 'DICIEMBRE', 'CONSOLIDADO', 'Unnamed: 14']
INFO 2025-05-01 00:05:20,689 transform Loaded 5 CSV files
INFO 2025-05-01 00:05:20,689 views Transforming and combining all data
INFO 2025-05-01 00:05:20,692 transform Added brand information to 4 clients
INFO 2025-05-01 00:05:20,694 transform Merged 11 columns from activagfinal_ingresos_anuales_mensuales_proy_2
INFO 2025-05-01 00:05:20,695 transform Merged 11 columns from activagfinal_presupuesto_2_025
INFO 2025-05-01 00:05:20,695 transform Saved financial summary data from activagfinal_profit_loss
INFO 2025-05-01 00:05:20,696 transform Created combined dataframe with 52 clients and 21 columns
INFO 2025-05-01 00:05:20,696 views Getting combined data as dictionary
INFO 2025-05-01 00:05:20,698 views Successfully processed and combined data
INFO 2025-05-01 01:03:39,105 views Initializing S3 connector
INFO 2025-05-01 01:03:39,142 utils Initialized S3Connector for bucket: activa-datalake
INFO 2025-05-01 01:03:40,179 utils Found 6 objects with prefix: raw-data-activa/
INFO 2025-05-01 01:03:40,746 transform Successfully loaded and parsed: ActivaGFINAL - CLIENTES MARCAS.csv
INFO 2025-05-01 01:03:40,746 transform   Shape: (74, 4)
INFO 2025-05-01 01:03:40,747 transform   Columns: ['cliente_marca', 'tipo_cliente', 'cliente_desde', 'rubro_negocios']
INFO 2025-05-01 01:03:41,100 transform Successfully loaded and parsed: ActivaGFINAL - Clientes AG 2.csv
INFO 2025-05-01 01:03:41,101 transform   Shape: (46, 2)
INFO 2025-05-01 01:03:41,101 transform   Columns: ['cliente', 'industria']
WARNING 2025-05-01 01:03:41,297 transform Could not convert column facturado_2024 to numeric: The truth value of a Series is ambiguous. Use a.empty, a.bool(), a.item(), a.any() or a.all().
WARNING 2025-05-01 01:03:41,298 transform Could not convert column facturado_2024 to numeric: The truth value of a Series is ambiguous. Use a.empty, a.bool(), a.item(), a.any() or a.all().
WARNING 2025-05-01 01:03:41,298 transform Could not convert column facturado_2024 to numeric: The truth value of a Series is ambiguous. Use a.empty, a.bool(), a.item(), a.any() or a.all().
INFO 2025-05-01 01:03:41,305 transform Successfully loaded and parsed: ActivaGFINAL - Ingresos Anuales-Mensuales Proy 2.csv
INFO 2025-05-01 01:03:41,305 transform   Shape: (77, 12)
INFO 2025-05-01 01:03:41,305 transform   Columns: ['cliente', 'facturacion', 'presupuesto', 'facturado_2024', 'facturado_2024', 'facturado_2024', '1er_trimestre', '2do_cuatrimestre', '3er_cuatrimestre', '4to_cuatrimestre', 'facturacion_anual', 'facturacion_mensual']
WARNING 2025-05-01 01:03:41,721 transform Could not convert column facturado_2024 to numeric: The truth value of a Series is ambiguous. Use a.empty, a.bool(), a.item(), a.any() or a.all().
WARNING 2025-05-01 01:03:41,722 transform Could not convert column facturado_2024 to numeric: The truth value of a Series is ambiguous. Use a.empty, a.bool(), a.item(), a.any() or a.all().
WARNING 2025-05-01 01:03:41,723 transform Could not convert column facturado_2024 to numeric: The truth value of a Series is ambiguous. Use a.empty, a.bool(), a.item(), a.any() or a.all().
INFO 2025-05-01 01:03:41,734 transform Successfully loaded and parsed: ActivaGFINAL - Presupuesto 2,025.csv
INFO 2025-05-01 01:03:41,734 transform   Shape: (79, 12)
INFO 2025-05-01 01:03:41,734 transform   Columns: ['cliente', 'facturacion', 'presupuesto', 'facturado_2024', 'facturado_2024', 'facturado_2024', '1er_trimestre', '2do_cuatrimestre', '3er_cuatrimestre', '4to_cuatrimestre', 'facturacion_real', 'proyeccion']
INFO 2025-05-01 01:03:41,946 transform Successfully loaded and parsed: ActivaGFINAL - Profit & Loss.csv
INFO 2025-05-01 01:03:41,946 transform   Shape: (78, 15)
INFO 2025-05-01 01:03:41,946 transform   Columns: ['concepto', 'ENERO', 'FEBRERO', 'MARZO', 'ABRIL', 'MAYO', 'JUNIO', 'JULIO', 'AGOSTO', 'SEPTIEMBRE', 'OCTUBRE', 'NOVIEMBRE', 'DICIEMBRE', 'CONSOLIDADO', 'Unnamed: 14']
INFO 2025-05-01 01:03:41,946 transform Loaded 5 CSV files
INFO 2025-05-01 01:03:41,960 transform Added brand information to 4 clients
INFO 2025-05-01 01:03:41,964 transform Merged 11 columns from activagfinal_ingresos_anuales_mensuales_proy_2
INFO 2025-05-01 01:03:41,966 transform Merged 11 columns from activagfinal_presupuesto_2_025
INFO 2025-05-01 01:03:41,966 transform Saved financial summary data from activagfinal_profit_loss
INFO 2025-05-01 01:03:41,966 transform Created combined dataframe with 52 clients and 21 columns
INFO 2025-05-01 01:03:41,978 views Initializing S3 connector
INFO 2025-05-01 01:03:41,982 utils Initialized S3Connector for bucket: activa-datalake
INFO 2025-05-01 01:03:41,982 views Initializing custom data transformer
INFO 2025-05-01 01:03:41,982 views Loading and parsing CSV files from S3
INFO 2025-05-01 01:03:42,566 utils Found 6 objects with prefix: raw-data-activa/
INFO 2025-05-01 01:03:42,795 transform Successfully loaded and parsed: ActivaGFINAL - CLIENTES MARCAS.csv
INFO 2025-05-01 01:03:42,795 transform   Shape: (74, 4)
INFO 2025-05-01 01:03:42,795 transform   Columns: ['cliente_marca', 'tipo_cliente', 'cliente_desde', 'rubro_negocios']
INFO 2025-05-01 01:03:42,890 transform Successfully loaded and parsed: ActivaGFINAL - Clientes AG 2.csv
INFO 2025-05-01 01:03:42,891 transform   Shape: (46, 2)
INFO 2025-05-01 01:03:42,892 transform   Columns: ['cliente', 'industria']
WARNING 2025-05-01 01:03:42,992 transform Could not convert column facturado_2024 to numeric: The truth value of a Series is ambiguous. Use a.empty, a.bool(), a.item(), a.any() or a.all().
WARNING 2025-05-01 01:03:42,992 transform Could not convert column facturado_2024 to numeric: The truth value of a Series is ambiguous. Use a.empty, a.bool(), a.item(), a.any() or a.all().
WARNING 2025-05-01 01:03:42,992 transform Could not convert column facturado_2024 to numeric: The truth value of a Series is ambiguous. Use a.empty, a.bool(), a.item(), a.any() or a.all().
INFO 2025-05-01 01:03:42,999 transform Successfully loaded and parsed: ActivaGFINAL - Ingresos Anuales-Mensuales Proy 2.csv
INFO 2025-05-01 01:03:42,999 transform   Shape: (77, 12)
INFO 2025-05-01 01:03:42,999 transform   Columns: ['cliente', 'facturacion', 'presupuesto', 'facturado_2024', 'facturado_2024', 'facturado_2024', '1er_trimestre', '2do_cuatrimestre', '3er_cuatrimestre', '4to_cuatrimestre', 'facturacion_anual', 'facturacion_mensual']
WARNING 2025-05-01 01:03:43,085 transform Could not convert column facturado_2024 to numeric: The truth value of a Series is ambiguous. Use a.empty, a.bool(), a.item(), a.any() or a.all().
WARNING 2025-05-01 01:03:43,086 transform Could not convert column facturado_2024 to numeric: The truth value of a Series is ambiguous. Use a.empty, a.bool(), a.item(), a.any() or a.all().
WARNING 2025-05-01 01:03:43,087 transform Could not convert column facturado_2024 to numeric: The truth value of a Series is ambiguous. Use a.empty, a.bool(), a.item(), a.any() or a.all().
INFO 2025-05-01 01:03:43,093 transform Successfully loaded and parsed: ActivaGFINAL - Presupuesto 2,025.csv
INFO 2025-05-01 01:03:43,093 transform   Shape: (79, 12)
INFO 2025-05-01 01:03:43,093 transform   Columns: ['cliente', 'facturacion', 'presupuesto', 'facturado_2024', 'facturado_2024', 'facturado_2024', '1er_trimestre', '2do_cuatrimestre', '3er_cuatrimestre', '4to_cuatrimestre', 'facturacion_real', 'proyeccion']
INFO 2025-05-01 01:03:43,286 transform Successfully loaded and parsed: ActivaGFINAL - Profit & Loss.csv
INFO 2025-05-01 01:03:43,287 transform   Shape: (78, 15)
INFO 2025-05-01 01:03:43,287 transform   Columns: ['concepto', 'ENERO', 'FEBRERO', 'MARZO', 'ABRIL', 'MAYO', 'JUNIO', 'JULIO', 'AGOSTO', 'SEPTIEMBRE', 'OCTUBRE', 'NOVIEMBRE', 'DICIEMBRE', 'CONSOLIDADO', 'Unnamed: 14']
INFO 2025-05-01 01:03:43,287 transform Loaded 5 CSV files
INFO 2025-05-01 01:03:43,287 views Transforming and combining all data
INFO 2025-05-01 01:03:43,292 transform Added brand information to 4 clients
INFO 2025-05-01 01:03:43,294 transform Merged 11 columns from activagfinal_ingresos_anuales_mensuales_proy_2
INFO 2025-05-01 01:03:43,297 transform Merged 11 columns from activagfinal_presupuesto_2_025
INFO 2025-05-01 01:03:43,297 transform Saved financial summary data from activagfinal_profit_loss
INFO 2025-05-01 01:03:43,298 transform Created combined dataframe with 52 clients and 21 columns
INFO 2025-05-01 01:03:43,298 views Getting combined data as dictionary
INFO 2025-05-01 01:03:43,303 views Successfully processed and combined data
INFO 2025-05-01 01:24:24,039 views Initializing S3 connector
INFO 2025-05-01 01:24:24,048 utils Initialized S3Connector for bucket: activa-datalake
INFO 2025-05-01 01:24:24,379 utils Found 6 objects with prefix: raw-data-activa/
INFO 2025-05-01 01:24:24,478 transform Successfully loaded and parsed: ActivaGFINAL - CLIENTES MARCAS.csv
INFO 2025-05-01 01:24:24,478 transform   Shape: (74, 4)
INFO 2025-05-01 01:24:24,478 transform   Columns: ['cliente_marca', 'tipo_cliente', 'cliente_desde', 'rubro_negocios']
INFO 2025-05-01 01:24:24,569 transform Successfully loaded and parsed: ActivaGFINAL - Clientes AG 2.csv
INFO 2025-05-01 01:24:24,569 transform   Shape: (46, 2)
INFO 2025-05-01 01:24:24,569 transform   Columns: ['cliente', 'industria']
WARNING 2025-05-01 01:24:24,661 transform Could not convert column facturado_2024 to numeric: The truth value of a Series is ambiguous. Use a.empty, a.bool(), a.item(), a.any() or a.all().
WARNING 2025-05-01 01:24:24,662 transform Could not convert column facturado_2024 to numeric: The truth value of a Series is ambiguous. Use a.empty, a.bool(), a.item(), a.any() or a.all().
WARNING 2025-05-01 01:24:24,662 transform Could not convert column facturado_2024 to numeric: The truth value of a Series is ambiguous. Use a.empty, a.bool(), a.item(), a.any() or a.all().
INFO 2025-05-01 01:24:24,669 transform Successfully loaded and parsed: ActivaGFINAL - Ingresos Anuales-Mensuales Proy 2.csv
INFO 2025-05-01 01:24:24,669 transform   Shape: (77, 12)
INFO 2025-05-01 01:24:24,669 transform   Columns: ['cliente', 'facturacion', 'presupuesto', 'facturado_2024', 'facturado_2024', 'facturado_2024', '1er_trimestre', '2do_cuatrimestre', '3er_cuatrimestre', '4to_cuatrimestre', 'facturacion_anual', 'facturacion_mensual']
WARNING 2025-05-01 01:24:24,786 transform Could not convert column facturado_2024 to numeric: The truth value of a Series is ambiguous. Use a.empty, a.bool(), a.item(), a.any() or a.all().
WARNING 2025-05-01 01:24:24,787 transform Could not convert column facturado_2024 to numeric: The truth value of a Series is ambiguous. Use a.empty, a.bool(), a.item(), a.any() or a.all().
WARNING 2025-05-01 01:24:24,788 transform Could not convert column facturado_2024 to numeric: The truth value of a Series is ambiguous. Use a.empty, a.bool(), a.item(), a.any() or a.all().
INFO 2025-05-01 01:24:24,801 transform Successfully loaded and parsed: ActivaGFINAL - Presupuesto 2,025.csv
INFO 2025-05-01 01:24:24,801 transform   Shape: (79, 12)
INFO 2025-05-01 01:24:24,801 transform   Columns: ['cliente', 'facturacion', 'presupuesto', 'facturado_2024', 'facturado_2024', 'facturado_2024', '1er_trimestre', '2do_cuatrimestre', '3er_cuatrimestre', '4to_cuatrimestre', 'facturacion_real', 'proyeccion']
INFO 2025-05-01 01:24:24,913 transform Successfully loaded and parsed: ActivaGFINAL - Profit & Loss.csv
INFO 2025-05-01 01:24:24,913 transform   Shape: (78, 15)
INFO 2025-05-01 01:24:24,913 transform   Columns: ['concepto', 'ENERO', 'FEBRERO', 'MARZO', 'ABRIL', 'MAYO', 'JUNIO', 'JULIO', 'AGOSTO', 'SEPTIEMBRE', 'OCTUBRE', 'NOVIEMBRE', 'DICIEMBRE', 'CONSOLIDADO', 'Unnamed: 14']
INFO 2025-05-01 01:24:24,913 transform Loaded 5 CSV files
INFO 2025-05-01 01:24:24,923 transform Added brand information to 4 clients
INFO 2025-05-01 01:24:24,927 transform Merged 11 columns from activagfinal_ingresos_anuales_mensuales_proy_2
INFO 2025-05-01 01:24:24,931 transform Merged 11 columns from activagfinal_presupuesto_2_025
INFO 2025-05-01 01:24:24,931 transform Saved financial summary data from activagfinal_profit_loss
INFO 2025-05-01 01:24:24,931 transform Created combined dataframe with 52 clients and 21 columns
INFO 2025-05-01 01:24:24,945 views Initializing S3 connector
INFO 2025-05-01 01:24:24,950 utils Initialized S3Connector for bucket: activa-datalake
INFO 2025-05-01 01:24:24,950 views Initializing custom data transformer
INFO 2025-05-01 01:24:24,950 views Loading and parsing CSV files from S3
INFO 2025-05-01 01:24:25,202 utils Found 6 objects with prefix: raw-data-activa/
INFO 2025-05-01 01:24:25,298 transform Successfully loaded and parsed: ActivaGFINAL - CLIENTES MARCAS.csv
INFO 2025-05-01 01:24:25,298 transform   Shape: (74, 4)
INFO 2025-05-01 01:24:25,298 transform   Columns: ['cliente_marca', 'tipo_cliente', 'cliente_desde', 'rubro_negocios']
INFO 2025-05-01 01:24:25,386 transform Successfully loaded and parsed: ActivaGFINAL - Clientes AG 2.csv
INFO 2025-05-01 01:24:25,386 transform   Shape: (46, 2)
INFO 2025-05-01 01:24:25,387 transform   Columns: ['cliente', 'industria']
WARNING 2025-05-01 01:24:25,488 transform Could not convert column facturado_2024 to numeric: The truth value of a Series is ambiguous. Use a.empty, a.bool(), a.item(), a.any() or a.all().
WARNING 2025-05-01 01:24:25,489 transform Could not convert column facturado_2024 to numeric: The truth value of a Series is ambiguous. Use a.empty, a.bool(), a.item(), a.any() or a.all().
WARNING 2025-05-01 01:24:25,489 transform Could not convert column facturado_2024 to numeric: The truth value of a Series is ambiguous. Use a.empty, a.bool(), a.item(), a.any() or a.all().
INFO 2025-05-01 01:24:25,500 transform Successfully loaded and parsed: ActivaGFINAL - Ingresos Anuales-Mensuales Proy 2.csv
INFO 2025-05-01 01:24:25,500 transform   Shape: (77, 12)
INFO 2025-05-01 01:24:25,500 transform   Columns: ['cliente', 'facturacion', 'presupuesto', 'facturado_2024', 'facturado_2024', 'facturado_2024', '1er_trimestre', '2do_cuatrimestre', '3er_cuatrimestre', '4to_cuatrimestre', 'facturacion_anual', 'facturacion_mensual']
WARNING 2025-05-01 01:24:25,593 transform Could not convert column facturado_2024 to numeric: The truth value of a Series is ambiguous. Use a.empty, a.bool(), a.item(), a.any() or a.all().
WARNING 2025-05-01 01:24:25,594 transform Could not convert column facturado_2024 to numeric: The truth value of a Series is ambiguous. Use a.empty, a.bool(), a.item(), a.any() or a.all().
WARNING 2025-05-01 01:24:25,595 transform Could not convert column facturado_2024 to numeric: The truth value of a Series is ambiguous. Use a.empty, a.bool(), a.item(), a.any() or a.all().
INFO 2025-05-01 01:24:25,606 transform Successfully loaded and parsed: ActivaGFINAL - Presupuesto 2,025.csv
INFO 2025-05-01 01:24:25,607 transform   Shape: (79, 12)
INFO 2025-05-01 01:24:25,607 transform   Columns: ['cliente', 'facturacion', 'presupuesto', 'facturado_2024', 'facturado_2024', 'facturado_2024', '1er_trimestre', '2do_cuatrimestre', '3er_cuatrimestre', '4to_cuatrimestre', 'facturacion_real', 'proyeccion']
INFO 2025-05-01 01:24:25,702 transform Successfully loaded and parsed: ActivaGFINAL - Profit & Loss.csv
INFO 2025-05-01 01:24:25,702 transform   Shape: (78, 15)
INFO 2025-05-01 01:24:25,702 transform   Columns: ['concepto', 'ENERO', 'FEBRERO', 'MARZO', 'ABRIL', 'MAYO', 'JUNIO', 'JULIO', 'AGOSTO', 'SEPTIEMBRE', 'OCTUBRE', 'NOVIEMBRE', 'DICIEMBRE', 'CONSOLIDADO', 'Unnamed: 14']
INFO 2025-05-01 01:24:25,703 transform Loaded 5 CSV files
INFO 2025-05-01 01:24:25,703 views Transforming and combining all data
INFO 2025-05-01 01:24:25,708 transform Added brand information to 4 clients
INFO 2025-05-01 01:24:25,710 transform Merged 11 columns from activagfinal_ingresos_anuales_mensuales_proy_2
INFO 2025-05-01 01:24:25,713 transform Merged 11 columns from activagfinal_presupuesto_2_025
INFO 2025-05-01 01:24:25,713 transform Saved financial summary data from activagfinal_profit_loss
INFO 2025-05-01 01:24:25,713 transform Created combined dataframe with 52 clients and 21 columns
INFO 2025-05-01 01:24:25,713 views Getting combined data as dictionary
INFO 2025-05-01 01:24:25,718 views Successfully processed and combined data
INFO 2025-05-01 01:48:57,346 views Initializing S3 connector
INFO 2025-05-01 01:48:57,358 utils Initialized S3Connector for bucket: activa-datalake
INFO 2025-05-01 01:48:57,925 utils Found 6 objects with prefix: raw-data-activa/
INFO 2025-05-01 01:48:58,022 transform Successfully loaded and parsed: ActivaGFINAL - CLIENTES MARCAS.csv
INFO 2025-05-01 01:48:58,023 transform   Shape: (74, 4)
INFO 2025-05-01 01:48:58,023 transform   Columns: ['cliente_marca', 'tipo_cliente', 'cliente_desde', 'rubro_negocios']
INFO 2025-05-01 01:48:58,109 transform Successfully loaded and parsed: ActivaGFINAL - Clientes AG 2.csv
INFO 2025-05-01 01:48:58,109 transform   Shape: (46, 2)
INFO 2025-05-01 01:48:58,109 transform   Columns: ['cliente', 'industria']
WARNING 2025-05-01 01:48:58,243 transform Could not convert column facturado_2024 to numeric: The truth value of a Series is ambiguous. Use a.empty, a.bool(), a.item(), a.any() or a.all().
WARNING 2025-05-01 01:48:58,245 transform Could not convert column facturado_2024 to numeric: The truth value of a Series is ambiguous. Use a.empty, a.bool(), a.item(), a.any() or a.all().
WARNING 2025-05-01 01:48:58,246 transform Could not convert column facturado_2024 to numeric: The truth value of a Series is ambiguous. Use a.empty, a.bool(), a.item(), a.any() or a.all().
INFO 2025-05-01 01:48:58,257 transform Successfully loaded and parsed: ActivaGFINAL - Ingresos Anuales-Mensuales Proy 2.csv
INFO 2025-05-01 01:48:58,258 transform   Shape: (77, 12)
INFO 2025-05-01 01:48:58,258 transform   Columns: ['cliente', 'facturacion', 'presupuesto', 'facturado_2024', 'facturado_2024', 'facturado_2024', '1er_trimestre', '2do_cuatrimestre', '3er_cuatrimestre', '4to_cuatrimestre', 'facturacion_anual', 'facturacion_mensual']
WARNING 2025-05-01 01:48:58,370 transform Could not convert column facturado_2024 to numeric: The truth value of a Series is ambiguous. Use a.empty, a.bool(), a.item(), a.any() or a.all().
WARNING 2025-05-01 01:48:58,372 transform Could not convert column facturado_2024 to numeric: The truth value of a Series is ambiguous. Use a.empty, a.bool(), a.item(), a.any() or a.all().
WARNING 2025-05-01 01:48:58,373 transform Could not convert column facturado_2024 to numeric: The truth value of a Series is ambiguous. Use a.empty, a.bool(), a.item(), a.any() or a.all().
INFO 2025-05-01 01:48:58,382 transform Successfully loaded and parsed: ActivaGFINAL - Presupuesto 2,025.csv
INFO 2025-05-01 01:48:58,383 transform   Shape: (79, 12)
INFO 2025-05-01 01:48:58,383 transform   Columns: ['cliente', 'facturacion', 'presupuesto', 'facturado_2024', 'facturado_2024', 'facturado_2024', '1er_trimestre', '2do_cuatrimestre', '3er_cuatrimestre', '4to_cuatrimestre', 'facturacion_real', 'proyeccion']
INFO 2025-05-01 01:48:58,478 transform Successfully loaded and parsed: ActivaGFINAL - Profit & Loss.csv
INFO 2025-05-01 01:48:58,478 transform   Shape: (78, 15)
INFO 2025-05-01 01:48:58,478 transform   Columns: ['concepto', 'ENERO', 'FEBRERO', 'MARZO', 'ABRIL', 'MAYO', 'JUNIO', 'JULIO', 'AGOSTO', 'SEPTIEMBRE', 'OCTUBRE', 'NOVIEMBRE', 'DICIEMBRE', 'CONSOLIDADO', 'Unnamed: 14']
INFO 2025-05-01 01:48:58,478 transform Loaded 5 CSV files
INFO 2025-05-01 01:48:58,485 transform Added brand information to 4 clients
INFO 2025-05-01 01:48:58,487 transform Merged 11 columns from activagfinal_ingresos_anuales_mensuales_proy_2
INFO 2025-05-01 01:48:58,490 transform Merged 11 columns from activagfinal_presupuesto_2_025
INFO 2025-05-01 01:48:58,490 transform Saved financial summary data from activagfinal_profit_loss
INFO 2025-05-01 01:48:58,490 transform Created combined dataframe with 52 clients and 21 columns
INFO 2025-05-01 01:48:58,501 views Initializing S3 connector
INFO 2025-05-01 01:48:58,505 utils Initialized S3Connector for bucket: activa-datalake
INFO 2025-05-01 01:48:58,505 views Initializing custom data transformer
INFO 2025-05-01 01:48:58,505 views Loading and parsing CSV files from S3
INFO 2025-05-01 01:48:58,765 utils Found 6 objects with prefix: raw-data-activa/
INFO 2025-05-01 01:48:58,887 transform Successfully loaded and parsed: ActivaGFINAL - CLIENTES MARCAS.csv
INFO 2025-05-01 01:48:58,887 transform   Shape: (74, 4)
INFO 2025-05-01 01:48:58,888 transform   Columns: ['cliente_marca', 'tipo_cliente', 'cliente_desde', 'rubro_negocios']
INFO 2025-05-01 01:48:58,974 transform Successfully loaded and parsed: ActivaGFINAL - Clientes AG 2.csv
INFO 2025-05-01 01:48:58,974 transform   Shape: (46, 2)
INFO 2025-05-01 01:48:58,974 transform   Columns: ['cliente', 'industria']
WARNING 2025-05-01 01:48:59,067 transform Could not convert column facturado_2024 to numeric: The truth value of a Series is ambiguous. Use a.empty, a.bool(), a.item(), a.any() or a.all().
WARNING 2025-05-01 01:48:59,069 transform Could not convert column facturado_2024 to numeric: The truth value of a Series is ambiguous. Use a.empty, a.bool(), a.item(), a.any() or a.all().
WARNING 2025-05-01 01:48:59,070 transform Could not convert column facturado_2024 to numeric: The truth value of a Series is ambiguous. Use a.empty, a.bool(), a.item(), a.any() or a.all().
INFO 2025-05-01 01:48:59,083 transform Successfully loaded and parsed: ActivaGFINAL - Ingresos Anuales-Mensuales Proy 2.csv
INFO 2025-05-01 01:48:59,083 transform   Shape: (77, 12)
INFO 2025-05-01 01:48:59,083 transform   Columns: ['cliente', 'facturacion', 'presupuesto', 'facturado_2024', 'facturado_2024', 'facturado_2024', '1er_trimestre', '2do_cuatrimestre', '3er_cuatrimestre', '4to_cuatrimestre', 'facturacion_anual', 'facturacion_mensual']
WARNING 2025-05-01 01:48:59,177 transform Could not convert column facturado_2024 to numeric: The truth value of a Series is ambiguous. Use a.empty, a.bool(), a.item(), a.any() or a.all().
WARNING 2025-05-01 01:48:59,178 transform Could not convert column facturado_2024 to numeric: The truth value of a Series is ambiguous. Use a.empty, a.bool(), a.item(), a.any() or a.all().
WARNING 2025-05-01 01:48:59,179 transform Could not convert column facturado_2024 to numeric: The truth value of a Series is ambiguous. Use a.empty, a.bool(), a.item(), a.any() or a.all().
INFO 2025-05-01 01:48:59,190 transform Successfully loaded and parsed: ActivaGFINAL - Presupuesto 2,025.csv
INFO 2025-05-01 01:48:59,190 transform   Shape: (79, 12)
INFO 2025-05-01 01:48:59,190 transform   Columns: ['cliente', 'facturacion', 'presupuesto', 'facturado_2024', 'facturado_2024', 'facturado_2024', '1er_trimestre', '2do_cuatrimestre', '3er_cuatrimestre', '4to_cuatrimestre', 'facturacion_real', 'proyeccion']
INFO 2025-05-01 01:48:59,301 transform Successfully loaded and parsed: ActivaGFINAL - Profit & Loss.csv
INFO 2025-05-01 01:48:59,301 transform   Shape: (78, 15)
INFO 2025-05-01 01:48:59,301 transform   Columns: ['concepto', 'ENERO', 'FEBRERO', 'MARZO', 'ABRIL', 'MAYO', 'JUNIO', 'JULIO', 'AGOSTO', 'SEPTIEMBRE', 'OCTUBRE', 'NOVIEMBRE', 'DICIEMBRE', 'CONSOLIDADO', 'Unnamed: 14']
INFO 2025-05-01 01:48:59,301 transform Loaded 5 CSV files
INFO 2025-05-01 01:48:59,301 views Transforming and combining all data
INFO 2025-05-01 01:48:59,308 transform Added brand information to 4 clients
INFO 2025-05-01 01:48:59,311 transform Merged 11 columns from activagfinal_ingresos_anuales_mensuales_proy_2
INFO 2025-05-01 01:48:59,314 transform Merged 11 columns from activagfinal_presupuesto_2_025
INFO 2025-05-01 01:48:59,314 transform Saved financial summary data from activagfinal_profit_loss
INFO 2025-05-01 01:48:59,315 transform Created combined dataframe with 52 clients and 21 columns
INFO 2025-05-01 01:48:59,315 views Getting combined data as dictionary
INFO 2025-05-01 01:48:59,320 views Successfully processed and combined data
INFO 2025-05-01 02:20:57,144 views Initializing S3 connector
INFO 2025-05-01 02:20:57,160 utils Initialized S3Connector for bucket: activa-datalake
INFO 2025-05-01 02:20:57,965 utils Found 6 objects with prefix: raw-data-activa/
INFO 2025-05-01 02:20:58,126 transform Successfully loaded and parsed: ActivaGFINAL - CLIENTES MARCAS.csv
INFO 2025-05-01 02:20:58,126 transform   Shape: (74, 4)
INFO 2025-05-01 02:20:58,127 transform   Columns: ['cliente_marca', 'tipo_cliente', 'cliente_desde', 'rubro_negocios']
INFO 2025-05-01 02:20:58,288 transform Successfully loaded and parsed: ActivaGFINAL - Clientes AG 2.csv
INFO 2025-05-01 02:20:58,289 transform   Shape: (46, 2)
INFO 2025-05-01 02:20:58,289 transform   Columns: ['cliente', 'industria']
WARNING 2025-05-01 02:20:58,484 transform Could not convert column facturado_2024 to numeric: The truth value of a Series is ambiguous. Use a.empty, a.bool(), a.item(), a.any() or a.all().
WARNING 2025-05-01 02:20:58,485 transform Could not convert column facturado_2024 to numeric: The truth value of a Series is ambiguous. Use a.empty, a.bool(), a.item(), a.any() or a.all().
WARNING 2025-05-01 02:20:58,485 transform Could not convert column facturado_2024 to numeric: The truth value of a Series is ambiguous. Use a.empty, a.bool(), a.item(), a.any() or a.all().
INFO 2025-05-01 02:20:58,495 transform Successfully loaded and parsed: ActivaGFINAL - Ingresos Anuales-Mensuales Proy 2.csv
INFO 2025-05-01 02:20:58,495 transform   Shape: (77, 12)
INFO 2025-05-01 02:20:58,495 transform   Columns: ['cliente', 'facturacion', 'presupuesto', 'facturado_2024', 'facturado_2024', 'facturado_2024', '1er_trimestre', '2do_cuatrimestre', '3er_cuatrimestre', '4to_cuatrimestre', 'facturacion_anual', 'facturacion_mensual']
WARNING 2025-05-01 02:20:58,829 transform Could not convert column facturado_2024 to numeric: The truth value of a Series is ambiguous. Use a.empty, a.bool(), a.item(), a.any() or a.all().
WARNING 2025-05-01 02:20:58,831 transform Could not convert column facturado_2024 to numeric: The truth value of a Series is ambiguous. Use a.empty, a.bool(), a.item(), a.any() or a.all().
WARNING 2025-05-01 02:20:58,832 transform Could not convert column facturado_2024 to numeric: The truth value of a Series is ambiguous. Use a.empty, a.bool(), a.item(), a.any() or a.all().
INFO 2025-05-01 02:20:58,842 transform Successfully loaded and parsed: ActivaGFINAL - Presupuesto 2,025.csv
INFO 2025-05-01 02:20:58,843 transform   Shape: (79, 12)
INFO 2025-05-01 02:20:58,843 transform   Columns: ['cliente', 'facturacion', 'presupuesto', 'facturado_2024', 'facturado_2024', 'facturado_2024', '1er_trimestre', '2do_cuatrimestre', '3er_cuatrimestre', '4to_cuatrimestre', 'facturacion_real', 'proyeccion']
INFO 2025-05-01 02:20:59,179 transform Successfully loaded and parsed: ActivaGFINAL - Profit & Loss.csv
INFO 2025-05-01 02:20:59,180 transform   Shape: (78, 15)
INFO 2025-05-01 02:20:59,180 transform   Columns: ['concepto', 'ENERO', 'FEBRERO', 'MARZO', 'ABRIL', 'MAYO', 'JUNIO', 'JULIO', 'AGOSTO', 'SEPTIEMBRE', 'OCTUBRE', 'NOVIEMBRE', 'DICIEMBRE', 'CONSOLIDADO', 'Unnamed: 14']
INFO 2025-05-01 02:20:59,180 transform Loaded 5 CSV files
INFO 2025-05-01 02:20:59,192 transform Added brand information to 4 clients
INFO 2025-05-01 02:20:59,196 transform Merged 11 columns from activagfinal_ingresos_anuales_mensuales_proy_2
INFO 2025-05-01 02:20:59,199 transform Merged 11 columns from activagfinal_presupuesto_2_025
INFO 2025-05-01 02:20:59,199 transform Saved financial summary data from activagfinal_profit_loss
INFO 2025-05-01 02:20:59,199 transform Created combined dataframe with 52 clients and 21 columns
INFO 2025-05-01 02:20:59,211 views Initializing S3 connector
INFO 2025-05-01 02:20:59,215 utils Initialized S3Connector for bucket: activa-datalake
INFO 2025-05-01 02:20:59,215 views Initializing custom data transformer
INFO 2025-05-01 02:20:59,215 views Loading and parsing CSV files from S3
INFO 2025-05-01 02:20:59,721 utils Found 6 objects with prefix: raw-data-activa/
INFO 2025-05-01 02:20:59,799 transform Successfully loaded and parsed: ActivaGFINAL - CLIENTES MARCAS.csv
INFO 2025-05-01 02:20:59,799 transform   Shape: (74, 4)
INFO 2025-05-01 02:20:59,799 transform   Columns: ['cliente_marca', 'tipo_cliente', 'cliente_desde', 'rubro_negocios']
INFO 2025-05-01 02:20:59,879 transform Successfully loaded and parsed: ActivaGFINAL - Clientes AG 2.csv
INFO 2025-05-01 02:20:59,880 transform   Shape: (46, 2)
INFO 2025-05-01 02:20:59,880 transform   Columns: ['cliente', 'industria']
WARNING 2025-05-01 02:20:59,964 transform Could not convert column facturado_2024 to numeric: The truth value of a Series is ambiguous. Use a.empty, a.bool(), a.item(), a.any() or a.all().
WARNING 2025-05-01 02:20:59,965 transform Could not convert column facturado_2024 to numeric: The truth value of a Series is ambiguous. Use a.empty, a.bool(), a.item(), a.any() or a.all().
WARNING 2025-05-01 02:20:59,966 transform Could not convert column facturado_2024 to numeric: The truth value of a Series is ambiguous. Use a.empty, a.bool(), a.item(), a.any() or a.all().
INFO 2025-05-01 02:20:59,977 transform Successfully loaded and parsed: ActivaGFINAL - Ingresos Anuales-Mensuales Proy 2.csv
INFO 2025-05-01 02:20:59,978 transform   Shape: (77, 12)
INFO 2025-05-01 02:20:59,978 transform   Columns: ['cliente', 'facturacion', 'presupuesto', 'facturado_2024', 'facturado_2024', 'facturado_2024', '1er_trimestre', '2do_cuatrimestre', '3er_cuatrimestre', '4to_cuatrimestre', 'facturacion_anual', 'facturacion_mensual']
WARNING 2025-05-01 02:21:00,057 transform Could not convert column facturado_2024 to numeric: The truth value of a Series is ambiguous. Use a.empty, a.bool(), a.item(), a.any() or a.all().
WARNING 2025-05-01 02:21:00,058 transform Could not convert column facturado_2024 to numeric: The truth value of a Series is ambiguous. Use a.empty, a.bool(), a.item(), a.any() or a.all().
WARNING 2025-05-01 02:21:00,058 transform Could not convert column facturado_2024 to numeric: The truth value of a Series is ambiguous. Use a.empty, a.bool(), a.item(), a.any() or a.all().
INFO 2025-05-01 02:21:00,070 transform Successfully loaded and parsed: ActivaGFINAL - Presupuesto 2,025.csv
INFO 2025-05-01 02:21:00,070 transform   Shape: (79, 12)
INFO 2025-05-01 02:21:00,070 transform   Columns: ['cliente', 'facturacion', 'presupuesto', 'facturado_2024', 'facturado_2024', 'facturado_2024', '1er_trimestre', '2do_cuatrimestre', '3er_cuatrimestre', '4to_cuatrimestre', 'facturacion_real', 'proyeccion']
INFO 2025-05-01 02:21:00,165 transform Successfully loaded and parsed: ActivaGFINAL - Profit & Loss.csv
INFO 2025-05-01 02:21:00,165 transform   Shape: (78, 15)
INFO 2025-05-01 02:21:00,165 transform   Columns: ['concepto', 'ENERO', 'FEBRERO', 'MARZO', 'ABRIL', 'MAYO', 'JUNIO', 'JULIO', 'AGOSTO', 'SEPTIEMBRE', 'OCTUBRE', 'NOVIEMBRE', 'DICIEMBRE', 'CONSOLIDADO', 'Unnamed: 14']
INFO 2025-05-01 02:21:00,165 transform Loaded 5 CSV files
INFO 2025-05-01 02:21:00,165 views Transforming and combining all data
INFO 2025-05-01 02:21:00,169 transform Added brand information to 4 clients
INFO 2025-05-01 02:21:00,171 transform Merged 11 columns from activagfinal_ingresos_anuales_mensuales_proy_2
INFO 2025-05-01 02:21:00,173 transform Merged 11 columns from activagfinal_presupuesto_2_025
INFO 2025-05-01 02:21:00,173 transform Saved financial summary data from activagfinal_profit_loss
INFO 2025-05-01 02:21:00,174 transform Created combined dataframe with 52 clients and 21 columns
INFO 2025-05-01 02:21:00,174 views Getting combined data as dictionary
INFO 2025-05-01 02:21:00,180 views Successfully processed and combined data
INFO 2025-05-01 03:01:52,463 views Initializing S3 connector
INFO 2025-05-01 03:01:52,475 utils Initialized S3Connector for bucket: activa-datalake
INFO 2025-05-01 03:01:52,795 utils Found 6 objects with prefix: raw-data-activa/
INFO 2025-05-01 03:01:52,964 transform Successfully loaded and parsed: ActivaGFINAL - CLIENTES MARCAS.csv
INFO 2025-05-01 03:01:52,964 transform   Shape: (74, 4)
INFO 2025-05-01 03:01:52,964 transform   Columns: ['cliente_marca', 'tipo_cliente', 'cliente_desde', 'rubro_negocios']
INFO 2025-05-01 03:01:53,048 transform Successfully loaded and parsed: ActivaGFINAL - Clientes AG 2.csv
INFO 2025-05-01 03:01:53,048 transform   Shape: (46, 2)
INFO 2025-05-01 03:01:53,048 transform   Columns: ['cliente', 'industria']
WARNING 2025-05-01 03:01:53,189 transform Could not convert column facturado_2024 to numeric: The truth value of a Series is ambiguous. Use a.empty, a.bool(), a.item(), a.any() or a.all().
WARNING 2025-05-01 03:01:53,191 transform Could not convert column facturado_2024 to numeric: The truth value of a Series is ambiguous. Use a.empty, a.bool(), a.item(), a.any() or a.all().
WARNING 2025-05-01 03:01:53,192 transform Could not convert column facturado_2024 to numeric: The truth value of a Series is ambiguous. Use a.empty, a.bool(), a.item(), a.any() or a.all().
INFO 2025-05-01 03:01:53,202 transform Successfully loaded and parsed: ActivaGFINAL - Ingresos Anuales-Mensuales Proy 2.csv
INFO 2025-05-01 03:01:53,202 transform   Shape: (77, 12)
INFO 2025-05-01 03:01:53,202 transform   Columns: ['cliente', 'facturacion', 'presupuesto', 'facturado_2024', 'facturado_2024', 'facturado_2024', '1er_trimestre', '2do_cuatrimestre', '3er_cuatrimestre', '4to_cuatrimestre', 'facturacion_anual', 'facturacion_mensual']
WARNING 2025-05-01 03:01:53,317 transform Could not convert column facturado_2024 to numeric: The truth value of a Series is ambiguous. Use a.empty, a.bool(), a.item(), a.any() or a.all().
WARNING 2025-05-01 03:01:53,318 transform Could not convert column facturado_2024 to numeric: The truth value of a Series is ambiguous. Use a.empty, a.bool(), a.item(), a.any() or a.all().
WARNING 2025-05-01 03:01:53,319 transform Could not convert column facturado_2024 to numeric: The truth value of a Series is ambiguous. Use a.empty, a.bool(), a.item(), a.any() or a.all().
INFO 2025-05-01 03:01:53,330 transform Successfully loaded and parsed: ActivaGFINAL - Presupuesto 2,025.csv
INFO 2025-05-01 03:01:53,331 transform   Shape: (79, 12)
INFO 2025-05-01 03:01:53,331 transform   Columns: ['cliente', 'facturacion', 'presupuesto', 'facturado_2024', 'facturado_2024', 'facturado_2024', '1er_trimestre', '2do_cuatrimestre', '3er_cuatrimestre', '4to_cuatrimestre', 'facturacion_real', 'proyeccion']
INFO 2025-05-01 03:01:53,441 transform Successfully loaded and parsed: ActivaGFINAL - Profit & Loss.csv
INFO 2025-05-01 03:01:53,445 transform   Shape: (78, 15)
INFO 2025-05-01 03:01:53,446 transform   Columns: ['concepto', 'ENERO', 'FEBRERO', 'MARZO', 'ABRIL', 'MAYO', 'JUNIO', 'JULIO', 'AGOSTO', 'SEPTIEMBRE', 'OCTUBRE', 'NOVIEMBRE', 'DICIEMBRE', 'CONSOLIDADO', 'Unnamed: 14']
INFO 2025-05-01 03:01:53,446 transform Loaded 5 CSV files
INFO 2025-05-01 03:01:53,460 transform Added brand information to 4 clients
INFO 2025-05-01 03:01:53,464 transform Merged 11 columns from activagfinal_ingresos_anuales_mensuales_proy_2
INFO 2025-05-01 03:01:53,468 transform Merged 11 columns from activagfinal_presupuesto_2_025
INFO 2025-05-01 03:01:53,468 transform Saved financial summary data from activagfinal_profit_loss
INFO 2025-05-01 03:01:53,469 transform Created combined dataframe with 52 clients and 21 columns
INFO 2025-05-01 03:01:53,487 views Initializing S3 connector
INFO 2025-05-01 03:01:53,491 utils Initialized S3Connector for bucket: activa-datalake
INFO 2025-05-01 03:01:53,491 views Initializing custom data transformer
INFO 2025-05-01 03:01:53,491 views Loading and parsing CSV files from S3
INFO 2025-05-01 03:01:53,706 utils Found 6 objects with prefix: raw-data-activa/
INFO 2025-05-01 03:01:53,783 transform Successfully loaded and parsed: ActivaGFINAL - CLIENTES MARCAS.csv
INFO 2025-05-01 03:01:53,783 transform   Shape: (74, 4)
INFO 2025-05-01 03:01:53,783 transform   Columns: ['cliente_marca', 'tipo_cliente', 'cliente_desde', 'rubro_negocios']
INFO 2025-05-01 03:01:53,861 transform Successfully loaded and parsed: ActivaGFINAL - Clientes AG 2.csv
INFO 2025-05-01 03:01:53,861 transform   Shape: (46, 2)
INFO 2025-05-01 03:01:53,861 transform   Columns: ['cliente', 'industria']
WARNING 2025-05-01 03:01:53,948 transform Could not convert column facturado_2024 to numeric: The truth value of a Series is ambiguous. Use a.empty, a.bool(), a.item(), a.any() or a.all().
WARNING 2025-05-01 03:01:53,948 transform Could not convert column facturado_2024 to numeric: The truth value of a Series is ambiguous. Use a.empty, a.bool(), a.item(), a.any() or a.all().
WARNING 2025-05-01 03:01:53,949 transform Could not convert column facturado_2024 to numeric: The truth value of a Series is ambiguous. Use a.empty, a.bool(), a.item(), a.any() or a.all().
INFO 2025-05-01 03:01:53,962 transform Successfully loaded and parsed: ActivaGFINAL - Ingresos Anuales-Mensuales Proy 2.csv
INFO 2025-05-01 03:01:53,962 transform   Shape: (77, 12)
INFO 2025-05-01 03:01:53,962 transform   Columns: ['cliente', 'facturacion', 'presupuesto', 'facturado_2024', 'facturado_2024', 'facturado_2024', '1er_trimestre', '2do_cuatrimestre', '3er_cuatrimestre', '4to_cuatrimestre', 'facturacion_anual', 'facturacion_mensual']
WARNING 2025-05-01 03:01:54,050 transform Could not convert column facturado_2024 to numeric: The truth value of a Series is ambiguous. Use a.empty, a.bool(), a.item(), a.any() or a.all().
WARNING 2025-05-01 03:01:54,052 transform Could not convert column facturado_2024 to numeric: The truth value of a Series is ambiguous. Use a.empty, a.bool(), a.item(), a.any() or a.all().
WARNING 2025-05-01 03:01:54,053 transform Could not convert column facturado_2024 to numeric: The truth value of a Series is ambiguous. Use a.empty, a.bool(), a.item(), a.any() or a.all().
INFO 2025-05-01 03:01:54,064 transform Successfully loaded and parsed: ActivaGFINAL - Presupuesto 2,025.csv
INFO 2025-05-01 03:01:54,064 transform   Shape: (79, 12)
INFO 2025-05-01 03:01:54,064 transform   Columns: ['cliente', 'facturacion', 'presupuesto', 'facturado_2024', 'facturado_2024', 'facturado_2024', '1er_trimestre', '2do_cuatrimestre', '3er_cuatrimestre', '4to_cuatrimestre', 'facturacion_real', 'proyeccion']
INFO 2025-05-01 03:01:54,171 transform Successfully loaded and parsed: ActivaGFINAL - Profit & Loss.csv
INFO 2025-05-01 03:01:54,172 transform   Shape: (78, 15)
INFO 2025-05-01 03:01:54,172 transform   Columns: ['concepto', 'ENERO', 'FEBRERO', 'MARZO', 'ABRIL', 'MAYO', 'JUNIO', 'JULIO', 'AGOSTO', 'SEPTIEMBRE', 'OCTUBRE', 'NOVIEMBRE', 'DICIEMBRE', 'CONSOLIDADO', 'Unnamed: 14']
INFO 2025-05-01 03:01:54,172 transform Loaded 5 CSV files
INFO 2025-05-01 03:01:54,172 views Transforming and combining all data
INFO 2025-05-01 03:01:54,179 transform Added brand information to 4 clients
INFO 2025-05-01 03:01:54,181 transform Merged 11 columns from activagfinal_ingresos_anuales_mensuales_proy_2
INFO 2025-05-01 03:01:54,184 transform Merged 11 columns from activagfinal_presupuesto_2_025
INFO 2025-05-01 03:01:54,184 transform Saved financial summary data from activagfinal_profit_loss
INFO 2025-05-01 03:01:54,185 transform Created combined dataframe with 52 clients and 21 columns
INFO 2025-05-01 03:01:54,185 views Getting combined data as dictionary
INFO 2025-05-01 03:01:54,190 views Successfully processed and combined data
INFO 2025-05-01 03:28:38,486 views Initializing S3 connector
INFO 2025-05-01 03:28:38,500 utils Initialized S3Connector for bucket: activa-datalake
INFO 2025-05-01 03:28:38,889 utils Found 6 objects with prefix: raw-data-activa/
INFO 2025-05-01 03:28:38,997 transform Successfully loaded and parsed: ActivaGFINAL - CLIENTES MARCAS.csv
INFO 2025-05-01 03:28:38,997 transform   Shape: (74, 4)
INFO 2025-05-01 03:28:38,997 transform   Columns: ['cliente_marca', 'tipo_cliente', 'cliente_desde', 'rubro_negocios']
INFO 2025-05-01 03:28:39,083 transform Successfully loaded and parsed: ActivaGFINAL - Clientes AG 2.csv
INFO 2025-05-01 03:28:39,083 transform   Shape: (46, 2)
INFO 2025-05-01 03:28:39,083 transform   Columns: ['cliente', 'industria']
WARNING 2025-05-01 03:28:39,189 transform Could not convert column facturado_2024 to numeric: The truth value of a Series is ambiguous. Use a.empty, a.bool(), a.item(), a.any() or a.all().
WARNING 2025-05-01 03:28:39,190 transform Could not convert column facturado_2024 to numeric: The truth value of a Series is ambiguous. Use a.empty, a.bool(), a.item(), a.any() or a.all().
WARNING 2025-05-01 03:28:39,191 transform Could not convert column facturado_2024 to numeric: The truth value of a Series is ambiguous. Use a.empty, a.bool(), a.item(), a.any() or a.all().
INFO 2025-05-01 03:28:39,200 transform Successfully loaded and parsed: ActivaGFINAL - Ingresos Anuales-Mensuales Proy 2.csv
INFO 2025-05-01 03:28:39,200 transform   Shape: (77, 12)
INFO 2025-05-01 03:28:39,200 transform   Columns: ['cliente', 'facturacion', 'presupuesto', 'facturado_2024', 'facturado_2024', 'facturado_2024', '1er_trimestre', '2do_cuatrimestre', '3er_cuatrimestre', '4to_cuatrimestre', 'facturacion_anual', 'facturacion_mensual']
WARNING 2025-05-01 03:28:39,303 transform Could not convert column facturado_2024 to numeric: The truth value of a Series is ambiguous. Use a.empty, a.bool(), a.item(), a.any() or a.all().
WARNING 2025-05-01 03:28:39,304 transform Could not convert column facturado_2024 to numeric: The truth value of a Series is ambiguous. Use a.empty, a.bool(), a.item(), a.any() or a.all().
WARNING 2025-05-01 03:28:39,305 transform Could not convert column facturado_2024 to numeric: The truth value of a Series is ambiguous. Use a.empty, a.bool(), a.item(), a.any() or a.all().
INFO 2025-05-01 03:28:39,317 transform Successfully loaded and parsed: ActivaGFINAL - Presupuesto 2,025.csv
INFO 2025-05-01 03:28:39,317 transform   Shape: (79, 12)
INFO 2025-05-01 03:28:39,317 transform   Columns: ['cliente', 'facturacion', 'presupuesto', 'facturado_2024', 'facturado_2024', 'facturado_2024', '1er_trimestre', '2do_cuatrimestre', '3er_cuatrimestre', '4to_cuatrimestre', 'facturacion_real', 'proyeccion']
INFO 2025-05-01 03:28:39,465 transform Successfully loaded and parsed: ActivaGFINAL - Profit & Loss.csv
INFO 2025-05-01 03:28:39,466 transform   Shape: (78, 15)
INFO 2025-05-01 03:28:39,466 transform   Columns: ['concepto', 'ENERO', 'FEBRERO', 'MARZO', 'ABRIL', 'MAYO', 'JUNIO', 'JULIO', 'AGOSTO', 'SEPTIEMBRE', 'OCTUBRE', 'NOVIEMBRE', 'DICIEMBRE', 'CONSOLIDADO', 'Unnamed: 14']
INFO 2025-05-01 03:28:39,466 transform Loaded 5 CSV files
INFO 2025-05-01 03:28:39,480 transform Added brand information to 4 clients
INFO 2025-05-01 03:28:39,483 transform Merged 11 columns from activagfinal_ingresos_anuales_mensuales_proy_2
INFO 2025-05-01 03:28:39,486 transform Merged 11 columns from activagfinal_presupuesto_2_025
INFO 2025-05-01 03:28:39,486 transform Saved financial summary data from activagfinal_profit_loss
INFO 2025-05-01 03:28:39,487 transform Created combined dataframe with 52 clients and 21 columns
INFO 2025-05-01 03:28:39,500 views Initializing S3 connector
INFO 2025-05-01 03:28:39,505 utils Initialized S3Connector for bucket: activa-datalake
INFO 2025-05-01 03:28:39,505 views Initializing custom data transformer
INFO 2025-05-01 03:28:39,505 views Loading and parsing CSV files from S3
INFO 2025-05-01 03:28:39,724 utils Found 6 objects with prefix: raw-data-activa/
INFO 2025-05-01 03:28:39,813 transform Successfully loaded and parsed: ActivaGFINAL - CLIENTES MARCAS.csv
INFO 2025-05-01 03:28:39,814 transform   Shape: (74, 4)
INFO 2025-05-01 03:28:39,814 transform   Columns: ['cliente_marca', 'tipo_cliente', 'cliente_desde', 'rubro_negocios']
INFO 2025-05-01 03:28:39,894 transform Successfully loaded and parsed: ActivaGFINAL - Clientes AG 2.csv
INFO 2025-05-01 03:28:39,894 transform   Shape: (46, 2)
INFO 2025-05-01 03:28:39,894 transform   Columns: ['cliente', 'industria']
WARNING 2025-05-01 03:28:39,985 transform Could not convert column facturado_2024 to numeric: The truth value of a Series is ambiguous. Use a.empty, a.bool(), a.item(), a.any() or a.all().
WARNING 2025-05-01 03:28:39,986 transform Could not convert column facturado_2024 to numeric: The truth value of a Series is ambiguous. Use a.empty, a.bool(), a.item(), a.any() or a.all().
WARNING 2025-05-01 03:28:39,986 transform Could not convert column facturado_2024 to numeric: The truth value of a Series is ambiguous. Use a.empty, a.bool(), a.item(), a.any() or a.all().
INFO 2025-05-01 03:28:39,998 transform Successfully loaded and parsed: ActivaGFINAL - Ingresos Anuales-Mensuales Proy 2.csv
INFO 2025-05-01 03:28:39,998 transform   Shape: (77, 12)
INFO 2025-05-01 03:28:39,998 transform   Columns: ['cliente', 'facturacion', 'presupuesto', 'facturado_2024', 'facturado_2024', 'facturado_2024', '1er_trimestre', '2do_cuatrimestre', '3er_cuatrimestre', '4to_cuatrimestre', 'facturacion_anual', 'facturacion_mensual']
WARNING 2025-05-01 03:28:40,088 transform Could not convert column facturado_2024 to numeric: The truth value of a Series is ambiguous. Use a.empty, a.bool(), a.item(), a.any() or a.all().
WARNING 2025-05-01 03:28:40,090 transform Could not convert column facturado_2024 to numeric: The truth value of a Series is ambiguous. Use a.empty, a.bool(), a.item(), a.any() or a.all().
WARNING 2025-05-01 03:28:40,090 transform Could not convert column facturado_2024 to numeric: The truth value of a Series is ambiguous. Use a.empty, a.bool(), a.item(), a.any() or a.all().
INFO 2025-05-01 03:28:40,103 transform Successfully loaded and parsed: ActivaGFINAL - Presupuesto 2,025.csv
INFO 2025-05-01 03:28:40,103 transform   Shape: (79, 12)
INFO 2025-05-01 03:28:40,103 transform   Columns: ['cliente', 'facturacion', 'presupuesto', 'facturado_2024', 'facturado_2024', 'facturado_2024', '1er_trimestre', '2do_cuatrimestre', '3er_cuatrimestre', '4to_cuatrimestre', 'facturacion_real', 'proyeccion']
INFO 2025-05-01 03:28:40,211 transform Successfully loaded and parsed: ActivaGFINAL - Profit & Loss.csv
INFO 2025-05-01 03:28:40,212 transform   Shape: (78, 15)
INFO 2025-05-01 03:28:40,212 transform   Columns: ['concepto', 'ENERO', 'FEBRERO', 'MARZO', 'ABRIL', 'MAYO', 'JUNIO', 'JULIO', 'AGOSTO', 'SEPTIEMBRE', 'OCTUBRE', 'NOVIEMBRE', 'DICIEMBRE', 'CONSOLIDADO', 'Unnamed: 14']
INFO 2025-05-01 03:28:40,212 transform Loaded 5 CSV files
INFO 2025-05-01 03:28:40,212 views Transforming and combining all data
INFO 2025-05-01 03:28:40,218 transform Added brand information to 4 clients
INFO 2025-05-01 03:28:40,221 transform Merged 11 columns from activagfinal_ingresos_anuales_mensuales_proy_2
INFO 2025-05-01 03:28:40,224 transform Merged 11 columns from activagfinal_presupuesto_2_025
INFO 2025-05-01 03:28:40,224 transform Saved financial summary data from activagfinal_profit_loss
INFO 2025-05-01 03:28:40,224 transform Created combined dataframe with 52 clients and 21 columns
INFO 2025-05-01 03:28:40,224 views Getting combined data as dictionary
INFO 2025-05-01 03:28:40,229 views Successfully processed and combined data
INFO 2025-05-01 03:40:24,402 views Initializing S3 connector
INFO 2025-05-01 03:40:24,414 utils Initialized S3Connector for bucket: activa-datalake
INFO 2025-05-01 03:40:24,973 utils Found 6 objects with prefix: raw-data-activa/
INFO 2025-05-01 03:40:25,167 transform Successfully loaded and parsed: ActivaGFINAL - CLIENTES MARCAS.csv
INFO 2025-05-01 03:40:25,168 transform   Shape: (74, 4)
INFO 2025-05-01 03:40:25,168 transform   Columns: ['cliente_marca', 'tipo_cliente', 'cliente_desde', 'rubro_negocios']
INFO 2025-05-01 03:40:25,337 transform Successfully loaded and parsed: ActivaGFINAL - Clientes AG 2.csv
INFO 2025-05-01 03:40:25,337 transform   Shape: (46, 2)
INFO 2025-05-01 03:40:25,337 transform   Columns: ['cliente', 'industria']
WARNING 2025-05-01 03:40:25,506 transform Could not convert column facturado_2024 to numeric: The truth value of a Series is ambiguous. Use a.empty, a.bool(), a.item(), a.any() or a.all().
WARNING 2025-05-01 03:40:25,507 transform Could not convert column facturado_2024 to numeric: The truth value of a Series is ambiguous. Use a.empty, a.bool(), a.item(), a.any() or a.all().
WARNING 2025-05-01 03:40:25,507 transform Could not convert column facturado_2024 to numeric: The truth value of a Series is ambiguous. Use a.empty, a.bool(), a.item(), a.any() or a.all().
INFO 2025-05-01 03:40:25,511 transform Successfully loaded and parsed: ActivaGFINAL - Ingresos Anuales-Mensuales Proy 2.csv
INFO 2025-05-01 03:40:25,511 transform   Shape: (77, 12)
INFO 2025-05-01 03:40:25,511 transform   Columns: ['cliente', 'facturacion', 'presupuesto', 'facturado_2024', 'facturado_2024', 'facturado_2024', '1er_trimestre', '2do_cuatrimestre', '3er_cuatrimestre', '4to_cuatrimestre', 'facturacion_anual', 'facturacion_mensual']
WARNING 2025-05-01 03:40:25,684 transform Could not convert column facturado_2024 to numeric: The truth value of a Series is ambiguous. Use a.empty, a.bool(), a.item(), a.any() or a.all().
WARNING 2025-05-01 03:40:25,686 transform Could not convert column facturado_2024 to numeric: The truth value of a Series is ambiguous. Use a.empty, a.bool(), a.item(), a.any() or a.all().
WARNING 2025-05-01 03:40:25,686 transform Could not convert column facturado_2024 to numeric: The truth value of a Series is ambiguous. Use a.empty, a.bool(), a.item(), a.any() or a.all().
INFO 2025-05-01 03:40:25,698 transform Successfully loaded and parsed: ActivaGFINAL - Presupuesto 2,025.csv
INFO 2025-05-01 03:40:25,698 transform   Shape: (79, 12)
INFO 2025-05-01 03:40:25,699 transform   Columns: ['cliente', 'facturacion', 'presupuesto', 'facturado_2024', 'facturado_2024', 'facturado_2024', '1er_trimestre', '2do_cuatrimestre', '3er_cuatrimestre', '4to_cuatrimestre', 'facturacion_real', 'proyeccion']
INFO 2025-05-01 03:40:25,881 transform Successfully loaded and parsed: ActivaGFINAL - Profit & Loss.csv
INFO 2025-05-01 03:40:25,882 transform   Shape: (78, 15)
INFO 2025-05-01 03:40:25,882 transform   Columns: ['concepto', 'ENERO', 'FEBRERO', 'MARZO', 'ABRIL', 'MAYO', 'JUNIO', 'JULIO', 'AGOSTO', 'SEPTIEMBRE', 'OCTUBRE', 'NOVIEMBRE', 'DICIEMBRE', 'CONSOLIDADO', 'Unnamed: 14']
INFO 2025-05-01 03:40:25,882 transform Loaded 5 CSV files
INFO 2025-05-01 03:40:25,886 transform Added brand information to 4 clients
INFO 2025-05-01 03:40:25,890 transform Merged 11 columns from activagfinal_ingresos_anuales_mensuales_proy_2
INFO 2025-05-01 03:40:25,894 transform Merged 11 columns from activagfinal_presupuesto_2_025
INFO 2025-05-01 03:40:25,894 transform Saved financial summary data from activagfinal_profit_loss
INFO 2025-05-01 03:40:25,896 transform Created combined dataframe with 52 clients and 21 columns
INFO 2025-05-01 03:40:25,925 views Initializing S3 connector
INFO 2025-05-01 03:40:25,928 utils Initialized S3Connector for bucket: activa-datalake
INFO 2025-05-01 03:40:25,928 views Initializing custom data transformer
INFO 2025-05-01 03:40:25,928 views Loading and parsing CSV files from S3
INFO 2025-05-01 03:40:26,613 utils Found 6 objects with prefix: raw-data-activa/
INFO 2025-05-01 03:40:26,794 transform Successfully loaded and parsed: ActivaGFINAL - CLIENTES MARCAS.csv
INFO 2025-05-01 03:40:26,794 transform   Shape: (74, 4)
INFO 2025-05-01 03:40:26,794 transform   Columns: ['cliente_marca', 'tipo_cliente', 'cliente_desde', 'rubro_negocios']
INFO 2025-05-01 03:40:26,906 transform Successfully loaded and parsed: ActivaGFINAL - Clientes AG 2.csv
INFO 2025-05-01 03:40:26,907 transform   Shape: (46, 2)
INFO 2025-05-01 03:40:26,907 transform   Columns: ['cliente', 'industria']
WARNING 2025-05-01 03:40:27,000 transform Could not convert column facturado_2024 to numeric: The truth value of a Series is ambiguous. Use a.empty, a.bool(), a.item(), a.any() or a.all().
WARNING 2025-05-01 03:40:27,001 transform Could not convert column facturado_2024 to numeric: The truth value of a Series is ambiguous. Use a.empty, a.bool(), a.item(), a.any() or a.all().
WARNING 2025-05-01 03:40:27,002 transform Could not convert column facturado_2024 to numeric: The truth value of a Series is ambiguous. Use a.empty, a.bool(), a.item(), a.any() or a.all().
INFO 2025-05-01 03:40:27,014 transform Successfully loaded and parsed: ActivaGFINAL - Ingresos Anuales-Mensuales Proy 2.csv
INFO 2025-05-01 03:40:27,015 transform   Shape: (77, 12)
INFO 2025-05-01 03:40:27,015 transform   Columns: ['cliente', 'facturacion', 'presupuesto', 'facturado_2024', 'facturado_2024', 'facturado_2024', '1er_trimestre', '2do_cuatrimestre', '3er_cuatrimestre', '4to_cuatrimestre', 'facturacion_anual', 'facturacion_mensual']
WARNING 2025-05-01 03:40:27,324 transform Could not convert column facturado_2024 to numeric: The truth value of a Series is ambiguous. Use a.empty, a.bool(), a.item(), a.any() or a.all().
WARNING 2025-05-01 03:40:27,326 transform Could not convert column facturado_2024 to numeric: The truth value of a Series is ambiguous. Use a.empty, a.bool(), a.item(), a.any() or a.all().
WARNING 2025-05-01 03:40:27,327 transform Could not convert column facturado_2024 to numeric: The truth value of a Series is ambiguous. Use a.empty, a.bool(), a.item(), a.any() or a.all().
INFO 2025-05-01 03:40:27,336 transform Successfully loaded and parsed: ActivaGFINAL - Presupuesto 2,025.csv
INFO 2025-05-01 03:40:27,336 transform   Shape: (79, 12)
INFO 2025-05-01 03:40:27,336 transform   Columns: ['cliente', 'facturacion', 'presupuesto', 'facturado_2024', 'facturado_2024', 'facturado_2024', '1er_trimestre', '2do_cuatrimestre', '3er_cuatrimestre', '4to_cuatrimestre', 'facturacion_real', 'proyeccion']
INFO 2025-05-01 03:40:27,500 transform Successfully loaded and parsed: ActivaGFINAL - Profit & Loss.csv
INFO 2025-05-01 03:40:27,500 transform   Shape: (78, 15)
INFO 2025-05-01 03:40:27,500 transform   Columns: ['concepto', 'ENERO', 'FEBRERO', 'MARZO', 'ABRIL', 'MAYO', 'JUNIO', 'JULIO', 'AGOSTO', 'SEPTIEMBRE', 'OCTUBRE', 'NOVIEMBRE', 'DICIEMBRE', 'CONSOLIDADO', 'Unnamed: 14']
INFO 2025-05-01 03:40:27,500 transform Loaded 5 CSV files
INFO 2025-05-01 03:40:27,500 views Transforming and combining all data
INFO 2025-05-01 03:40:27,507 transform Added brand information to 4 clients
INFO 2025-05-01 03:40:27,509 transform Merged 11 columns from activagfinal_ingresos_anuales_mensuales_proy_2
INFO 2025-05-01 03:40:27,513 transform Merged 11 columns from activagfinal_presupuesto_2_025
INFO 2025-05-01 03:40:27,513 transform Saved financial summary data from activagfinal_profit_loss
INFO 2025-05-01 03:40:27,514 transform Created combined dataframe with 52 clients and 21 columns
INFO 2025-05-01 03:40:27,514 views Getting combined data as dictionary
INFO 2025-05-01 03:40:27,519 views Successfully processed and combined data
INFO 2025-05-01 04:02:59,952 views Initializing S3 connector
INFO 2025-05-01 04:02:59,964 utils Initialized S3Connector for bucket: activa-datalake
INFO 2025-05-01 04:03:00,747 utils Found 6 objects with prefix: raw-data-activa/
INFO 2025-05-01 04:03:00,943 transform Successfully loaded and parsed: ActivaGFINAL - CLIENTES MARCAS.csv
INFO 2025-05-01 04:03:00,943 transform   Shape: (74, 4)
INFO 2025-05-01 04:03:00,943 transform   Columns: ['cliente_marca', 'tipo_cliente', 'cliente_desde', 'rubro_negocios']
INFO 2025-05-01 04:03:01,140 transform Successfully loaded and parsed: ActivaGFINAL - Clientes AG 2.csv
INFO 2025-05-01 04:03:01,141 transform   Shape: (46, 2)
INFO 2025-05-01 04:03:01,141 transform   Columns: ['cliente', 'industria']
WARNING 2025-05-01 04:03:01,458 transform Could not convert column facturado_2024 to numeric: The truth value of a Series is ambiguous. Use a.empty, a.bool(), a.item(), a.any() or a.all().
WARNING 2025-05-01 04:03:01,459 transform Could not convert column facturado_2024 to numeric: The truth value of a Series is ambiguous. Use a.empty, a.bool(), a.item(), a.any() or a.all().
WARNING 2025-05-01 04:03:01,459 transform Could not convert column facturado_2024 to numeric: The truth value of a Series is ambiguous. Use a.empty, a.bool(), a.item(), a.any() or a.all().
INFO 2025-05-01 04:03:01,466 transform Successfully loaded and parsed: ActivaGFINAL - Ingresos Anuales-Mensuales Proy 2.csv
INFO 2025-05-01 04:03:01,466 transform   Shape: (77, 12)
INFO 2025-05-01 04:03:01,466 transform   Columns: ['cliente', 'facturacion', 'presupuesto', 'facturado_2024', 'facturado_2024', 'facturado_2024', '1er_trimestre', '2do_cuatrimestre', '3er_cuatrimestre', '4to_cuatrimestre', 'facturacion_anual', 'facturacion_mensual']
WARNING 2025-05-01 04:03:01,611 transform Could not convert column facturado_2024 to numeric: The truth value of a Series is ambiguous. Use a.empty, a.bool(), a.item(), a.any() or a.all().
WARNING 2025-05-01 04:03:01,611 transform Could not convert column facturado_2024 to numeric: The truth value of a Series is ambiguous. Use a.empty, a.bool(), a.item(), a.any() or a.all().
WARNING 2025-05-01 04:03:01,613 transform Could not convert column facturado_2024 to numeric: The truth value of a Series is ambiguous. Use a.empty, a.bool(), a.item(), a.any() or a.all().
INFO 2025-05-01 04:03:01,626 transform Successfully loaded and parsed: ActivaGFINAL - Presupuesto 2,025.csv
INFO 2025-05-01 04:03:01,626 transform   Shape: (79, 12)
INFO 2025-05-01 04:03:01,627 transform   Columns: ['cliente', 'facturacion', 'presupuesto', 'facturado_2024', 'facturado_2024', 'facturado_2024', '1er_trimestre', '2do_cuatrimestre', '3er_cuatrimestre', '4to_cuatrimestre', 'facturacion_real', 'proyeccion']
INFO 2025-05-01 04:03:01,739 transform Successfully loaded and parsed: ActivaGFINAL - Profit & Loss.csv
INFO 2025-05-01 04:03:01,739 transform   Shape: (78, 15)
INFO 2025-05-01 04:03:01,739 transform   Columns: ['concepto', 'ENERO', 'FEBRERO', 'MARZO', 'ABRIL', 'MAYO', 'JUNIO', 'JULIO', 'AGOSTO', 'SEPTIEMBRE', 'OCTUBRE', 'NOVIEMBRE', 'DICIEMBRE', 'CONSOLIDADO', 'Unnamed: 14']
INFO 2025-05-01 04:03:01,739 transform Loaded 5 CSV files
INFO 2025-05-01 04:03:01,747 transform Added brand information to 4 clients
INFO 2025-05-01 04:03:01,749 transform Merged 11 columns from activagfinal_ingresos_anuales_mensuales_proy_2
INFO 2025-05-01 04:03:01,750 transform Merged 11 columns from activagfinal_presupuesto_2_025
INFO 2025-05-01 04:03:01,750 transform Saved financial summary data from activagfinal_profit_loss
INFO 2025-05-01 04:03:01,751 transform Created combined dataframe with 52 clients and 21 columns
INFO 2025-05-01 04:03:01,765 views Initializing S3 connector
INFO 2025-05-01 04:03:01,770 utils Initialized S3Connector for bucket: activa-datalake
INFO 2025-05-01 04:03:01,771 views Initializing custom data transformer
INFO 2025-05-01 04:03:01,771 views Loading and parsing CSV files from S3
INFO 2025-05-01 04:03:02,090 utils Found 6 objects with prefix: raw-data-activa/
INFO 2025-05-01 04:03:02,169 transform Successfully loaded and parsed: ActivaGFINAL - CLIENTES MARCAS.csv
INFO 2025-05-01 04:03:02,170 transform   Shape: (74, 4)
INFO 2025-05-01 04:03:02,170 transform   Columns: ['cliente_marca', 'tipo_cliente', 'cliente_desde', 'rubro_negocios']
INFO 2025-05-01 04:03:02,250 transform Successfully loaded and parsed: ActivaGFINAL - Clientes AG 2.csv
INFO 2025-05-01 04:03:02,251 transform   Shape: (46, 2)
INFO 2025-05-01 04:03:02,251 transform   Columns: ['cliente', 'industria']
WARNING 2025-05-01 04:03:02,342 transform Could not convert column facturado_2024 to numeric: The truth value of a Series is ambiguous. Use a.empty, a.bool(), a.item(), a.any() or a.all().
WARNING 2025-05-01 04:03:02,343 transform Could not convert column facturado_2024 to numeric: The truth value of a Series is ambiguous. Use a.empty, a.bool(), a.item(), a.any() or a.all().
WARNING 2025-05-01 04:03:02,344 transform Could not convert column facturado_2024 to numeric: The truth value of a Series is ambiguous. Use a.empty, a.bool(), a.item(), a.any() or a.all().
INFO 2025-05-01 04:03:02,361 transform Successfully loaded and parsed: ActivaGFINAL - Ingresos Anuales-Mensuales Proy 2.csv
INFO 2025-05-01 04:03:02,362 transform   Shape: (77, 12)
INFO 2025-05-01 04:03:02,362 transform   Columns: ['cliente', 'facturacion', 'presupuesto', 'facturado_2024', 'facturado_2024', 'facturado_2024', '1er_trimestre', '2do_cuatrimestre', '3er_cuatrimestre', '4to_cuatrimestre', 'facturacion_anual', 'facturacion_mensual']
WARNING 2025-05-01 04:03:02,449 transform Could not convert column facturado_2024 to numeric: The truth value of a Series is ambiguous. Use a.empty, a.bool(), a.item(), a.any() or a.all().
WARNING 2025-05-01 04:03:02,450 transform Could not convert column facturado_2024 to numeric: The truth value of a Series is ambiguous. Use a.empty, a.bool(), a.item(), a.any() or a.all().
WARNING 2025-05-01 04:03:02,451 transform Could not convert column facturado_2024 to numeric: The truth value of a Series is ambiguous. Use a.empty, a.bool(), a.item(), a.any() or a.all().
INFO 2025-05-01 04:03:02,460 transform Successfully loaded and parsed: ActivaGFINAL - Presupuesto 2,025.csv
INFO 2025-05-01 04:03:02,460 transform   Shape: (79, 12)
INFO 2025-05-01 04:03:02,460 transform   Columns: ['cliente', 'facturacion', 'presupuesto', 'facturado_2024', 'facturado_2024', 'facturado_2024', '1er_trimestre', '2do_cuatrimestre', '3er_cuatrimestre', '4to_cuatrimestre', 'facturacion_real', 'proyeccion']
INFO 2025-05-01 04:03:02,548 transform Successfully loaded and parsed: ActivaGFINAL - Profit & Loss.csv
INFO 2025-05-01 04:03:02,548 transform   Shape: (78, 15)
INFO 2025-05-01 04:03:02,548 transform   Columns: ['concepto', 'ENERO', 'FEBRERO', 'MARZO', 'ABRIL', 'MAYO', 'JUNIO', 'JULIO', 'AGOSTO', 'SEPTIEMBRE', 'OCTUBRE', 'NOVIEMBRE', 'DICIEMBRE', 'CONSOLIDADO', 'Unnamed: 14']
INFO 2025-05-01 04:03:02,548 transform Loaded 5 CSV files
INFO 2025-05-01 04:03:02,548 views Transforming and combining all data
INFO 2025-05-01 04:03:02,553 transform Added brand information to 4 clients
INFO 2025-05-01 04:03:02,555 transform Merged 11 columns from activagfinal_ingresos_anuales_mensuales_proy_2
INFO 2025-05-01 04:03:02,558 transform Merged 11 columns from activagfinal_presupuesto_2_025
INFO 2025-05-01 04:03:02,558 transform Saved financial summary data from activagfinal_profit_loss
INFO 2025-05-01 04:03:02,558 transform Created combined dataframe with 52 clients and 21 columns
INFO 2025-05-01 04:03:02,558 views Getting combined data as dictionary
INFO 2025-05-01 04:03:02,562 views Successfully processed and combined data
INFO 2025-05-01 04:09:02,717 views Initializing S3 connector
INFO 2025-05-01 04:09:02,727 utils Initialized S3Connector for bucket: activa-datalake
INFO 2025-05-01 04:09:03,012 utils Found 6 objects with prefix: raw-data-activa/
INFO 2025-05-01 04:09:03,137 transform Successfully loaded and parsed: ActivaGFINAL - CLIENTES MARCAS.csv
INFO 2025-05-01 04:09:03,137 transform   Shape: (74, 4)
INFO 2025-05-01 04:09:03,137 transform   Columns: ['cliente_marca', 'tipo_cliente', 'cliente_desde', 'rubro_negocios']
INFO 2025-05-01 04:09:03,216 transform Successfully loaded and parsed: ActivaGFINAL - Clientes AG 2.csv
INFO 2025-05-01 04:09:03,217 transform   Shape: (46, 2)
INFO 2025-05-01 04:09:03,217 transform   Columns: ['cliente', 'industria']
WARNING 2025-05-01 04:09:03,311 transform Could not convert column facturado_2024 to numeric: The truth value of a Series is ambiguous. Use a.empty, a.bool(), a.item(), a.any() or a.all().
WARNING 2025-05-01 04:09:03,312 transform Could not convert column facturado_2024 to numeric: The truth value of a Series is ambiguous. Use a.empty, a.bool(), a.item(), a.any() or a.all().
WARNING 2025-05-01 04:09:03,312 transform Could not convert column facturado_2024 to numeric: The truth value of a Series is ambiguous. Use a.empty, a.bool(), a.item(), a.any() or a.all().
INFO 2025-05-01 04:09:03,324 transform Successfully loaded and parsed: ActivaGFINAL - Ingresos Anuales-Mensuales Proy 2.csv
INFO 2025-05-01 04:09:03,324 transform   Shape: (77, 12)
INFO 2025-05-01 04:09:03,324 transform   Columns: ['cliente', 'facturacion', 'presupuesto', 'facturado_2024', 'facturado_2024', 'facturado_2024', '1er_trimestre', '2do_cuatrimestre', '3er_cuatrimestre', '4to_cuatrimestre', 'facturacion_anual', 'facturacion_mensual']
WARNING 2025-05-01 04:09:03,457 transform Could not convert column facturado_2024 to numeric: The truth value of a Series is ambiguous. Use a.empty, a.bool(), a.item(), a.any() or a.all().
WARNING 2025-05-01 04:09:03,458 transform Could not convert column facturado_2024 to numeric: The truth value of a Series is ambiguous. Use a.empty, a.bool(), a.item(), a.any() or a.all().
WARNING 2025-05-01 04:09:03,458 transform Could not convert column facturado_2024 to numeric: The truth value of a Series is ambiguous. Use a.empty, a.bool(), a.item(), a.any() or a.all().
INFO 2025-05-01 04:09:03,471 transform Successfully loaded and parsed: ActivaGFINAL - Presupuesto 2,025.csv
INFO 2025-05-01 04:09:03,471 transform   Shape: (79, 12)
INFO 2025-05-01 04:09:03,471 transform   Columns: ['cliente', 'facturacion', 'presupuesto', 'facturado_2024', 'facturado_2024', 'facturado_2024', '1er_trimestre', '2do_cuatrimestre', '3er_cuatrimestre', '4to_cuatrimestre', 'facturacion_real', 'proyeccion']
INFO 2025-05-01 04:09:03,588 transform Successfully loaded and parsed: ActivaGFINAL - Profit & Loss.csv
INFO 2025-05-01 04:09:03,588 transform   Shape: (78, 15)
INFO 2025-05-01 04:09:03,588 transform   Columns: ['concepto', 'ENERO', 'FEBRERO', 'MARZO', 'ABRIL', 'MAYO', 'JUNIO', 'JULIO', 'AGOSTO', 'SEPTIEMBRE', 'OCTUBRE', 'NOVIEMBRE', 'DICIEMBRE', 'CONSOLIDADO', 'Unnamed: 14']
INFO 2025-05-01 04:09:03,588 transform Loaded 5 CSV files
INFO 2025-05-01 04:09:03,597 transform Added brand information to 4 clients
INFO 2025-05-01 04:09:03,600 transform Merged 11 columns from activagfinal_ingresos_anuales_mensuales_proy_2
INFO 2025-05-01 04:09:03,603 transform Merged 11 columns from activagfinal_presupuesto_2_025
INFO 2025-05-01 04:09:03,603 transform Saved financial summary data from activagfinal_profit_loss
INFO 2025-05-01 04:09:03,603 transform Created combined dataframe with 52 clients and 21 columns
INFO 2025-05-01 04:09:03,621 views Initializing S3 connector
INFO 2025-05-01 04:09:03,625 utils Initialized S3Connector for bucket: activa-datalake
INFO 2025-05-01 04:09:03,625 views Initializing custom data transformer
INFO 2025-05-01 04:09:03,625 views Loading and parsing CSV files from S3
INFO 2025-05-01 04:09:03,852 utils Found 6 objects with prefix: raw-data-activa/
INFO 2025-05-01 04:09:03,935 transform Successfully loaded and parsed: ActivaGFINAL - CLIENTES MARCAS.csv
INFO 2025-05-01 04:09:03,935 transform   Shape: (74, 4)
INFO 2025-05-01 04:09:03,936 transform   Columns: ['cliente_marca', 'tipo_cliente', 'cliente_desde', 'rubro_negocios']
INFO 2025-05-01 04:09:04,013 transform Successfully loaded and parsed: ActivaGFINAL - Clientes AG 2.csv
INFO 2025-05-01 04:09:04,013 transform   Shape: (46, 2)
INFO 2025-05-01 04:09:04,014 transform   Columns: ['cliente', 'industria']
WARNING 2025-05-01 04:09:04,101 transform Could not convert column facturado_2024 to numeric: The truth value of a Series is ambiguous. Use a.empty, a.bool(), a.item(), a.any() or a.all().
WARNING 2025-05-01 04:09:04,102 transform Could not convert column facturado_2024 to numeric: The truth value of a Series is ambiguous. Use a.empty, a.bool(), a.item(), a.any() or a.all().
WARNING 2025-05-01 04:09:04,103 transform Could not convert column facturado_2024 to numeric: The truth value of a Series is ambiguous. Use a.empty, a.bool(), a.item(), a.any() or a.all().
INFO 2025-05-01 04:09:04,115 transform Successfully loaded and parsed: ActivaGFINAL - Ingresos Anuales-Mensuales Proy 2.csv
INFO 2025-05-01 04:09:04,115 transform   Shape: (77, 12)
INFO 2025-05-01 04:09:04,115 transform   Columns: ['cliente', 'facturacion', 'presupuesto', 'facturado_2024', 'facturado_2024', 'facturado_2024', '1er_trimestre', '2do_cuatrimestre', '3er_cuatrimestre', '4to_cuatrimestre', 'facturacion_anual', 'facturacion_mensual']
WARNING 2025-05-01 04:09:04,201 transform Could not convert column facturado_2024 to numeric: The truth value of a Series is ambiguous. Use a.empty, a.bool(), a.item(), a.any() or a.all().
WARNING 2025-05-01 04:09:04,203 transform Could not convert column facturado_2024 to numeric: The truth value of a Series is ambiguous. Use a.empty, a.bool(), a.item(), a.any() or a.all().
WARNING 2025-05-01 04:09:04,204 transform Could not convert column facturado_2024 to numeric: The truth value of a Series is ambiguous. Use a.empty, a.bool(), a.item(), a.any() or a.all().
INFO 2025-05-01 04:09:04,215 transform Successfully loaded and parsed: ActivaGFINAL - Presupuesto 2,025.csv
INFO 2025-05-01 04:09:04,215 transform   Shape: (79, 12)
INFO 2025-05-01 04:09:04,216 transform   Columns: ['cliente', 'facturacion', 'presupuesto', 'facturado_2024', 'facturado_2024', 'facturado_2024', '1er_trimestre', '2do_cuatrimestre', '3er_cuatrimestre', '4to_cuatrimestre', 'facturacion_real', 'proyeccion']
INFO 2025-05-01 04:09:04,325 transform Successfully loaded and parsed: ActivaGFINAL - Profit & Loss.csv
INFO 2025-05-01 04:09:04,325 transform   Shape: (78, 15)
INFO 2025-05-01 04:09:04,326 transform   Columns: ['concepto', 'ENERO', 'FEBRERO', 'MARZO', 'ABRIL', 'MAYO', 'JUNIO', 'JULIO', 'AGOSTO', 'SEPTIEMBRE', 'OCTUBRE', 'NOVIEMBRE', 'DICIEMBRE', 'CONSOLIDADO', 'Unnamed: 14']
INFO 2025-05-01 04:09:04,326 transform Loaded 5 CSV files
INFO 2025-05-01 04:09:04,326 views Transforming and combining all data
INFO 2025-05-01 04:09:04,332 transform Added brand information to 4 clients
INFO 2025-05-01 04:09:04,335 transform Merged 11 columns from activagfinal_ingresos_anuales_mensuales_proy_2
INFO 2025-05-01 04:09:04,339 transform Merged 11 columns from activagfinal_presupuesto_2_025
INFO 2025-05-01 04:09:04,339 transform Saved financial summary data from activagfinal_profit_loss
INFO 2025-05-01 04:09:04,339 transform Created combined dataframe with 52 clients and 21 columns
INFO 2025-05-01 04:09:04,339 views Getting combined data as dictionary
INFO 2025-05-01 04:09:04,344 views Successfully processed and combined data
INFO 2025-05-01 04:15:09,972 views Initializing S3 connector
INFO 2025-05-01 04:15:09,984 utils Initialized S3Connector for bucket: activa-datalake
INFO 2025-05-01 04:15:10,301 utils Found 6 objects with prefix: raw-data-activa/
INFO 2025-05-01 04:15:10,402 transform Successfully loaded and parsed: ActivaGFINAL - CLIENTES MARCAS.csv
INFO 2025-05-01 04:15:10,403 transform   Shape: (74, 4)
INFO 2025-05-01 04:15:10,403 transform   Columns: ['cliente_marca', 'tipo_cliente', 'cliente_desde', 'rubro_negocios']
INFO 2025-05-01 04:15:10,499 transform Successfully loaded and parsed: ActivaGFINAL - Clientes AG 2.csv
INFO 2025-05-01 04:15:10,500 transform   Shape: (46, 2)
INFO 2025-05-01 04:15:10,500 transform   Columns: ['cliente', 'industria']
WARNING 2025-05-01 04:15:10,597 transform Could not convert column facturado_2024 to numeric: The truth value of a Series is ambiguous. Use a.empty, a.bool(), a.item(), a.any() or a.all().
WARNING 2025-05-01 04:15:10,597 transform Could not convert column facturado_2024 to numeric: The truth value of a Series is ambiguous. Use a.empty, a.bool(), a.item(), a.any() or a.all().
WARNING 2025-05-01 04:15:10,598 transform Could not convert column facturado_2024 to numeric: The truth value of a Series is ambiguous. Use a.empty, a.bool(), a.item(), a.any() or a.all().
INFO 2025-05-01 04:15:10,609 transform Successfully loaded and parsed: ActivaGFINAL - Ingresos Anuales-Mensuales Proy 2.csv
INFO 2025-05-01 04:15:10,609 transform   Shape: (77, 12)
INFO 2025-05-01 04:15:10,609 transform   Columns: ['cliente', 'facturacion', 'presupuesto', 'facturado_2024', 'facturado_2024', 'facturado_2024', '1er_trimestre', '2do_cuatrimestre', '3er_cuatrimestre', '4to_cuatrimestre', 'facturacion_anual', 'facturacion_mensual']
WARNING 2025-05-01 04:15:10,726 transform Could not convert column facturado_2024 to numeric: The truth value of a Series is ambiguous. Use a.empty, a.bool(), a.item(), a.any() or a.all().
WARNING 2025-05-01 04:15:10,727 transform Could not convert column facturado_2024 to numeric: The truth value of a Series is ambiguous. Use a.empty, a.bool(), a.item(), a.any() or a.all().
WARNING 2025-05-01 04:15:10,728 transform Could not convert column facturado_2024 to numeric: The truth value of a Series is ambiguous. Use a.empty, a.bool(), a.item(), a.any() or a.all().
INFO 2025-05-01 04:15:10,738 transform Successfully loaded and parsed: ActivaGFINAL - Presupuesto 2,025.csv
INFO 2025-05-01 04:15:10,738 transform   Shape: (79, 12)
INFO 2025-05-01 04:15:10,738 transform   Columns: ['cliente', 'facturacion', 'presupuesto', 'facturado_2024', 'facturado_2024', 'facturado_2024', '1er_trimestre', '2do_cuatrimestre', '3er_cuatrimestre', '4to_cuatrimestre', 'facturacion_real', 'proyeccion']
INFO 2025-05-01 04:15:10,877 transform Successfully loaded and parsed: ActivaGFINAL - Profit & Loss.csv
INFO 2025-05-01 04:15:10,877 transform   Shape: (78, 15)
INFO 2025-05-01 04:15:10,877 transform   Columns: ['concepto', 'ENERO', 'FEBRERO', 'MARZO', 'ABRIL', 'MAYO', 'JUNIO', 'JULIO', 'AGOSTO', 'SEPTIEMBRE', 'OCTUBRE', 'NOVIEMBRE', 'DICIEMBRE', 'CONSOLIDADO', 'Unnamed: 14']
INFO 2025-05-01 04:15:10,877 transform Loaded 5 CSV files
INFO 2025-05-01 04:15:10,881 transform Added brand information to 4 clients
INFO 2025-05-01 04:15:10,883 transform Merged 11 columns from activagfinal_ingresos_anuales_mensuales_proy_2
INFO 2025-05-01 04:15:10,884 transform Merged 11 columns from activagfinal_presupuesto_2_025
INFO 2025-05-01 04:15:10,884 transform Saved financial summary data from activagfinal_profit_loss
INFO 2025-05-01 04:15:10,884 transform Created combined dataframe with 52 clients and 21 columns
INFO 2025-05-01 04:15:10,895 views Initializing S3 connector
INFO 2025-05-01 04:15:10,899 utils Initialized S3Connector for bucket: activa-datalake
INFO 2025-05-01 04:15:10,899 views Initializing custom data transformer
INFO 2025-05-01 04:15:10,899 views Loading and parsing CSV files from S3
INFO 2025-05-01 04:15:11,137 utils Found 6 objects with prefix: raw-data-activa/
INFO 2025-05-01 04:15:11,231 transform Successfully loaded and parsed: ActivaGFINAL - CLIENTES MARCAS.csv
INFO 2025-05-01 04:15:11,232 transform   Shape: (74, 4)
INFO 2025-05-01 04:15:11,232 transform   Columns: ['cliente_marca', 'tipo_cliente', 'cliente_desde', 'rubro_negocios']
INFO 2025-05-01 04:15:11,315 transform Successfully loaded and parsed: ActivaGFINAL - Clientes AG 2.csv
INFO 2025-05-01 04:15:11,315 transform   Shape: (46, 2)
INFO 2025-05-01 04:15:11,315 transform   Columns: ['cliente', 'industria']
WARNING 2025-05-01 04:15:11,410 transform Could not convert column facturado_2024 to numeric: The truth value of a Series is ambiguous. Use a.empty, a.bool(), a.item(), a.any() or a.all().
WARNING 2025-05-01 04:15:11,411 transform Could not convert column facturado_2024 to numeric: The truth value of a Series is ambiguous. Use a.empty, a.bool(), a.item(), a.any() or a.all().
WARNING 2025-05-01 04:15:11,412 transform Could not convert column facturado_2024 to numeric: The truth value of a Series is ambiguous. Use a.empty, a.bool(), a.item(), a.any() or a.all().
INFO 2025-05-01 04:15:11,422 transform Successfully loaded and parsed: ActivaGFINAL - Ingresos Anuales-Mensuales Proy 2.csv
INFO 2025-05-01 04:15:11,422 transform   Shape: (77, 12)
INFO 2025-05-01 04:15:11,422 transform   Columns: ['cliente', 'facturacion', 'presupuesto', 'facturado_2024', 'facturado_2024', 'facturado_2024', '1er_trimestre', '2do_cuatrimestre', '3er_cuatrimestre', '4to_cuatrimestre', 'facturacion_anual', 'facturacion_mensual']
WARNING 2025-05-01 04:15:11,513 transform Could not convert column facturado_2024 to numeric: The truth value of a Series is ambiguous. Use a.empty, a.bool(), a.item(), a.any() or a.all().
WARNING 2025-05-01 04:15:11,515 transform Could not convert column facturado_2024 to numeric: The truth value of a Series is ambiguous. Use a.empty, a.bool(), a.item(), a.any() or a.all().
WARNING 2025-05-01 04:15:11,515 transform Could not convert column facturado_2024 to numeric: The truth value of a Series is ambiguous. Use a.empty, a.bool(), a.item(), a.any() or a.all().
INFO 2025-05-01 04:15:11,527 transform Successfully loaded and parsed: ActivaGFINAL - Presupuesto 2,025.csv
INFO 2025-05-01 04:15:11,527 transform   Shape: (79, 12)
INFO 2025-05-01 04:15:11,527 transform   Columns: ['cliente', 'facturacion', 'presupuesto', 'facturado_2024', 'facturado_2024', 'facturado_2024', '1er_trimestre', '2do_cuatrimestre', '3er_cuatrimestre', '4to_cuatrimestre', 'facturacion_real', 'proyeccion']
INFO 2025-05-01 04:15:11,711 transform Successfully loaded and parsed: ActivaGFINAL - Profit & Loss.csv
INFO 2025-05-01 04:15:11,711 transform   Shape: (78, 15)
INFO 2025-05-01 04:15:11,711 transform   Columns: ['concepto', 'ENERO', 'FEBRERO', 'MARZO', 'ABRIL', 'MAYO', 'JUNIO', 'JULIO', 'AGOSTO', 'SEPTIEMBRE', 'OCTUBRE', 'NOVIEMBRE', 'DICIEMBRE', 'CONSOLIDADO', 'Unnamed: 14']
INFO 2025-05-01 04:15:11,712 transform Loaded 5 CSV files
INFO 2025-05-01 04:15:11,712 views Transforming and combining all data
INFO 2025-05-01 04:15:11,718 transform Added brand information to 4 clients
INFO 2025-05-01 04:15:11,721 transform Merged 11 columns from activagfinal_ingresos_anuales_mensuales_proy_2
INFO 2025-05-01 04:15:11,723 transform Merged 11 columns from activagfinal_presupuesto_2_025
INFO 2025-05-01 04:15:11,724 transform Saved financial summary data from activagfinal_profit_loss
INFO 2025-05-01 04:15:11,724 transform Created combined dataframe with 52 clients and 21 columns
INFO 2025-05-01 04:15:11,724 views Getting combined data as dictionary
INFO 2025-05-01 04:15:11,729 views Successfully processed and combined data
INFO 2025-05-01 04:21:29,301 views Initializing S3 connector
INFO 2025-05-01 04:21:29,310 utils Initialized S3Connector for bucket: activa-datalake
INFO 2025-05-01 04:21:29,588 utils Found 6 objects with prefix: raw-data-activa/
INFO 2025-05-01 04:21:29,672 transform Successfully loaded and parsed: ActivaGFINAL - CLIENTES MARCAS.csv
INFO 2025-05-01 04:21:29,673 transform   Shape: (74, 4)
INFO 2025-05-01 04:21:29,673 transform   Columns: ['cliente_marca', 'tipo_cliente', 'cliente_desde', 'rubro_negocios']
INFO 2025-05-01 04:21:29,753 transform Successfully loaded and parsed: ActivaGFINAL - Clientes AG 2.csv
INFO 2025-05-01 04:21:29,753 transform   Shape: (46, 2)
INFO 2025-05-01 04:21:29,753 transform   Columns: ['cliente', 'industria']
WARNING 2025-05-01 04:21:29,857 transform Could not convert column facturado_2024 to numeric: The truth value of a Series is ambiguous. Use a.empty, a.bool(), a.item(), a.any() or a.all().
WARNING 2025-05-01 04:21:29,858 transform Could not convert column facturado_2024 to numeric: The truth value of a Series is ambiguous. Use a.empty, a.bool(), a.item(), a.any() or a.all().
WARNING 2025-05-01 04:21:29,859 transform Could not convert column facturado_2024 to numeric: The truth value of a Series is ambiguous. Use a.empty, a.bool(), a.item(), a.any() or a.all().
INFO 2025-05-01 04:21:29,870 transform Successfully loaded and parsed: ActivaGFINAL - Ingresos Anuales-Mensuales Proy 2.csv
INFO 2025-05-01 04:21:29,870 transform   Shape: (77, 12)
INFO 2025-05-01 04:21:29,870 transform   Columns: ['cliente', 'facturacion', 'presupuesto', 'facturado_2024', 'facturado_2024', 'facturado_2024', '1er_trimestre', '2do_cuatrimestre', '3er_cuatrimestre', '4to_cuatrimestre', 'facturacion_anual', 'facturacion_mensual']
WARNING 2025-05-01 04:21:29,998 transform Could not convert column facturado_2024 to numeric: The truth value of a Series is ambiguous. Use a.empty, a.bool(), a.item(), a.any() or a.all().
WARNING 2025-05-01 04:21:29,999 transform Could not convert column facturado_2024 to numeric: The truth value of a Series is ambiguous. Use a.empty, a.bool(), a.item(), a.any() or a.all().
WARNING 2025-05-01 04:21:30,000 transform Could not convert column facturado_2024 to numeric: The truth value of a Series is ambiguous. Use a.empty, a.bool(), a.item(), a.any() or a.all().
INFO 2025-05-01 04:21:30,009 transform Successfully loaded and parsed: ActivaGFINAL - Presupuesto 2,025.csv
INFO 2025-05-01 04:21:30,009 transform   Shape: (79, 12)
INFO 2025-05-01 04:21:30,009 transform   Columns: ['cliente', 'facturacion', 'presupuesto', 'facturado_2024', 'facturado_2024', 'facturado_2024', '1er_trimestre', '2do_cuatrimestre', '3er_cuatrimestre', '4to_cuatrimestre', 'facturacion_real', 'proyeccion']
INFO 2025-05-01 04:21:30,119 transform Successfully loaded and parsed: ActivaGFINAL - Profit & Loss.csv
INFO 2025-05-01 04:21:30,119 transform   Shape: (78, 15)
INFO 2025-05-01 04:21:30,120 transform   Columns: ['concepto', 'ENERO', 'FEBRERO', 'MARZO', 'ABRIL', 'MAYO', 'JUNIO', 'JULIO', 'AGOSTO', 'SEPTIEMBRE', 'OCTUBRE', 'NOVIEMBRE', 'DICIEMBRE', 'CONSOLIDADO', 'Unnamed: 14']
INFO 2025-05-01 04:21:30,120 transform Loaded 5 CSV files
INFO 2025-05-01 04:21:30,127 transform Added brand information to 4 clients
INFO 2025-05-01 04:21:30,130 transform Merged 11 columns from activagfinal_ingresos_anuales_mensuales_proy_2
INFO 2025-05-01 04:21:30,132 transform Merged 11 columns from activagfinal_presupuesto_2_025
INFO 2025-05-01 04:21:30,132 transform Saved financial summary data from activagfinal_profit_loss
INFO 2025-05-01 04:21:30,132 transform Created combined dataframe with 52 clients and 21 columns
INFO 2025-05-01 04:21:30,143 views Initializing S3 connector
INFO 2025-05-01 04:21:30,145 utils Initialized S3Connector for bucket: activa-datalake
INFO 2025-05-01 04:21:30,146 views Initializing custom data transformer
INFO 2025-05-01 04:21:30,146 views Loading and parsing CSV files from S3
INFO 2025-05-01 04:21:30,366 utils Found 6 objects with prefix: raw-data-activa/
INFO 2025-05-01 04:21:30,445 transform Successfully loaded and parsed: ActivaGFINAL - CLIENTES MARCAS.csv
INFO 2025-05-01 04:21:30,445 transform   Shape: (74, 4)
INFO 2025-05-01 04:21:30,446 transform   Columns: ['cliente_marca', 'tipo_cliente', 'cliente_desde', 'rubro_negocios']
INFO 2025-05-01 04:21:30,521 transform Successfully loaded and parsed: ActivaGFINAL - Clientes AG 2.csv
INFO 2025-05-01 04:21:30,521 transform   Shape: (46, 2)
INFO 2025-05-01 04:21:30,521 transform   Columns: ['cliente', 'industria']
WARNING 2025-05-01 04:21:30,618 transform Could not convert column facturado_2024 to numeric: The truth value of a Series is ambiguous. Use a.empty, a.bool(), a.item(), a.any() or a.all().
WARNING 2025-05-01 04:21:30,620 transform Could not convert column facturado_2024 to numeric: The truth value of a Series is ambiguous. Use a.empty, a.bool(), a.item(), a.any() or a.all().
WARNING 2025-05-01 04:21:30,621 transform Could not convert column facturado_2024 to numeric: The truth value of a Series is ambiguous. Use a.empty, a.bool(), a.item(), a.any() or a.all().
INFO 2025-05-01 04:21:30,629 transform Successfully loaded and parsed: ActivaGFINAL - Ingresos Anuales-Mensuales Proy 2.csv
INFO 2025-05-01 04:21:30,629 transform   Shape: (77, 12)
INFO 2025-05-01 04:21:30,629 transform   Columns: ['cliente', 'facturacion', 'presupuesto', 'facturado_2024', 'facturado_2024', 'facturado_2024', '1er_trimestre', '2do_cuatrimestre', '3er_cuatrimestre', '4to_cuatrimestre', 'facturacion_anual', 'facturacion_mensual']
WARNING 2025-05-01 04:21:30,719 transform Could not convert column facturado_2024 to numeric: The truth value of a Series is ambiguous. Use a.empty, a.bool(), a.item(), a.any() or a.all().
WARNING 2025-05-01 04:21:30,720 transform Could not convert column facturado_2024 to numeric: The truth value of a Series is ambiguous. Use a.empty, a.bool(), a.item(), a.any() or a.all().
WARNING 2025-05-01 04:21:30,721 transform Could not convert column facturado_2024 to numeric: The truth value of a Series is ambiguous. Use a.empty, a.bool(), a.item(), a.any() or a.all().
INFO 2025-05-01 04:21:30,732 transform Successfully loaded and parsed: ActivaGFINAL - Presupuesto 2,025.csv
INFO 2025-05-01 04:21:30,733 transform   Shape: (79, 12)
INFO 2025-05-01 04:21:30,733 transform   Columns: ['cliente', 'facturacion', 'presupuesto', 'facturado_2024', 'facturado_2024', 'facturado_2024', '1er_trimestre', '2do_cuatrimestre', '3er_cuatrimestre', '4to_cuatrimestre', 'facturacion_real', 'proyeccion']
INFO 2025-05-01 04:21:30,836 transform Successfully loaded and parsed: ActivaGFINAL - Profit & Loss.csv
INFO 2025-05-01 04:21:30,836 transform   Shape: (78, 15)
INFO 2025-05-01 04:21:30,836 transform   Columns: ['concepto', 'ENERO', 'FEBRERO', 'MARZO', 'ABRIL', 'MAYO', 'JUNIO', 'JULIO', 'AGOSTO', 'SEPTIEMBRE', 'OCTUBRE', 'NOVIEMBRE', 'DICIEMBRE', 'CONSOLIDADO', 'Unnamed: 14']
INFO 2025-05-01 04:21:30,836 transform Loaded 5 CSV files
INFO 2025-05-01 04:21:30,836 views Transforming and combining all data
INFO 2025-05-01 04:21:30,841 transform Added brand information to 4 clients
INFO 2025-05-01 04:21:30,843 transform Merged 11 columns from activagfinal_ingresos_anuales_mensuales_proy_2
INFO 2025-05-01 04:21:30,846 transform Merged 11 columns from activagfinal_presupuesto_2_025
INFO 2025-05-01 04:21:30,846 transform Saved financial summary data from activagfinal_profit_loss
INFO 2025-05-01 04:21:30,846 transform Created combined dataframe with 52 clients and 21 columns
INFO 2025-05-01 04:21:30,846 views Getting combined data as dictionary
INFO 2025-05-01 04:21:30,851 views Successfully processed and combined data
INFO 2025-05-01 04:27:31,965 views Initializing S3 connector
INFO 2025-05-01 04:27:31,974 utils Initialized S3Connector for bucket: activa-datalake
INFO 2025-05-01 04:27:32,310 utils Found 6 objects with prefix: raw-data-activa/
INFO 2025-05-01 04:27:32,403 transform Successfully loaded and parsed: ActivaGFINAL - CLIENTES MARCAS.csv
INFO 2025-05-01 04:27:32,404 transform   Shape: (74, 4)
INFO 2025-05-01 04:27:32,404 transform   Columns: ['cliente_marca', 'tipo_cliente', 'cliente_desde', 'rubro_negocios']
INFO 2025-05-01 04:27:32,498 transform Successfully loaded and parsed: ActivaGFINAL - Clientes AG 2.csv
INFO 2025-05-01 04:27:32,498 transform   Shape: (46, 2)
INFO 2025-05-01 04:27:32,499 transform   Columns: ['cliente', 'industria']
WARNING 2025-05-01 04:27:32,584 transform Could not convert column facturado_2024 to numeric: The truth value of a Series is ambiguous. Use a.empty, a.bool(), a.item(), a.any() or a.all().
WARNING 2025-05-01 04:27:32,585 transform Could not convert column facturado_2024 to numeric: The truth value of a Series is ambiguous. Use a.empty, a.bool(), a.item(), a.any() or a.all().
WARNING 2025-05-01 04:27:32,585 transform Could not convert column facturado_2024 to numeric: The truth value of a Series is ambiguous. Use a.empty, a.bool(), a.item(), a.any() or a.all().
INFO 2025-05-01 04:27:32,597 transform Successfully loaded and parsed: ActivaGFINAL - Ingresos Anuales-Mensuales Proy 2.csv
INFO 2025-05-01 04:27:32,598 transform   Shape: (77, 12)
INFO 2025-05-01 04:27:32,598 transform   Columns: ['cliente', 'facturacion', 'presupuesto', 'facturado_2024', 'facturado_2024', 'facturado_2024', '1er_trimestre', '2do_cuatrimestre', '3er_cuatrimestre', '4to_cuatrimestre', 'facturacion_anual', 'facturacion_mensual']
WARNING 2025-05-01 04:27:32,693 transform Could not convert column facturado_2024 to numeric: The truth value of a Series is ambiguous. Use a.empty, a.bool(), a.item(), a.any() or a.all().
WARNING 2025-05-01 04:27:32,694 transform Could not convert column facturado_2024 to numeric: The truth value of a Series is ambiguous. Use a.empty, a.bool(), a.item(), a.any() or a.all().
WARNING 2025-05-01 04:27:32,695 transform Could not convert column facturado_2024 to numeric: The truth value of a Series is ambiguous. Use a.empty, a.bool(), a.item(), a.any() or a.all().
INFO 2025-05-01 04:27:32,708 transform Successfully loaded and parsed: ActivaGFINAL - Presupuesto 2,025.csv
INFO 2025-05-01 04:27:32,708 transform   Shape: (79, 12)
INFO 2025-05-01 04:27:32,708 transform   Columns: ['cliente', 'facturacion', 'presupuesto', 'facturado_2024', 'facturado_2024', 'facturado_2024', '1er_trimestre', '2do_cuatrimestre', '3er_cuatrimestre', '4to_cuatrimestre', 'facturacion_real', 'proyeccion']
INFO 2025-05-01 04:27:32,816 transform Successfully loaded and parsed: ActivaGFINAL - Profit & Loss.csv
INFO 2025-05-01 04:27:32,817 transform   Shape: (78, 15)
INFO 2025-05-01 04:27:32,817 transform   Columns: ['concepto', 'ENERO', 'FEBRERO', 'MARZO', 'ABRIL', 'MAYO', 'JUNIO', 'JULIO', 'AGOSTO', 'SEPTIEMBRE', 'OCTUBRE', 'NOVIEMBRE', 'DICIEMBRE', 'CONSOLIDADO', 'Unnamed: 14']
INFO 2025-05-01 04:27:32,817 transform Loaded 5 CSV files
INFO 2025-05-01 04:27:32,826 transform Added brand information to 4 clients
INFO 2025-05-01 04:27:32,830 transform Merged 11 columns from activagfinal_ingresos_anuales_mensuales_proy_2
INFO 2025-05-01 04:27:32,833 transform Merged 11 columns from activagfinal_presupuesto_2_025
INFO 2025-05-01 04:27:32,833 transform Saved financial summary data from activagfinal_profit_loss
INFO 2025-05-01 04:27:32,834 transform Created combined dataframe with 52 clients and 21 columns
INFO 2025-05-01 04:27:32,850 views Initializing S3 connector
INFO 2025-05-01 04:27:32,856 utils Initialized S3Connector for bucket: activa-datalake
INFO 2025-05-01 04:27:32,856 views Initializing custom data transformer
INFO 2025-05-01 04:27:32,856 views Loading and parsing CSV files from S3
INFO 2025-05-01 04:27:33,106 utils Found 6 objects with prefix: raw-data-activa/
INFO 2025-05-01 04:27:33,202 transform Successfully loaded and parsed: ActivaGFINAL - CLIENTES MARCAS.csv
INFO 2025-05-01 04:27:33,203 transform   Shape: (74, 4)
INFO 2025-05-01 04:27:33,203 transform   Columns: ['cliente_marca', 'tipo_cliente', 'cliente_desde', 'rubro_negocios']
INFO 2025-05-01 04:27:33,291 transform Successfully loaded and parsed: ActivaGFINAL - Clientes AG 2.csv
INFO 2025-05-01 04:27:33,292 transform   Shape: (46, 2)
INFO 2025-05-01 04:27:33,292 transform   Columns: ['cliente', 'industria']
WARNING 2025-05-01 04:27:33,384 transform Could not convert column facturado_2024 to numeric: The truth value of a Series is ambiguous. Use a.empty, a.bool(), a.item(), a.any() or a.all().
WARNING 2025-05-01 04:27:33,385 transform Could not convert column facturado_2024 to numeric: The truth value of a Series is ambiguous. Use a.empty, a.bool(), a.item(), a.any() or a.all().
WARNING 2025-05-01 04:27:33,387 transform Could not convert column facturado_2024 to numeric: The truth value of a Series is ambiguous. Use a.empty, a.bool(), a.item(), a.any() or a.all().
INFO 2025-05-01 04:27:33,402 transform Successfully loaded and parsed: ActivaGFINAL - Ingresos Anuales-Mensuales Proy 2.csv
INFO 2025-05-01 04:27:33,402 transform   Shape: (77, 12)
INFO 2025-05-01 04:27:33,402 transform   Columns: ['cliente', 'facturacion', 'presupuesto', 'facturado_2024', 'facturado_2024', 'facturado_2024', '1er_trimestre', '2do_cuatrimestre', '3er_cuatrimestre', '4to_cuatrimestre', 'facturacion_anual', 'facturacion_mensual']
WARNING 2025-05-01 04:27:33,495 transform Could not convert column facturado_2024 to numeric: The truth value of a Series is ambiguous. Use a.empty, a.bool(), a.item(), a.any() or a.all().
WARNING 2025-05-01 04:27:33,497 transform Could not convert column facturado_2024 to numeric: The truth value of a Series is ambiguous. Use a.empty, a.bool(), a.item(), a.any() or a.all().
WARNING 2025-05-01 04:27:33,498 transform Could not convert column facturado_2024 to numeric: The truth value of a Series is ambiguous. Use a.empty, a.bool(), a.item(), a.any() or a.all().
INFO 2025-05-01 04:27:33,509 transform Successfully loaded and parsed: ActivaGFINAL - Presupuesto 2,025.csv
INFO 2025-05-01 04:27:33,509 transform   Shape: (79, 12)
INFO 2025-05-01 04:27:33,510 transform   Columns: ['cliente', 'facturacion', 'presupuesto', 'facturado_2024', 'facturado_2024', 'facturado_2024', '1er_trimestre', '2do_cuatrimestre', '3er_cuatrimestre', '4to_cuatrimestre', 'facturacion_real', 'proyeccion']
INFO 2025-05-01 04:27:33,611 transform Successfully loaded and parsed: ActivaGFINAL - Profit & Loss.csv
INFO 2025-05-01 04:27:33,611 transform   Shape: (78, 15)
INFO 2025-05-01 04:27:33,611 transform   Columns: ['concepto', 'ENERO', 'FEBRERO', 'MARZO', 'ABRIL', 'MAYO', 'JUNIO', 'JULIO', 'AGOSTO', 'SEPTIEMBRE', 'OCTUBRE', 'NOVIEMBRE', 'DICIEMBRE', 'CONSOLIDADO', 'Unnamed: 14']
INFO 2025-05-01 04:27:33,611 transform Loaded 5 CSV files
INFO 2025-05-01 04:27:33,611 views Transforming and combining all data
INFO 2025-05-01 04:27:33,615 transform Added brand information to 4 clients
INFO 2025-05-01 04:27:33,618 transform Merged 11 columns from activagfinal_ingresos_anuales_mensuales_proy_2
INFO 2025-05-01 04:27:33,620 transform Merged 11 columns from activagfinal_presupuesto_2_025
INFO 2025-05-01 04:27:33,620 transform Saved financial summary data from activagfinal_profit_loss
INFO 2025-05-01 04:27:33,620 transform Created combined dataframe with 52 clients and 21 columns
INFO 2025-05-01 04:27:33,620 views Getting combined data as dictionary
INFO 2025-05-01 04:27:33,625 views Successfully processed and combined data
INFO 2025-05-01 13:10:36,610 views Initializing S3 connector
INFO 2025-05-01 13:10:36,634 utils Initialized S3Connector for bucket: activa-datalake
INFO 2025-05-01 13:10:37,528 utils Found 6 objects with prefix: raw-data-activa/
INFO 2025-05-01 13:10:37,779 transform Successfully loaded and parsed: ActivaGFINAL - CLIENTES MARCAS.csv
INFO 2025-05-01 13:10:37,779 transform   Shape: (74, 4)
INFO 2025-05-01 13:10:37,779 transform   Columns: ['cliente_marca', 'tipo_cliente', 'cliente_desde', 'rubro_negocios']
INFO 2025-05-01 13:10:38,081 transform Successfully loaded and parsed: ActivaGFINAL - Clientes AG 2.csv
INFO 2025-05-01 13:10:38,082 transform   Shape: (46, 2)
INFO 2025-05-01 13:10:38,082 transform   Columns: ['cliente', 'industria']
WARNING 2025-05-01 13:10:38,221 transform Could not convert column facturado_2024 to numeric: The truth value of a Series is ambiguous. Use a.empty, a.bool(), a.item(), a.any() or a.all().
WARNING 2025-05-01 13:10:38,223 transform Could not convert column facturado_2024 to numeric: The truth value of a Series is ambiguous. Use a.empty, a.bool(), a.item(), a.any() or a.all().
WARNING 2025-05-01 13:10:38,224 transform Could not convert column facturado_2024 to numeric: The truth value of a Series is ambiguous. Use a.empty, a.bool(), a.item(), a.any() or a.all().
INFO 2025-05-01 13:10:38,230 transform Successfully loaded and parsed: ActivaGFINAL - Ingresos Anuales-Mensuales Proy 2.csv
INFO 2025-05-01 13:10:38,230 transform   Shape: (77, 12)
INFO 2025-05-01 13:10:38,230 transform   Columns: ['cliente', 'facturacion', 'presupuesto', 'facturado_2024', 'facturado_2024', 'facturado_2024', '1er_trimestre', '2do_cuatrimestre', '3er_cuatrimestre', '4to_cuatrimestre', 'facturacion_anual', 'facturacion_mensual']
WARNING 2025-05-01 13:10:38,380 transform Could not convert column facturado_2024 to numeric: The truth value of a Series is ambiguous. Use a.empty, a.bool(), a.item(), a.any() or a.all().
WARNING 2025-05-01 13:10:38,381 transform Could not convert column facturado_2024 to numeric: The truth value of a Series is ambiguous. Use a.empty, a.bool(), a.item(), a.any() or a.all().
WARNING 2025-05-01 13:10:38,383 transform Could not convert column facturado_2024 to numeric: The truth value of a Series is ambiguous. Use a.empty, a.bool(), a.item(), a.any() or a.all().
INFO 2025-05-01 13:10:38,393 transform Successfully loaded and parsed: ActivaGFINAL - Presupuesto 2,025.csv
INFO 2025-05-01 13:10:38,393 transform   Shape: (79, 12)
INFO 2025-05-01 13:10:38,394 transform   Columns: ['cliente', 'facturacion', 'presupuesto', 'facturado_2024', 'facturado_2024', 'facturado_2024', '1er_trimestre', '2do_cuatrimestre', '3er_cuatrimestre', '4to_cuatrimestre', 'facturacion_real', 'proyeccion']
INFO 2025-05-01 13:10:38,531 transform Successfully loaded and parsed: ActivaGFINAL - Profit & Loss.csv
INFO 2025-05-01 13:10:38,531 transform   Shape: (78, 15)
INFO 2025-05-01 13:10:38,531 transform   Columns: ['concepto', 'ENERO', 'FEBRERO', 'MARZO', 'ABRIL', 'MAYO', 'JUNIO', 'JULIO', 'AGOSTO', 'SEPTIEMBRE', 'OCTUBRE', 'NOVIEMBRE', 'DICIEMBRE', 'CONSOLIDADO', 'Unnamed: 14']
INFO 2025-05-01 13:10:38,531 transform Loaded 5 CSV files
INFO 2025-05-01 13:10:38,540 transform Added brand information to 4 clients
INFO 2025-05-01 13:10:38,543 transform Merged 11 columns from activagfinal_ingresos_anuales_mensuales_proy_2
INFO 2025-05-01 13:10:38,544 transform Merged 11 columns from activagfinal_presupuesto_2_025
INFO 2025-05-01 13:10:38,545 transform Saved financial summary data from activagfinal_profit_loss
INFO 2025-05-01 13:10:38,545 transform Created combined dataframe with 52 clients and 21 columns
INFO 2025-05-01 13:10:38,562 views Initializing S3 connector
INFO 2025-05-01 13:10:38,567 utils Initialized S3Connector for bucket: activa-datalake
INFO 2025-05-01 13:10:38,567 views Initializing custom data transformer
INFO 2025-05-01 13:10:38,567 views Loading and parsing CSV files from S3
INFO 2025-05-01 13:10:38,816 utils Found 6 objects with prefix: raw-data-activa/
INFO 2025-05-01 13:10:38,952 transform Successfully loaded and parsed: ActivaGFINAL - CLIENTES MARCAS.csv
INFO 2025-05-01 13:10:38,953 transform   Shape: (74, 4)
INFO 2025-05-01 13:10:38,953 transform   Columns: ['cliente_marca', 'tipo_cliente', 'cliente_desde', 'rubro_negocios']
INFO 2025-05-01 13:10:39,039 transform Successfully loaded and parsed: ActivaGFINAL - Clientes AG 2.csv
INFO 2025-05-01 13:10:39,040 transform   Shape: (46, 2)
INFO 2025-05-01 13:10:39,040 transform   Columns: ['cliente', 'industria']
WARNING 2025-05-01 13:10:39,970 transform Could not convert column facturado_2024 to numeric: The truth value of a Series is ambiguous. Use a.empty, a.bool(), a.item(), a.any() or a.all().
WARNING 2025-05-01 13:10:39,971 transform Could not convert column facturado_2024 to numeric: The truth value of a Series is ambiguous. Use a.empty, a.bool(), a.item(), a.any() or a.all().
WARNING 2025-05-01 13:10:39,972 transform Could not convert column facturado_2024 to numeric: The truth value of a Series is ambiguous. Use a.empty, a.bool(), a.item(), a.any() or a.all().
INFO 2025-05-01 13:10:39,981 transform Successfully loaded and parsed: ActivaGFINAL - Ingresos Anuales-Mensuales Proy 2.csv
INFO 2025-05-01 13:10:39,981 transform   Shape: (77, 12)
INFO 2025-05-01 13:10:39,982 transform   Columns: ['cliente', 'facturacion', 'presupuesto', 'facturado_2024', 'facturado_2024', 'facturado_2024', '1er_trimestre', '2do_cuatrimestre', '3er_cuatrimestre', '4to_cuatrimestre', 'facturacion_anual', 'facturacion_mensual']
WARNING 2025-05-01 13:10:40,258 transform Could not convert column facturado_2024 to numeric: The truth value of a Series is ambiguous. Use a.empty, a.bool(), a.item(), a.any() or a.all().
WARNING 2025-05-01 13:10:40,259 transform Could not convert column facturado_2024 to numeric: The truth value of a Series is ambiguous. Use a.empty, a.bool(), a.item(), a.any() or a.all().
WARNING 2025-05-01 13:10:40,261 transform Could not convert column facturado_2024 to numeric: The truth value of a Series is ambiguous. Use a.empty, a.bool(), a.item(), a.any() or a.all().
INFO 2025-05-01 13:10:40,278 transform Successfully loaded and parsed: ActivaGFINAL - Presupuesto 2,025.csv
INFO 2025-05-01 13:10:40,278 transform   Shape: (79, 12)
INFO 2025-05-01 13:10:40,278 transform   Columns: ['cliente', 'facturacion', 'presupuesto', 'facturado_2024', 'facturado_2024', 'facturado_2024', '1er_trimestre', '2do_cuatrimestre', '3er_cuatrimestre', '4to_cuatrimestre', 'facturacion_real', 'proyeccion']
INFO 2025-05-01 13:10:40,451 transform Successfully loaded and parsed: ActivaGFINAL - Profit & Loss.csv
INFO 2025-05-01 13:10:40,452 transform   Shape: (78, 15)
INFO 2025-05-01 13:10:40,452 transform   Columns: ['concepto', 'ENERO', 'FEBRERO', 'MARZO', 'ABRIL', 'MAYO', 'JUNIO', 'JULIO', 'AGOSTO', 'SEPTIEMBRE', 'OCTUBRE', 'NOVIEMBRE', 'DICIEMBRE', 'CONSOLIDADO', 'Unnamed: 14']
INFO 2025-05-01 13:10:40,452 transform Loaded 5 CSV files
INFO 2025-05-01 13:10:40,452 views Transforming and combining all data
INFO 2025-05-01 13:10:40,459 transform Added brand information to 4 clients
INFO 2025-05-01 13:10:40,463 transform Merged 11 columns from activagfinal_ingresos_anuales_mensuales_proy_2
INFO 2025-05-01 13:10:40,466 transform Merged 11 columns from activagfinal_presupuesto_2_025
INFO 2025-05-01 13:10:40,466 transform Saved financial summary data from activagfinal_profit_loss
INFO 2025-05-01 13:10:40,466 transform Created combined dataframe with 52 clients and 21 columns
INFO 2025-05-01 13:10:40,466 views Getting combined data as dictionary
INFO 2025-05-01 13:10:40,471 views Successfully processed and combined data
INFO 2025-05-01 15:13:55,004 views Initializing S3 connector
INFO 2025-05-01 15:13:55,030 utils Initialized S3Connector for bucket: activa-datalake
INFO 2025-05-01 15:13:55,031 views Initializing custom data transformer
INFO 2025-05-01 15:13:55,031 views Loading and parsing CSV files from S3
INFO 2025-05-01 15:13:55,400 utils Found 6 objects with prefix: raw-data-activa/
INFO 2025-05-01 15:13:55,531 transform Successfully loaded and parsed: ActivaGFINAL - CLIENTES MARCAS.csv
INFO 2025-05-01 15:13:55,531 transform   Shape: (74, 4)
INFO 2025-05-01 15:13:55,531 transform   Columns: ['cliente_marca', 'tipo_cliente', 'cliente_desde', 'rubro_negocios']
INFO 2025-05-01 15:13:55,742 transform Successfully loaded and parsed: ActivaGFINAL - Clientes AG 2.csv
INFO 2025-05-01 15:13:55,742 transform   Shape: (46, 2)
INFO 2025-05-01 15:13:55,743 transform   Columns: ['cliente', 'industria']
WARNING 2025-05-01 15:13:55,904 transform Could not convert column facturado_2024 to numeric: The truth value of a Series is ambiguous. Use a.empty, a.bool(), a.item(), a.any() or a.all().
WARNING 2025-05-01 15:13:55,904 transform Could not convert column facturado_2024 to numeric: The truth value of a Series is ambiguous. Use a.empty, a.bool(), a.item(), a.any() or a.all().
WARNING 2025-05-01 15:13:55,905 transform Could not convert column facturado_2024 to numeric: The truth value of a Series is ambiguous. Use a.empty, a.bool(), a.item(), a.any() or a.all().
INFO 2025-05-01 15:13:55,911 transform Successfully loaded and parsed: ActivaGFINAL - Ingresos Anuales-Mensuales Proy 2.csv
INFO 2025-05-01 15:13:55,911 transform   Shape: (77, 12)
INFO 2025-05-01 15:13:55,911 transform   Columns: ['cliente', 'facturacion', 'presupuesto', 'facturado_2024', 'facturado_2024', 'facturado_2024', '1er_trimestre', '2do_cuatrimestre', '3er_cuatrimestre', '4to_cuatrimestre', 'facturacion_anual', 'facturacion_mensual']
WARNING 2025-05-01 15:13:56,101 transform Could not convert column facturado_2024 to numeric: The truth value of a Series is ambiguous. Use a.empty, a.bool(), a.item(), a.any() or a.all().
WARNING 2025-05-01 15:13:56,103 transform Could not convert column facturado_2024 to numeric: The truth value of a Series is ambiguous. Use a.empty, a.bool(), a.item(), a.any() or a.all().
WARNING 2025-05-01 15:13:56,104 transform Could not convert column facturado_2024 to numeric: The truth value of a Series is ambiguous. Use a.empty, a.bool(), a.item(), a.any() or a.all().
INFO 2025-05-01 15:13:56,115 transform Successfully loaded and parsed: ActivaGFINAL - Presupuesto 2,025.csv
INFO 2025-05-01 15:13:56,115 transform   Shape: (79, 12)
INFO 2025-05-01 15:13:56,115 transform   Columns: ['cliente', 'facturacion', 'presupuesto', 'facturado_2024', 'facturado_2024', 'facturado_2024', '1er_trimestre', '2do_cuatrimestre', '3er_cuatrimestre', '4to_cuatrimestre', 'facturacion_real', 'proyeccion']
INFO 2025-05-01 15:13:56,305 transform Successfully loaded and parsed: ActivaGFINAL - Profit & Loss.csv
INFO 2025-05-01 15:13:56,305 transform   Shape: (78, 15)
INFO 2025-05-01 15:13:56,305 transform   Columns: ['concepto', 'ENERO', 'FEBRERO', 'MARZO', 'ABRIL', 'MAYO', 'JUNIO', 'JULIO', 'AGOSTO', 'SEPTIEMBRE', 'OCTUBRE', 'NOVIEMBRE', 'DICIEMBRE', 'CONSOLIDADO', 'Unnamed: 14']
INFO 2025-05-01 15:13:56,305 transform Loaded 5 CSV files
INFO 2025-05-01 15:13:56,305 views Transforming and combining all data
INFO 2025-05-01 15:13:56,321 transform Added brand information to 4 clients
INFO 2025-05-01 15:13:56,324 transform Merged 11 columns from activagfinal_ingresos_anuales_mensuales_proy_2
INFO 2025-05-01 15:13:56,327 transform Merged 11 columns from activagfinal_presupuesto_2_025
INFO 2025-05-01 15:13:56,327 transform Saved financial summary data from activagfinal_profit_loss
INFO 2025-05-01 15:13:56,328 transform Created combined dataframe with 52 clients and 21 columns
INFO 2025-05-01 15:13:56,328 views Getting combined data as dictionary
INFO 2025-05-01 15:13:56,332 views Successfully processed and combined data
INFO 2025-05-01 15:14:53,941 views Initializing S3 connector
INFO 2025-05-01 15:14:53,949 utils Initialized S3Connector for bucket: activa-datalake
INFO 2025-05-01 15:14:54,739 utils Found 6 objects with prefix: raw-data-activa/
INFO 2025-05-01 15:14:54,841 transform Successfully loaded and parsed: ActivaGFINAL - CLIENTES MARCAS.csv
INFO 2025-05-01 15:14:54,841 transform   Shape: (74, 4)
INFO 2025-05-01 15:14:54,842 transform   Columns: ['cliente_marca', 'tipo_cliente', 'cliente_desde', 'rubro_negocios']
INFO 2025-05-01 15:14:54,938 transform Successfully loaded and parsed: ActivaGFINAL - Clientes AG 2.csv
INFO 2025-05-01 15:14:54,938 transform   Shape: (46, 2)
INFO 2025-05-01 15:14:54,939 transform   Columns: ['cliente', 'industria']
WARNING 2025-05-01 15:14:55,027 transform Could not convert column facturado_2024 to numeric: The truth value of a Series is ambiguous. Use a.empty, a.bool(), a.item(), a.any() or a.all().
WARNING 2025-05-01 15:14:55,028 transform Could not convert column facturado_2024 to numeric: The truth value of a Series is ambiguous. Use a.empty, a.bool(), a.item(), a.any() or a.all().
WARNING 2025-05-01 15:14:55,029 transform Could not convert column facturado_2024 to numeric: The truth value of a Series is ambiguous. Use a.empty, a.bool(), a.item(), a.any() or a.all().
INFO 2025-05-01 15:14:55,040 transform Successfully loaded and parsed: ActivaGFINAL - Ingresos Anuales-Mensuales Proy 2.csv
INFO 2025-05-01 15:14:55,041 transform   Shape: (77, 12)
INFO 2025-05-01 15:14:55,041 transform   Columns: ['cliente', 'facturacion', 'presupuesto', 'facturado_2024', 'facturado_2024', 'facturado_2024', '1er_trimestre', '2do_cuatrimestre', '3er_cuatrimestre', '4to_cuatrimestre', 'facturacion_anual', 'facturacion_mensual']
WARNING 2025-05-01 15:14:55,130 transform Could not convert column facturado_2024 to numeric: The truth value of a Series is ambiguous. Use a.empty, a.bool(), a.item(), a.any() or a.all().
WARNING 2025-05-01 15:14:55,131 transform Could not convert column facturado_2024 to numeric: The truth value of a Series is ambiguous. Use a.empty, a.bool(), a.item(), a.any() or a.all().
WARNING 2025-05-01 15:14:55,132 transform Could not convert column facturado_2024 to numeric: The truth value of a Series is ambiguous. Use a.empty, a.bool(), a.item(), a.any() or a.all().
INFO 2025-05-01 15:14:55,143 transform Successfully loaded and parsed: ActivaGFINAL - Presupuesto 2,025.csv
INFO 2025-05-01 15:14:55,143 transform   Shape: (79, 12)
INFO 2025-05-01 15:14:55,144 transform   Columns: ['cliente', 'facturacion', 'presupuesto', 'facturado_2024', 'facturado_2024', 'facturado_2024', '1er_trimestre', '2do_cuatrimestre', '3er_cuatrimestre', '4to_cuatrimestre', 'facturacion_real', 'proyeccion']
INFO 2025-05-01 15:14:55,258 transform Successfully loaded and parsed: ActivaGFINAL - Profit & Loss.csv
INFO 2025-05-01 15:14:55,258 transform   Shape: (78, 15)
INFO 2025-05-01 15:14:55,258 transform   Columns: ['concepto', 'ENERO', 'FEBRERO', 'MARZO', 'ABRIL', 'MAYO', 'JUNIO', 'JULIO', 'AGOSTO', 'SEPTIEMBRE', 'OCTUBRE', 'NOVIEMBRE', 'DICIEMBRE', 'CONSOLIDADO', 'Unnamed: 14']
INFO 2025-05-01 15:14:55,259 transform Loaded 5 CSV files
INFO 2025-05-01 15:14:55,267 transform Added brand information to 4 clients
INFO 2025-05-01 15:14:55,270 transform Merged 11 columns from activagfinal_ingresos_anuales_mensuales_proy_2
INFO 2025-05-01 15:14:55,273 transform Merged 11 columns from activagfinal_presupuesto_2_025
INFO 2025-05-01 15:14:55,273 transform Saved financial summary data from activagfinal_profit_loss
INFO 2025-05-01 15:14:55,274 transform Created combined dataframe with 52 clients and 21 columns
INFO 2025-05-01 21:45:07,894 views Initializing S3 connector
INFO 2025-05-01 21:45:07,913 utils Initialized S3Connector for bucket: activa-datalake
INFO 2025-05-01 21:45:09,308 utils Found 6 objects with prefix: raw-data-activa/
INFO 2025-05-01 21:45:09,419 transform Successfully loaded and parsed: ActivaGFINAL - CLIENTES MARCAS.csv
INFO 2025-05-01 21:45:09,420 transform   Shape: (74, 4)
INFO 2025-05-01 21:45:09,420 transform   Columns: ['cliente_marca', 'tipo_cliente', 'cliente_desde', 'rubro_negocios']
INFO 2025-05-01 21:45:09,516 transform Successfully loaded and parsed: ActivaGFINAL - Clientes AG 2.csv
INFO 2025-05-01 21:45:09,516 transform   Shape: (46, 2)
INFO 2025-05-01 21:45:09,516 transform   Columns: ['cliente', 'industria']
WARNING 2025-05-01 21:45:09,623 transform Could not convert column facturado_2024 to numeric: The truth value of a Series is ambiguous. Use a.empty, a.bool(), a.item(), a.any() or a.all().
WARNING 2025-05-01 21:45:09,624 transform Could not convert column facturado_2024 to numeric: The truth value of a Series is ambiguous. Use a.empty, a.bool(), a.item(), a.any() or a.all().
WARNING 2025-05-01 21:45:09,624 transform Could not convert column facturado_2024 to numeric: The truth value of a Series is ambiguous. Use a.empty, a.bool(), a.item(), a.any() or a.all().
INFO 2025-05-01 21:45:09,631 transform Successfully loaded and parsed: ActivaGFINAL - Ingresos Anuales-Mensuales Proy 2.csv
INFO 2025-05-01 21:45:09,631 transform   Shape: (77, 12)
INFO 2025-05-01 21:45:09,631 transform   Columns: ['cliente', 'facturacion', 'presupuesto', 'facturado_2024', 'facturado_2024', 'facturado_2024', '1er_trimestre', '2do_cuatrimestre', '3er_cuatrimestre', '4to_cuatrimestre', 'facturacion_anual', 'facturacion_mensual']
WARNING 2025-05-01 21:45:09,735 transform Could not convert column facturado_2024 to numeric: The truth value of a Series is ambiguous. Use a.empty, a.bool(), a.item(), a.any() or a.all().
WARNING 2025-05-01 21:45:09,737 transform Could not convert column facturado_2024 to numeric: The truth value of a Series is ambiguous. Use a.empty, a.bool(), a.item(), a.any() or a.all().
WARNING 2025-05-01 21:45:09,738 transform Could not convert column facturado_2024 to numeric: The truth value of a Series is ambiguous. Use a.empty, a.bool(), a.item(), a.any() or a.all().
INFO 2025-05-01 21:45:09,750 transform Successfully loaded and parsed: ActivaGFINAL - Presupuesto 2,025.csv
INFO 2025-05-01 21:45:09,750 transform   Shape: (79, 12)
INFO 2025-05-01 21:45:09,750 transform   Columns: ['cliente', 'facturacion', 'presupuesto', 'facturado_2024', 'facturado_2024', 'facturado_2024', '1er_trimestre', '2do_cuatrimestre', '3er_cuatrimestre', '4to_cuatrimestre', 'facturacion_real', 'proyeccion']
INFO 2025-05-01 21:45:09,868 transform Successfully loaded and parsed: ActivaGFINAL - Profit & Loss.csv
INFO 2025-05-01 21:45:09,869 transform   Shape: (78, 15)
INFO 2025-05-01 21:45:09,869 transform   Columns: ['concepto', 'ENERO', 'FEBRERO', 'MARZO', 'ABRIL', 'MAYO', 'JUNIO', 'JULIO', 'AGOSTO', 'SEPTIEMBRE', 'OCTUBRE', 'NOVIEMBRE', 'DICIEMBRE', 'CONSOLIDADO', 'Unnamed: 14']
INFO 2025-05-01 21:45:09,869 transform Loaded 5 CSV files
INFO 2025-05-01 21:45:09,884 transform Added brand information to 4 clients
INFO 2025-05-01 21:45:09,888 transform Merged 11 columns from activagfinal_ingresos_anuales_mensuales_proy_2
INFO 2025-05-01 21:45:09,891 transform Merged 11 columns from activagfinal_presupuesto_2_025
INFO 2025-05-01 21:45:09,892 transform Saved financial summary data from activagfinal_profit_loss
INFO 2025-05-01 21:45:09,892 transform Created combined dataframe with 52 clients and 21 columns
INFO 2025-05-01 21:45:09,913 views Initializing S3 connector
INFO 2025-05-01 21:45:09,920 utils Initialized S3Connector for bucket: activa-datalake
INFO 2025-05-01 21:45:09,920 views Initializing custom data transformer
INFO 2025-05-01 21:45:09,920 views Loading and parsing CSV files from S3
INFO 2025-05-01 21:45:10,239 utils Found 6 objects with prefix: raw-data-activa/
INFO 2025-05-01 21:45:10,401 transform Successfully loaded and parsed: ActivaGFINAL - CLIENTES MARCAS.csv
INFO 2025-05-01 21:45:10,401 transform   Shape: (74, 4)
INFO 2025-05-01 21:45:10,402 transform   Columns: ['cliente_marca', 'tipo_cliente', 'cliente_desde', 'rubro_negocios']
INFO 2025-05-01 21:45:10,512 transform Successfully loaded and parsed: ActivaGFINAL - Clientes AG 2.csv
INFO 2025-05-01 21:45:10,512 transform   Shape: (46, 2)
INFO 2025-05-01 21:45:10,512 transform   Columns: ['cliente', 'industria']
WARNING 2025-05-01 21:45:10,757 transform Could not convert column facturado_2024 to numeric: The truth value of a Series is ambiguous. Use a.empty, a.bool(), a.item(), a.any() or a.all().
WARNING 2025-05-01 21:45:10,758 transform Could not convert column facturado_2024 to numeric: The truth value of a Series is ambiguous. Use a.empty, a.bool(), a.item(), a.any() or a.all().
WARNING 2025-05-01 21:45:10,759 transform Could not convert column facturado_2024 to numeric: The truth value of a Series is ambiguous. Use a.empty, a.bool(), a.item(), a.any() or a.all().
INFO 2025-05-01 21:45:10,771 transform Successfully loaded and parsed: ActivaGFINAL - Ingresos Anuales-Mensuales Proy 2.csv
INFO 2025-05-01 21:45:10,772 transform   Shape: (77, 12)
INFO 2025-05-01 21:45:10,772 transform   Columns: ['cliente', 'facturacion', 'presupuesto', 'facturado_2024', 'facturado_2024', 'facturado_2024', '1er_trimestre', '2do_cuatrimestre', '3er_cuatrimestre', '4to_cuatrimestre', 'facturacion_anual', 'facturacion_mensual']
WARNING 2025-05-01 21:45:10,916 transform Could not convert column facturado_2024 to numeric: The truth value of a Series is ambiguous. Use a.empty, a.bool(), a.item(), a.any() or a.all().
WARNING 2025-05-01 21:45:10,918 transform Could not convert column facturado_2024 to numeric: The truth value of a Series is ambiguous. Use a.empty, a.bool(), a.item(), a.any() or a.all().
WARNING 2025-05-01 21:45:10,919 transform Could not convert column facturado_2024 to numeric: The truth value of a Series is ambiguous. Use a.empty, a.bool(), a.item(), a.any() or a.all().
INFO 2025-05-01 21:45:10,929 transform Successfully loaded and parsed: ActivaGFINAL - Presupuesto 2,025.csv
INFO 2025-05-01 21:45:10,929 transform   Shape: (79, 12)
INFO 2025-05-01 21:45:10,930 transform   Columns: ['cliente', 'facturacion', 'presupuesto', 'facturado_2024', 'facturado_2024', 'facturado_2024', '1er_trimestre', '2do_cuatrimestre', '3er_cuatrimestre', '4to_cuatrimestre', 'facturacion_real', 'proyeccion']
INFO 2025-05-01 21:45:11,148 transform Successfully loaded and parsed: ActivaGFINAL - Profit & Loss.csv
INFO 2025-05-01 21:45:11,148 transform   Shape: (78, 15)
INFO 2025-05-01 21:45:11,149 transform   Columns: ['concepto', 'ENERO', 'FEBRERO', 'MARZO', 'ABRIL', 'MAYO', 'JUNIO', 'JULIO', 'AGOSTO', 'SEPTIEMBRE', 'OCTUBRE', 'NOVIEMBRE', 'DICIEMBRE', 'CONSOLIDADO', 'Unnamed: 14']
INFO 2025-05-01 21:45:11,149 transform Loaded 5 CSV files
INFO 2025-05-01 21:45:11,149 views Transforming and combining all data
INFO 2025-05-01 21:45:11,155 transform Added brand information to 4 clients
INFO 2025-05-01 21:45:11,158 transform Merged 11 columns from activagfinal_ingresos_anuales_mensuales_proy_2
INFO 2025-05-01 21:45:11,161 transform Merged 11 columns from activagfinal_presupuesto_2_025
INFO 2025-05-01 21:45:11,161 transform Saved financial summary data from activagfinal_profit_loss
INFO 2025-05-01 21:45:11,161 transform Created combined dataframe with 52 clients and 21 columns
INFO 2025-05-01 21:45:11,161 views Getting combined data as dictionary
INFO 2025-05-01 21:45:11,166 views Successfully processed and combined data
INFO 2025-05-02 03:04:52,072 views Initializing S3 connector
INFO 2025-05-02 03:04:52,110 utils Initialized S3Connector for bucket: activa-datalake
INFO 2025-05-02 03:04:52,568 utils Found 6 objects with prefix: raw-data-activa/
INFO 2025-05-02 03:04:52,836 transform Successfully loaded and parsed: ActivaGFINAL - CLIENTES MARCAS.csv
INFO 2025-05-02 03:04:52,836 transform   Shape: (74, 4)
INFO 2025-05-02 03:04:52,836 transform   Columns: ['cliente_marca', 'tipo_cliente', 'cliente_desde', 'rubro_negocios']
INFO 2025-05-02 03:04:52,999 transform Successfully loaded and parsed: ActivaGFINAL - Clientes AG 2.csv
INFO 2025-05-02 03:04:53,000 transform   Shape: (46, 2)
INFO 2025-05-02 03:04:53,000 transform   Columns: ['cliente', 'industria']
WARNING 2025-05-02 03:04:53,136 transform Could not convert column facturado_2024 to numeric: The truth value of a Series is ambiguous. Use a.empty, a.bool(), a.item(), a.any() or a.all().
WARNING 2025-05-02 03:04:53,137 transform Could not convert column facturado_2024 to numeric: The truth value of a Series is ambiguous. Use a.empty, a.bool(), a.item(), a.any() or a.all().
WARNING 2025-05-02 03:04:53,137 transform Could not convert column facturado_2024 to numeric: The truth value of a Series is ambiguous. Use a.empty, a.bool(), a.item(), a.any() or a.all().
INFO 2025-05-02 03:04:53,145 transform Successfully loaded and parsed: ActivaGFINAL - Ingresos Anuales-Mensuales Proy 2.csv
INFO 2025-05-02 03:04:53,145 transform   Shape: (77, 12)
INFO 2025-05-02 03:04:53,145 transform   Columns: ['cliente', 'facturacion', 'presupuesto', 'facturado_2024', 'facturado_2024', 'facturado_2024', '1er_trimestre', '2do_cuatrimestre', '3er_cuatrimestre', '4to_cuatrimestre', 'facturacion_anual', 'facturacion_mensual']
WARNING 2025-05-02 03:04:53,862 transform Could not convert column facturado_2024 to numeric: The truth value of a Series is ambiguous. Use a.empty, a.bool(), a.item(), a.any() or a.all().
WARNING 2025-05-02 03:04:53,863 transform Could not convert column facturado_2024 to numeric: The truth value of a Series is ambiguous. Use a.empty, a.bool(), a.item(), a.any() or a.all().
WARNING 2025-05-02 03:04:53,864 transform Could not convert column facturado_2024 to numeric: The truth value of a Series is ambiguous. Use a.empty, a.bool(), a.item(), a.any() or a.all().
INFO 2025-05-02 03:04:53,878 transform Successfully loaded and parsed: ActivaGFINAL - Presupuesto 2,025.csv
INFO 2025-05-02 03:04:53,878 transform   Shape: (79, 12)
INFO 2025-05-02 03:04:53,878 transform   Columns: ['cliente', 'facturacion', 'presupuesto', 'facturado_2024', 'facturado_2024', 'facturado_2024', '1er_trimestre', '2do_cuatrimestre', '3er_cuatrimestre', '4to_cuatrimestre', 'facturacion_real', 'proyeccion']
INFO 2025-05-02 03:04:55,177 transform Successfully loaded and parsed: ActivaGFINAL - Profit & Loss.csv
INFO 2025-05-02 03:04:55,178 transform   Shape: (78, 15)
INFO 2025-05-02 03:04:55,178 transform   Columns: ['concepto', 'ENERO', 'FEBRERO', 'MARZO', 'ABRIL', 'MAYO', 'JUNIO', 'JULIO', 'AGOSTO', 'SEPTIEMBRE', 'OCTUBRE', 'NOVIEMBRE', 'DICIEMBRE', 'CONSOLIDADO', 'Unnamed: 14']
INFO 2025-05-02 03:04:55,178 transform Loaded 5 CSV files
INFO 2025-05-02 03:04:55,194 transform Added brand information to 4 clients
INFO 2025-05-02 03:04:55,198 transform Merged 11 columns from activagfinal_ingresos_anuales_mensuales_proy_2
INFO 2025-05-02 03:04:55,201 transform Merged 11 columns from activagfinal_presupuesto_2_025
INFO 2025-05-02 03:04:55,201 transform Saved financial summary data from activagfinal_profit_loss
INFO 2025-05-02 03:04:55,202 transform Created combined dataframe with 52 clients and 21 columns
INFO 2025-05-02 03:04:55,222 views Initializing S3 connector
INFO 2025-05-02 03:04:55,226 utils Initialized S3Connector for bucket: activa-datalake
INFO 2025-05-02 03:04:55,226 views Initializing custom data transformer
INFO 2025-05-02 03:04:55,226 views Loading and parsing CSV files from S3
INFO 2025-05-02 03:04:55,442 utils Found 6 objects with prefix: raw-data-activa/
INFO 2025-05-02 03:04:55,540 transform Successfully loaded and parsed: ActivaGFINAL - CLIENTES MARCAS.csv
INFO 2025-05-02 03:04:55,541 transform   Shape: (74, 4)
INFO 2025-05-02 03:04:55,541 transform   Columns: ['cliente_marca', 'tipo_cliente', 'cliente_desde', 'rubro_negocios']
INFO 2025-05-02 03:04:55,637 transform Successfully loaded and parsed: ActivaGFINAL - Clientes AG 2.csv
INFO 2025-05-02 03:04:55,638 transform   Shape: (46, 2)
INFO 2025-05-02 03:04:55,638 transform   Columns: ['cliente', 'industria']
WARNING 2025-05-02 03:04:55,809 transform Could not convert column facturado_2024 to numeric: The truth value of a Series is ambiguous. Use a.empty, a.bool(), a.item(), a.any() or a.all().
WARNING 2025-05-02 03:04:55,811 transform Could not convert column facturado_2024 to numeric: The truth value of a Series is ambiguous. Use a.empty, a.bool(), a.item(), a.any() or a.all().
WARNING 2025-05-02 03:04:55,813 transform Could not convert column facturado_2024 to numeric: The truth value of a Series is ambiguous. Use a.empty, a.bool(), a.item(), a.any() or a.all().
INFO 2025-05-02 03:04:55,827 transform Successfully loaded and parsed: ActivaGFINAL - Ingresos Anuales-Mensuales Proy 2.csv
INFO 2025-05-02 03:04:55,828 transform   Shape: (77, 12)
INFO 2025-05-02 03:04:55,828 transform   Columns: ['cliente', 'facturacion', 'presupuesto', 'facturado_2024', 'facturado_2024', 'facturado_2024', '1er_trimestre', '2do_cuatrimestre', '3er_cuatrimestre', '4to_cuatrimestre', 'facturacion_anual', 'facturacion_mensual']
WARNING 2025-05-02 03:04:55,922 transform Could not convert column facturado_2024 to numeric: The truth value of a Series is ambiguous. Use a.empty, a.bool(), a.item(), a.any() or a.all().
WARNING 2025-05-02 03:04:55,924 transform Could not convert column facturado_2024 to numeric: The truth value of a Series is ambiguous. Use a.empty, a.bool(), a.item(), a.any() or a.all().
WARNING 2025-05-02 03:04:55,925 transform Could not convert column facturado_2024 to numeric: The truth value of a Series is ambiguous. Use a.empty, a.bool(), a.item(), a.any() or a.all().
INFO 2025-05-02 03:04:55,937 transform Successfully loaded and parsed: ActivaGFINAL - Presupuesto 2,025.csv
INFO 2025-05-02 03:04:55,937 transform   Shape: (79, 12)
INFO 2025-05-02 03:04:55,937 transform   Columns: ['cliente', 'facturacion', 'presupuesto', 'facturado_2024', 'facturado_2024', 'facturado_2024', '1er_trimestre', '2do_cuatrimestre', '3er_cuatrimestre', '4to_cuatrimestre', 'facturacion_real', 'proyeccion']
INFO 2025-05-02 03:04:56,050 transform Successfully loaded and parsed: ActivaGFINAL - Profit & Loss.csv
INFO 2025-05-02 03:04:56,051 transform   Shape: (78, 15)
INFO 2025-05-02 03:04:56,051 transform   Columns: ['concepto', 'ENERO', 'FEBRERO', 'MARZO', 'ABRIL', 'MAYO', 'JUNIO', 'JULIO', 'AGOSTO', 'SEPTIEMBRE', 'OCTUBRE', 'NOVIEMBRE', 'DICIEMBRE', 'CONSOLIDADO', 'Unnamed: 14']
INFO 2025-05-02 03:04:56,051 transform Loaded 5 CSV files
INFO 2025-05-02 03:04:56,051 views Transforming and combining all data
INFO 2025-05-02 03:04:56,058 transform Added brand information to 4 clients
INFO 2025-05-02 03:04:56,060 transform Merged 11 columns from activagfinal_ingresos_anuales_mensuales_proy_2
INFO 2025-05-02 03:04:56,064 transform Merged 11 columns from activagfinal_presupuesto_2_025
INFO 2025-05-02 03:04:56,064 transform Saved financial summary data from activagfinal_profit_loss
INFO 2025-05-02 03:04:56,064 transform Created combined dataframe with 52 clients and 21 columns
INFO 2025-05-02 03:04:56,064 views Getting combined data as dictionary
INFO 2025-05-02 03:04:56,070 views Successfully processed and combined data
INFO 2025-05-02 03:10:05,951 views Initializing S3 connector
INFO 2025-05-02 03:10:05,962 utils Initialized S3Connector for bucket: activa-datalake
INFO 2025-05-02 03:10:06,826 utils Found 6 objects with prefix: raw-data-activa/
INFO 2025-05-02 03:10:07,018 transform Successfully loaded and parsed: ActivaGFINAL - CLIENTES MARCAS.csv
INFO 2025-05-02 03:10:07,019 transform   Shape: (74, 4)
INFO 2025-05-02 03:10:07,019 transform   Columns: ['cliente_marca', 'tipo_cliente', 'cliente_desde', 'rubro_negocios']
INFO 2025-05-02 03:10:07,188 transform Successfully loaded and parsed: ActivaGFINAL - Clientes AG 2.csv
INFO 2025-05-02 03:10:07,188 transform   Shape: (46, 2)
INFO 2025-05-02 03:10:07,189 transform   Columns: ['cliente', 'industria']
WARNING 2025-05-02 03:10:07,388 transform Could not convert column facturado_2024 to numeric: The truth value of a Series is ambiguous. Use a.empty, a.bool(), a.item(), a.any() or a.all().
WARNING 2025-05-02 03:10:07,390 transform Could not convert column facturado_2024 to numeric: The truth value of a Series is ambiguous. Use a.empty, a.bool(), a.item(), a.any() or a.all().
WARNING 2025-05-02 03:10:07,390 transform Could not convert column facturado_2024 to numeric: The truth value of a Series is ambiguous. Use a.empty, a.bool(), a.item(), a.any() or a.all().
INFO 2025-05-02 03:10:07,400 transform Successfully loaded and parsed: ActivaGFINAL - Ingresos Anuales-Mensuales Proy 2.csv
INFO 2025-05-02 03:10:07,400 transform   Shape: (77, 12)
INFO 2025-05-02 03:10:07,401 transform   Columns: ['cliente', 'facturacion', 'presupuesto', 'facturado_2024', 'facturado_2024', 'facturado_2024', '1er_trimestre', '2do_cuatrimestre', '3er_cuatrimestre', '4to_cuatrimestre', 'facturacion_anual', 'facturacion_mensual']
WARNING 2025-05-02 03:10:07,660 transform Could not convert column facturado_2024 to numeric: The truth value of a Series is ambiguous. Use a.empty, a.bool(), a.item(), a.any() or a.all().
WARNING 2025-05-02 03:10:07,661 transform Could not convert column facturado_2024 to numeric: The truth value of a Series is ambiguous. Use a.empty, a.bool(), a.item(), a.any() or a.all().
WARNING 2025-05-02 03:10:07,663 transform Could not convert column facturado_2024 to numeric: The truth value of a Series is ambiguous. Use a.empty, a.bool(), a.item(), a.any() or a.all().
INFO 2025-05-02 03:10:07,674 transform Successfully loaded and parsed: ActivaGFINAL - Presupuesto 2,025.csv
INFO 2025-05-02 03:10:07,674 transform   Shape: (79, 12)
INFO 2025-05-02 03:10:07,674 transform   Columns: ['cliente', 'facturacion', 'presupuesto', 'facturado_2024', 'facturado_2024', 'facturado_2024', '1er_trimestre', '2do_cuatrimestre', '3er_cuatrimestre', '4to_cuatrimestre', 'facturacion_real', 'proyeccion']
INFO 2025-05-02 03:10:07,931 transform Successfully loaded and parsed: ActivaGFINAL - Profit & Loss.csv
INFO 2025-05-02 03:10:07,931 transform   Shape: (78, 15)
INFO 2025-05-02 03:10:07,931 transform   Columns: ['concepto', 'ENERO', 'FEBRERO', 'MARZO', 'ABRIL', 'MAYO', 'JUNIO', 'JULIO', 'AGOSTO', 'SEPTIEMBRE', 'OCTUBRE', 'NOVIEMBRE', 'DICIEMBRE', 'CONSOLIDADO', 'Unnamed: 14']
INFO 2025-05-02 03:10:07,931 transform Loaded 5 CSV files
INFO 2025-05-02 03:10:07,940 transform Added brand information to 4 clients
INFO 2025-05-02 03:10:07,942 transform Merged 11 columns from activagfinal_ingresos_anuales_mensuales_proy_2
INFO 2025-05-02 03:10:07,945 transform Merged 11 columns from activagfinal_presupuesto_2_025
INFO 2025-05-02 03:10:07,945 transform Saved financial summary data from activagfinal_profit_loss
INFO 2025-05-02 03:10:07,946 transform Created combined dataframe with 52 clients and 21 columns
INFO 2025-05-02 03:10:07,961 views Initializing S3 connector
INFO 2025-05-02 03:10:07,966 utils Initialized S3Connector for bucket: activa-datalake
INFO 2025-05-02 03:10:07,966 views Initializing custom data transformer
INFO 2025-05-02 03:10:07,966 views Loading and parsing CSV files from S3
INFO 2025-05-02 03:10:08,431 utils Found 6 objects with prefix: raw-data-activa/
INFO 2025-05-02 03:10:08,577 transform Successfully loaded and parsed: ActivaGFINAL - CLIENTES MARCAS.csv
INFO 2025-05-02 03:10:08,578 transform   Shape: (74, 4)
INFO 2025-05-02 03:10:08,578 transform   Columns: ['cliente_marca', 'tipo_cliente', 'cliente_desde', 'rubro_negocios']
INFO 2025-05-02 03:10:08,690 transform Successfully loaded and parsed: ActivaGFINAL - Clientes AG 2.csv
INFO 2025-05-02 03:10:08,690 transform   Shape: (46, 2)
INFO 2025-05-02 03:10:08,690 transform   Columns: ['cliente', 'industria']
WARNING 2025-05-02 03:10:08,791 transform Could not convert column facturado_2024 to numeric: The truth value of a Series is ambiguous. Use a.empty, a.bool(), a.item(), a.any() or a.all().
WARNING 2025-05-02 03:10:08,792 transform Could not convert column facturado_2024 to numeric: The truth value of a Series is ambiguous. Use a.empty, a.bool(), a.item(), a.any() or a.all().
WARNING 2025-05-02 03:10:08,792 transform Could not convert column facturado_2024 to numeric: The truth value of a Series is ambiguous. Use a.empty, a.bool(), a.item(), a.any() or a.all().
INFO 2025-05-02 03:10:08,806 transform Successfully loaded and parsed: ActivaGFINAL - Ingresos Anuales-Mensuales Proy 2.csv
INFO 2025-05-02 03:10:08,807 transform   Shape: (77, 12)
INFO 2025-05-02 03:10:08,807 transform   Columns: ['cliente', 'facturacion', 'presupuesto', 'facturado_2024', 'facturado_2024', 'facturado_2024', '1er_trimestre', '2do_cuatrimestre', '3er_cuatrimestre', '4to_cuatrimestre', 'facturacion_anual', 'facturacion_mensual']
WARNING 2025-05-02 03:10:08,897 transform Could not convert column facturado_2024 to numeric: The truth value of a Series is ambiguous. Use a.empty, a.bool(), a.item(), a.any() or a.all().
WARNING 2025-05-02 03:10:08,898 transform Could not convert column facturado_2024 to numeric: The truth value of a Series is ambiguous. Use a.empty, a.bool(), a.item(), a.any() or a.all().
WARNING 2025-05-02 03:10:08,901 transform Could not convert column facturado_2024 to numeric: The truth value of a Series is ambiguous. Use a.empty, a.bool(), a.item(), a.any() or a.all().
INFO 2025-05-02 03:10:08,915 transform Successfully loaded and parsed: ActivaGFINAL - Presupuesto 2,025.csv
INFO 2025-05-02 03:10:08,915 transform   Shape: (79, 12)
INFO 2025-05-02 03:10:08,915 transform   Columns: ['cliente', 'facturacion', 'presupuesto', 'facturado_2024', 'facturado_2024', 'facturado_2024', '1er_trimestre', '2do_cuatrimestre', '3er_cuatrimestre', '4to_cuatrimestre', 'facturacion_real', 'proyeccion']
INFO 2025-05-02 03:10:09,037 transform Successfully loaded and parsed: ActivaGFINAL - Profit & Loss.csv
INFO 2025-05-02 03:10:09,038 transform   Shape: (78, 15)
INFO 2025-05-02 03:10:09,038 transform   Columns: ['concepto', 'ENERO', 'FEBRERO', 'MARZO', 'ABRIL', 'MAYO', 'JUNIO', 'JULIO', 'AGOSTO', 'SEPTIEMBRE', 'OCTUBRE', 'NOVIEMBRE', 'DICIEMBRE', 'CONSOLIDADO', 'Unnamed: 14']
INFO 2025-05-02 03:10:09,038 transform Loaded 5 CSV files
INFO 2025-05-02 03:10:09,038 views Transforming and combining all data
INFO 2025-05-02 03:10:09,045 transform Added brand information to 4 clients
INFO 2025-05-02 03:10:09,047 transform Merged 11 columns from activagfinal_ingresos_anuales_mensuales_proy_2
INFO 2025-05-02 03:10:09,051 transform Merged 11 columns from activagfinal_presupuesto_2_025
INFO 2025-05-02 03:10:09,051 transform Saved financial summary data from activagfinal_profit_loss
INFO 2025-05-02 03:10:09,051 transform Created combined dataframe with 52 clients and 21 columns
INFO 2025-05-02 03:10:09,051 views Getting combined data as dictionary
INFO 2025-05-02 03:10:09,056 views Successfully processed and combined data
INFO 2025-05-02 03:18:17,124 views Initializing S3 connector
INFO 2025-05-02 03:18:17,137 utils Initialized S3Connector for bucket: activa-datalake
INFO 2025-05-02 03:18:17,519 utils Found 6 objects with prefix: raw-data-activa/
INFO 2025-05-02 03:18:17,609 transform Successfully loaded and parsed: ActivaGFINAL - CLIENTES MARCAS.csv
INFO 2025-05-02 03:18:17,609 transform   Shape: (74, 4)
INFO 2025-05-02 03:18:17,609 transform   Columns: ['cliente_marca', 'tipo_cliente', 'cliente_desde', 'rubro_negocios']
INFO 2025-05-02 03:18:17,724 transform Successfully loaded and parsed: ActivaGFINAL - Clientes AG 2.csv
INFO 2025-05-02 03:18:17,724 transform   Shape: (46, 2)
INFO 2025-05-02 03:18:17,724 transform   Columns: ['cliente', 'industria']
WARNING 2025-05-02 03:18:17,897 transform Could not convert column facturado_2024 to numeric: The truth value of a Series is ambiguous. Use a.empty, a.bool(), a.item(), a.any() or a.all().
WARNING 2025-05-02 03:18:17,898 transform Could not convert column facturado_2024 to numeric: The truth value of a Series is ambiguous. Use a.empty, a.bool(), a.item(), a.any() or a.all().
WARNING 2025-05-02 03:18:17,898 transform Could not convert column facturado_2024 to numeric: The truth value of a Series is ambiguous. Use a.empty, a.bool(), a.item(), a.any() or a.all().
INFO 2025-05-02 03:18:17,904 transform Successfully loaded and parsed: ActivaGFINAL - Ingresos Anuales-Mensuales Proy 2.csv
INFO 2025-05-02 03:18:17,904 transform   Shape: (77, 12)
INFO 2025-05-02 03:18:17,904 transform   Columns: ['cliente', 'facturacion', 'presupuesto', 'facturado_2024', 'facturado_2024', 'facturado_2024', '1er_trimestre', '2do_cuatrimestre', '3er_cuatrimestre', '4to_cuatrimestre', 'facturacion_anual', 'facturacion_mensual']
WARNING 2025-05-02 03:18:18,024 transform Could not convert column facturado_2024 to numeric: The truth value of a Series is ambiguous. Use a.empty, a.bool(), a.item(), a.any() or a.all().
WARNING 2025-05-02 03:18:18,025 transform Could not convert column facturado_2024 to numeric: The truth value of a Series is ambiguous. Use a.empty, a.bool(), a.item(), a.any() or a.all().
WARNING 2025-05-02 03:18:18,026 transform Could not convert column facturado_2024 to numeric: The truth value of a Series is ambiguous. Use a.empty, a.bool(), a.item(), a.any() or a.all().
INFO 2025-05-02 03:18:18,037 transform Successfully loaded and parsed: ActivaGFINAL - Presupuesto 2,025.csv
INFO 2025-05-02 03:18:18,038 transform   Shape: (79, 12)
INFO 2025-05-02 03:18:18,038 transform   Columns: ['cliente', 'facturacion', 'presupuesto', 'facturado_2024', 'facturado_2024', 'facturado_2024', '1er_trimestre', '2do_cuatrimestre', '3er_cuatrimestre', '4to_cuatrimestre', 'facturacion_real', 'proyeccion']
INFO 2025-05-02 03:18:18,160 transform Successfully loaded and parsed: ActivaGFINAL - Profit & Loss.csv
INFO 2025-05-02 03:18:18,160 transform   Shape: (78, 15)
INFO 2025-05-02 03:18:18,160 transform   Columns: ['concepto', 'ENERO', 'FEBRERO', 'MARZO', 'ABRIL', 'MAYO', 'JUNIO', 'JULIO', 'AGOSTO', 'SEPTIEMBRE', 'OCTUBRE', 'NOVIEMBRE', 'DICIEMBRE', 'CONSOLIDADO', 'Unnamed: 14']
INFO 2025-05-02 03:18:18,160 transform Loaded 5 CSV files
INFO 2025-05-02 03:18:18,169 transform Added brand information to 4 clients
INFO 2025-05-02 03:18:18,173 transform Merged 11 columns from activagfinal_ingresos_anuales_mensuales_proy_2
INFO 2025-05-02 03:18:18,175 transform Merged 11 columns from activagfinal_presupuesto_2_025
INFO 2025-05-02 03:18:18,175 transform Saved financial summary data from activagfinal_profit_loss
INFO 2025-05-02 03:18:18,175 transform Created combined dataframe with 52 clients and 21 columns
INFO 2025-05-02 03:18:18,186 views Initializing S3 connector
INFO 2025-05-02 03:18:18,192 utils Initialized S3Connector for bucket: activa-datalake
INFO 2025-05-02 03:18:18,192 views Initializing custom data transformer
INFO 2025-05-02 03:18:18,192 views Loading and parsing CSV files from S3
INFO 2025-05-02 03:18:18,423 utils Found 6 objects with prefix: raw-data-activa/
INFO 2025-05-02 03:18:18,518 transform Successfully loaded and parsed: ActivaGFINAL - CLIENTES MARCAS.csv
INFO 2025-05-02 03:18:18,518 transform   Shape: (74, 4)
INFO 2025-05-02 03:18:18,518 transform   Columns: ['cliente_marca', 'tipo_cliente', 'cliente_desde', 'rubro_negocios']
INFO 2025-05-02 03:18:18,599 transform Successfully loaded and parsed: ActivaGFINAL - Clientes AG 2.csv
INFO 2025-05-02 03:18:18,600 transform   Shape: (46, 2)
INFO 2025-05-02 03:18:18,600 transform   Columns: ['cliente', 'industria']
WARNING 2025-05-02 03:18:18,688 transform Could not convert column facturado_2024 to numeric: The truth value of a Series is ambiguous. Use a.empty, a.bool(), a.item(), a.any() or a.all().
WARNING 2025-05-02 03:18:18,689 transform Could not convert column facturado_2024 to numeric: The truth value of a Series is ambiguous. Use a.empty, a.bool(), a.item(), a.any() or a.all().
WARNING 2025-05-02 03:18:18,690 transform Could not convert column facturado_2024 to numeric: The truth value of a Series is ambiguous. Use a.empty, a.bool(), a.item(), a.any() or a.all().
INFO 2025-05-02 03:18:18,698 transform Successfully loaded and parsed: ActivaGFINAL - Ingresos Anuales-Mensuales Proy 2.csv
INFO 2025-05-02 03:18:18,698 transform   Shape: (77, 12)
INFO 2025-05-02 03:18:18,698 transform   Columns: ['cliente', 'facturacion', 'presupuesto', 'facturado_2024', 'facturado_2024', 'facturado_2024', '1er_trimestre', '2do_cuatrimestre', '3er_cuatrimestre', '4to_cuatrimestre', 'facturacion_anual', 'facturacion_mensual']
WARNING 2025-05-02 03:18:18,785 transform Could not convert column facturado_2024 to numeric: The truth value of a Series is ambiguous. Use a.empty, a.bool(), a.item(), a.any() or a.all().
WARNING 2025-05-02 03:18:18,786 transform Could not convert column facturado_2024 to numeric: The truth value of a Series is ambiguous. Use a.empty, a.bool(), a.item(), a.any() or a.all().
WARNING 2025-05-02 03:18:18,786 transform Could not convert column facturado_2024 to numeric: The truth value of a Series is ambiguous. Use a.empty, a.bool(), a.item(), a.any() or a.all().
INFO 2025-05-02 03:18:18,797 transform Successfully loaded and parsed: ActivaGFINAL - Presupuesto 2,025.csv
INFO 2025-05-02 03:18:18,797 transform   Shape: (79, 12)
INFO 2025-05-02 03:18:18,798 transform   Columns: ['cliente', 'facturacion', 'presupuesto', 'facturado_2024', 'facturado_2024', 'facturado_2024', '1er_trimestre', '2do_cuatrimestre', '3er_cuatrimestre', '4to_cuatrimestre', 'facturacion_real', 'proyeccion']
INFO 2025-05-02 03:18:18,903 transform Successfully loaded and parsed: ActivaGFINAL - Profit & Loss.csv
INFO 2025-05-02 03:18:18,905 transform   Shape: (78, 15)
INFO 2025-05-02 03:18:18,905 transform   Columns: ['concepto', 'ENERO', 'FEBRERO', 'MARZO', 'ABRIL', 'MAYO', 'JUNIO', 'JULIO', 'AGOSTO', 'SEPTIEMBRE', 'OCTUBRE', 'NOVIEMBRE', 'DICIEMBRE', 'CONSOLIDADO', 'Unnamed: 14']
INFO 2025-05-02 03:18:18,905 transform Loaded 5 CSV files
INFO 2025-05-02 03:18:18,905 views Transforming and combining all data
INFO 2025-05-02 03:18:18,913 transform Added brand information to 4 clients
INFO 2025-05-02 03:18:18,916 transform Merged 11 columns from activagfinal_ingresos_anuales_mensuales_proy_2
INFO 2025-05-02 03:18:18,920 transform Merged 11 columns from activagfinal_presupuesto_2_025
INFO 2025-05-02 03:18:18,920 transform Saved financial summary data from activagfinal_profit_loss
INFO 2025-05-02 03:18:18,921 transform Created combined dataframe with 52 clients and 21 columns
INFO 2025-05-02 03:18:18,921 views Getting combined data as dictionary
INFO 2025-05-02 03:18:18,926 views Successfully processed and combined data
INFO 2025-05-02 03:24:57,163 views Initializing S3 connector
INFO 2025-05-02 03:24:57,172 utils Initialized S3Connector for bucket: activa-datalake
INFO 2025-05-02 03:24:57,520 utils Found 6 objects with prefix: raw-data-activa/
INFO 2025-05-02 03:24:57,639 transform Successfully loaded and parsed: ActivaGFINAL - CLIENTES MARCAS.csv
INFO 2025-05-02 03:24:57,639 transform   Shape: (74, 4)
INFO 2025-05-02 03:24:57,639 transform   Columns: ['cliente_marca', 'tipo_cliente', 'cliente_desde', 'rubro_negocios']
INFO 2025-05-02 03:24:57,725 transform Successfully loaded and parsed: ActivaGFINAL - Clientes AG 2.csv
INFO 2025-05-02 03:24:57,725 transform   Shape: (46, 2)
INFO 2025-05-02 03:24:57,726 transform   Columns: ['cliente', 'industria']
WARNING 2025-05-02 03:24:57,837 transform Could not convert column facturado_2024 to numeric: The truth value of a Series is ambiguous. Use a.empty, a.bool(), a.item(), a.any() or a.all().
WARNING 2025-05-02 03:24:57,838 transform Could not convert column facturado_2024 to numeric: The truth value of a Series is ambiguous. Use a.empty, a.bool(), a.item(), a.any() or a.all().
WARNING 2025-05-02 03:24:57,840 transform Could not convert column facturado_2024 to numeric: The truth value of a Series is ambiguous. Use a.empty, a.bool(), a.item(), a.any() or a.all().
INFO 2025-05-02 03:24:57,853 transform Successfully loaded and parsed: ActivaGFINAL - Ingresos Anuales-Mensuales Proy 2.csv
INFO 2025-05-02 03:24:57,854 transform   Shape: (77, 12)
INFO 2025-05-02 03:24:57,854 transform   Columns: ['cliente', 'facturacion', 'presupuesto', 'facturado_2024', 'facturado_2024', 'facturado_2024', '1er_trimestre', '2do_cuatrimestre', '3er_cuatrimestre', '4to_cuatrimestre', 'facturacion_anual', 'facturacion_mensual']
WARNING 2025-05-02 03:24:58,054 transform Could not convert column facturado_2024 to numeric: The truth value of a Series is ambiguous. Use a.empty, a.bool(), a.item(), a.any() or a.all().
WARNING 2025-05-02 03:24:58,055 transform Could not convert column facturado_2024 to numeric: The truth value of a Series is ambiguous. Use a.empty, a.bool(), a.item(), a.any() or a.all().
WARNING 2025-05-02 03:24:58,056 transform Could not convert column facturado_2024 to numeric: The truth value of a Series is ambiguous. Use a.empty, a.bool(), a.item(), a.any() or a.all().
INFO 2025-05-02 03:24:58,062 transform Successfully loaded and parsed: ActivaGFINAL - Presupuesto 2,025.csv
INFO 2025-05-02 03:24:58,062 transform   Shape: (79, 12)
INFO 2025-05-02 03:24:58,062 transform   Columns: ['cliente', 'facturacion', 'presupuesto', 'facturado_2024', 'facturado_2024', 'facturado_2024', '1er_trimestre', '2do_cuatrimestre', '3er_cuatrimestre', '4to_cuatrimestre', 'facturacion_real', 'proyeccion']
INFO 2025-05-02 03:24:58,311 transform Successfully loaded and parsed: ActivaGFINAL - Profit & Loss.csv
INFO 2025-05-02 03:24:58,311 transform   Shape: (78, 15)
INFO 2025-05-02 03:24:58,311 transform   Columns: ['concepto', 'ENERO', 'FEBRERO', 'MARZO', 'ABRIL', 'MAYO', 'JUNIO', 'JULIO', 'AGOSTO', 'SEPTIEMBRE', 'OCTUBRE', 'NOVIEMBRE', 'DICIEMBRE', 'CONSOLIDADO', 'Unnamed: 14']
INFO 2025-05-02 03:24:58,311 transform Loaded 5 CSV files
INFO 2025-05-02 03:24:58,319 transform Added brand information to 4 clients
INFO 2025-05-02 03:24:58,321 transform Merged 11 columns from activagfinal_ingresos_anuales_mensuales_proy_2
INFO 2025-05-02 03:24:58,324 transform Merged 11 columns from activagfinal_presupuesto_2_025
INFO 2025-05-02 03:24:58,324 transform Saved financial summary data from activagfinal_profit_loss
INFO 2025-05-02 03:24:58,324 transform Created combined dataframe with 52 clients and 21 columns
INFO 2025-05-02 03:24:58,337 views Initializing S3 connector
INFO 2025-05-02 03:24:58,341 utils Initialized S3Connector for bucket: activa-datalake
INFO 2025-05-02 03:24:58,341 views Initializing custom data transformer
INFO 2025-05-02 03:24:58,341 views Loading and parsing CSV files from S3
INFO 2025-05-02 03:24:58,853 utils Found 6 objects with prefix: raw-data-activa/
INFO 2025-05-02 03:24:59,074 transform Successfully loaded and parsed: ActivaGFINAL - CLIENTES MARCAS.csv
INFO 2025-05-02 03:24:59,075 transform   Shape: (74, 4)
INFO 2025-05-02 03:24:59,075 transform   Columns: ['cliente_marca', 'tipo_cliente', 'cliente_desde', 'rubro_negocios']
INFO 2025-05-02 03:24:59,874 transform Successfully loaded and parsed: ActivaGFINAL - Clientes AG 2.csv
INFO 2025-05-02 03:24:59,874 transform   Shape: (46, 2)
INFO 2025-05-02 03:24:59,875 transform   Columns: ['cliente', 'industria']
WARNING 2025-05-02 03:25:00,291 transform Could not convert column facturado_2024 to numeric: The truth value of a Series is ambiguous. Use a.empty, a.bool(), a.item(), a.any() or a.all().
WARNING 2025-05-02 03:25:00,294 transform Could not convert column facturado_2024 to numeric: The truth value of a Series is ambiguous. Use a.empty, a.bool(), a.item(), a.any() or a.all().
WARNING 2025-05-02 03:25:00,295 transform Could not convert column facturado_2024 to numeric: The truth value of a Series is ambiguous. Use a.empty, a.bool(), a.item(), a.any() or a.all().
INFO 2025-05-02 03:25:00,305 transform Successfully loaded and parsed: ActivaGFINAL - Ingresos Anuales-Mensuales Proy 2.csv
INFO 2025-05-02 03:25:00,306 transform   Shape: (77, 12)
INFO 2025-05-02 03:25:00,306 transform   Columns: ['cliente', 'facturacion', 'presupuesto', 'facturado_2024', 'facturado_2024', 'facturado_2024', '1er_trimestre', '2do_cuatrimestre', '3er_cuatrimestre', '4to_cuatrimestre', 'facturacion_anual', 'facturacion_mensual']
WARNING 2025-05-02 03:25:00,442 transform Could not convert column facturado_2024 to numeric: The truth value of a Series is ambiguous. Use a.empty, a.bool(), a.item(), a.any() or a.all().
WARNING 2025-05-02 03:25:00,443 transform Could not convert column facturado_2024 to numeric: The truth value of a Series is ambiguous. Use a.empty, a.bool(), a.item(), a.any() or a.all().
WARNING 2025-05-02 03:25:00,443 transform Could not convert column facturado_2024 to numeric: The truth value of a Series is ambiguous. Use a.empty, a.bool(), a.item(), a.any() or a.all().
INFO 2025-05-02 03:25:00,452 transform Successfully loaded and parsed: ActivaGFINAL - Presupuesto 2,025.csv
INFO 2025-05-02 03:25:00,453 transform   Shape: (79, 12)
INFO 2025-05-02 03:25:00,453 transform   Columns: ['cliente', 'facturacion', 'presupuesto', 'facturado_2024', 'facturado_2024', 'facturado_2024', '1er_trimestre', '2do_cuatrimestre', '3er_cuatrimestre', '4to_cuatrimestre', 'facturacion_real', 'proyeccion']
INFO 2025-05-02 03:25:00,585 transform Successfully loaded and parsed: ActivaGFINAL - Profit & Loss.csv
INFO 2025-05-02 03:25:00,585 transform   Shape: (78, 15)
INFO 2025-05-02 03:25:00,585 transform   Columns: ['concepto', 'ENERO', 'FEBRERO', 'MARZO', 'ABRIL', 'MAYO', 'JUNIO', 'JULIO', 'AGOSTO', 'SEPTIEMBRE', 'OCTUBRE', 'NOVIEMBRE', 'DICIEMBRE', 'CONSOLIDADO', 'Unnamed: 14']
INFO 2025-05-02 03:25:00,585 transform Loaded 5 CSV files
INFO 2025-05-02 03:25:00,585 views Transforming and combining all data
INFO 2025-05-02 03:25:00,592 transform Added brand information to 4 clients
INFO 2025-05-02 03:25:00,596 transform Merged 11 columns from activagfinal_ingresos_anuales_mensuales_proy_2
INFO 2025-05-02 03:25:00,599 transform Merged 11 columns from activagfinal_presupuesto_2_025
INFO 2025-05-02 03:25:00,599 transform Saved financial summary data from activagfinal_profit_loss
INFO 2025-05-02 03:25:00,599 transform Created combined dataframe with 52 clients and 21 columns
INFO 2025-05-02 03:25:00,600 views Getting combined data as dictionary
INFO 2025-05-02 03:25:00,604 views Successfully processed and combined data
INFO 2025-05-02 03:31:56,064 views Initializing S3 connector
INFO 2025-05-02 03:31:56,083 utils Initialized S3Connector for bucket: activa-datalake
INFO 2025-05-02 03:31:56,507 utils Found 6 objects with prefix: raw-data-activa/
INFO 2025-05-02 03:31:56,667 transform Successfully loaded and parsed: ActivaGFINAL - CLIENTES MARCAS.csv
INFO 2025-05-02 03:31:56,667 transform   Shape: (74, 4)
INFO 2025-05-02 03:31:56,667 transform   Columns: ['cliente_marca', 'tipo_cliente', 'cliente_desde', 'rubro_negocios']
INFO 2025-05-02 03:31:56,765 transform Successfully loaded and parsed: ActivaGFINAL - Clientes AG 2.csv
INFO 2025-05-02 03:31:56,765 transform   Shape: (46, 2)
INFO 2025-05-02 03:31:56,765 transform   Columns: ['cliente', 'industria']
WARNING 2025-05-02 03:31:56,884 transform Could not convert column facturado_2024 to numeric: The truth value of a Series is ambiguous. Use a.empty, a.bool(), a.item(), a.any() or a.all().
WARNING 2025-05-02 03:31:56,885 transform Could not convert column facturado_2024 to numeric: The truth value of a Series is ambiguous. Use a.empty, a.bool(), a.item(), a.any() or a.all().
WARNING 2025-05-02 03:31:56,886 transform Could not convert column facturado_2024 to numeric: The truth value of a Series is ambiguous. Use a.empty, a.bool(), a.item(), a.any() or a.all().
INFO 2025-05-02 03:31:56,896 transform Successfully loaded and parsed: ActivaGFINAL - Ingresos Anuales-Mensuales Proy 2.csv
INFO 2025-05-02 03:31:56,896 transform   Shape: (77, 12)
INFO 2025-05-02 03:31:56,896 transform   Columns: ['cliente', 'facturacion', 'presupuesto', 'facturado_2024', 'facturado_2024', 'facturado_2024', '1er_trimestre', '2do_cuatrimestre', '3er_cuatrimestre', '4to_cuatrimestre', 'facturacion_anual', 'facturacion_mensual']
WARNING 2025-05-02 03:31:57,010 transform Could not convert column facturado_2024 to numeric: The truth value of a Series is ambiguous. Use a.empty, a.bool(), a.item(), a.any() or a.all().
WARNING 2025-05-02 03:31:57,012 transform Could not convert column facturado_2024 to numeric: The truth value of a Series is ambiguous. Use a.empty, a.bool(), a.item(), a.any() or a.all().
WARNING 2025-05-02 03:31:57,013 transform Could not convert column facturado_2024 to numeric: The truth value of a Series is ambiguous. Use a.empty, a.bool(), a.item(), a.any() or a.all().
INFO 2025-05-02 03:31:57,025 transform Successfully loaded and parsed: ActivaGFINAL - Presupuesto 2,025.csv
INFO 2025-05-02 03:31:57,026 transform   Shape: (79, 12)
INFO 2025-05-02 03:31:57,026 transform   Columns: ['cliente', 'facturacion', 'presupuesto', 'facturado_2024', 'facturado_2024', 'facturado_2024', '1er_trimestre', '2do_cuatrimestre', '3er_cuatrimestre', '4to_cuatrimestre', 'facturacion_real', 'proyeccion']
INFO 2025-05-02 03:31:57,199 transform Successfully loaded and parsed: ActivaGFINAL - Profit & Loss.csv
INFO 2025-05-02 03:31:57,199 transform   Shape: (78, 15)
INFO 2025-05-02 03:31:57,200 transform   Columns: ['concepto', 'ENERO', 'FEBRERO', 'MARZO', 'ABRIL', 'MAYO', 'JUNIO', 'JULIO', 'AGOSTO', 'SEPTIEMBRE', 'OCTUBRE', 'NOVIEMBRE', 'DICIEMBRE', 'CONSOLIDADO', 'Unnamed: 14']
INFO 2025-05-02 03:31:57,200 transform Loaded 5 CSV files
INFO 2025-05-02 03:31:57,211 transform Added brand information to 4 clients
INFO 2025-05-02 03:31:57,214 transform Merged 11 columns from activagfinal_ingresos_anuales_mensuales_proy_2
INFO 2025-05-02 03:31:57,216 transform Merged 11 columns from activagfinal_presupuesto_2_025
INFO 2025-05-02 03:31:57,216 transform Saved financial summary data from activagfinal_profit_loss
INFO 2025-05-02 03:31:57,217 transform Created combined dataframe with 52 clients and 21 columns
INFO 2025-05-02 03:31:57,250 views Initializing S3 connector
INFO 2025-05-02 03:31:57,255 utils Initialized S3Connector for bucket: activa-datalake
INFO 2025-05-02 03:31:57,255 views Initializing custom data transformer
INFO 2025-05-02 03:31:57,255 views Loading and parsing CSV files from S3
INFO 2025-05-02 03:31:57,475 utils Found 6 objects with prefix: raw-data-activa/
INFO 2025-05-02 03:31:57,560 transform Successfully loaded and parsed: ActivaGFINAL - CLIENTES MARCAS.csv
INFO 2025-05-02 03:31:57,560 transform   Shape: (74, 4)
INFO 2025-05-02 03:31:57,560 transform   Columns: ['cliente_marca', 'tipo_cliente', 'cliente_desde', 'rubro_negocios']
INFO 2025-05-02 03:31:57,660 transform Successfully loaded and parsed: ActivaGFINAL - Clientes AG 2.csv
INFO 2025-05-02 03:31:57,662 transform   Shape: (46, 2)
INFO 2025-05-02 03:31:57,662 transform   Columns: ['cliente', 'industria']
WARNING 2025-05-02 03:31:57,751 transform Could not convert column facturado_2024 to numeric: The truth value of a Series is ambiguous. Use a.empty, a.bool(), a.item(), a.any() or a.all().
WARNING 2025-05-02 03:31:57,754 transform Could not convert column facturado_2024 to numeric: The truth value of a Series is ambiguous. Use a.empty, a.bool(), a.item(), a.any() or a.all().
WARNING 2025-05-02 03:31:57,755 transform Could not convert column facturado_2024 to numeric: The truth value of a Series is ambiguous. Use a.empty, a.bool(), a.item(), a.any() or a.all().
INFO 2025-05-02 03:31:57,771 transform Successfully loaded and parsed: ActivaGFINAL - Ingresos Anuales-Mensuales Proy 2.csv
INFO 2025-05-02 03:31:57,771 transform   Shape: (77, 12)
INFO 2025-05-02 03:31:57,772 transform   Columns: ['cliente', 'facturacion', 'presupuesto', 'facturado_2024', 'facturado_2024', 'facturado_2024', '1er_trimestre', '2do_cuatrimestre', '3er_cuatrimestre', '4to_cuatrimestre', 'facturacion_anual', 'facturacion_mensual']
WARNING 2025-05-02 03:31:57,861 transform Could not convert column facturado_2024 to numeric: The truth value of a Series is ambiguous. Use a.empty, a.bool(), a.item(), a.any() or a.all().
WARNING 2025-05-02 03:31:57,864 transform Could not convert column facturado_2024 to numeric: The truth value of a Series is ambiguous. Use a.empty, a.bool(), a.item(), a.any() or a.all().
WARNING 2025-05-02 03:31:57,865 transform Could not convert column facturado_2024 to numeric: The truth value of a Series is ambiguous. Use a.empty, a.bool(), a.item(), a.any() or a.all().
INFO 2025-05-02 03:31:57,878 transform Successfully loaded and parsed: ActivaGFINAL - Presupuesto 2,025.csv
INFO 2025-05-02 03:31:57,878 transform   Shape: (79, 12)
INFO 2025-05-02 03:31:57,878 transform   Columns: ['cliente', 'facturacion', 'presupuesto', 'facturado_2024', 'facturado_2024', 'facturado_2024', '1er_trimestre', '2do_cuatrimestre', '3er_cuatrimestre', '4to_cuatrimestre', 'facturacion_real', 'proyeccion']
INFO 2025-05-02 03:31:58,027 transform Successfully loaded and parsed: ActivaGFINAL - Profit & Loss.csv
INFO 2025-05-02 03:31:58,027 transform   Shape: (78, 15)
INFO 2025-05-02 03:31:58,027 transform   Columns: ['concepto', 'ENERO', 'FEBRERO', 'MARZO', 'ABRIL', 'MAYO', 'JUNIO', 'JULIO', 'AGOSTO', 'SEPTIEMBRE', 'OCTUBRE', 'NOVIEMBRE', 'DICIEMBRE', 'CONSOLIDADO', 'Unnamed: 14']
INFO 2025-05-02 03:31:58,028 transform Loaded 5 CSV files
INFO 2025-05-02 03:31:58,028 views Transforming and combining all data
INFO 2025-05-02 03:31:58,034 transform Added brand information to 4 clients
INFO 2025-05-02 03:31:58,037 transform Merged 11 columns from activagfinal_ingresos_anuales_mensuales_proy_2
INFO 2025-05-02 03:31:58,041 transform Merged 11 columns from activagfinal_presupuesto_2_025
INFO 2025-05-02 03:31:58,041 transform Saved financial summary data from activagfinal_profit_loss
INFO 2025-05-02 03:31:58,041 transform Created combined dataframe with 52 clients and 21 columns
INFO 2025-05-02 03:31:58,041 views Getting combined data as dictionary
INFO 2025-05-02 03:31:58,046 views Successfully processed and combined data
INFO 2025-05-02 03:43:06,976 views Initializing S3 connector
INFO 2025-05-02 03:43:07,140 utils Initialized S3Connector for bucket: activa-datalake
INFO 2025-05-02 03:43:07,405 utils Found 6 objects with prefix: raw-data-activa/
INFO 2025-05-02 03:43:07,516 transform Successfully loaded and parsed: ActivaGFINAL - CLIENTES MARCAS.csv
INFO 2025-05-02 03:43:07,516 transform   Shape: (74, 4)
INFO 2025-05-02 03:43:07,516 transform   Columns: ['cliente_marca', 'tipo_cliente', 'cliente_desde', 'rubro_negocios']
INFO 2025-05-02 03:43:07,599 transform Successfully loaded and parsed: ActivaGFINAL - Clientes AG 2.csv
INFO 2025-05-02 03:43:07,600 transform   Shape: (46, 2)
INFO 2025-05-02 03:43:07,600 transform   Columns: ['cliente', 'industria']
WARNING 2025-05-02 03:43:07,717 transform Could not convert column facturado_2024 to numeric: The truth value of a Series is ambiguous. Use a.empty, a.bool(), a.item(), a.any() or a.all().
WARNING 2025-05-02 03:43:07,718 transform Could not convert column facturado_2024 to numeric: The truth value of a Series is ambiguous. Use a.empty, a.bool(), a.item(), a.any() or a.all().
WARNING 2025-05-02 03:43:07,719 transform Could not convert column facturado_2024 to numeric: The truth value of a Series is ambiguous. Use a.empty, a.bool(), a.item(), a.any() or a.all().
INFO 2025-05-02 03:43:07,729 transform Successfully loaded and parsed: ActivaGFINAL - Ingresos Anuales-Mensuales Proy 2.csv
INFO 2025-05-02 03:43:07,730 transform   Shape: (77, 12)
INFO 2025-05-02 03:43:07,730 transform   Columns: ['cliente', 'facturacion', 'presupuesto', 'facturado_2024', 'facturado_2024', 'facturado_2024', '1er_trimestre', '2do_cuatrimestre', '3er_cuatrimestre', '4to_cuatrimestre', 'facturacion_anual', 'facturacion_mensual']
WARNING 2025-05-02 03:43:07,823 transform Could not convert column facturado_2024 to numeric: The truth value of a Series is ambiguous. Use a.empty, a.bool(), a.item(), a.any() or a.all().
WARNING 2025-05-02 03:43:07,825 transform Could not convert column facturado_2024 to numeric: The truth value of a Series is ambiguous. Use a.empty, a.bool(), a.item(), a.any() or a.all().
WARNING 2025-05-02 03:43:07,826 transform Could not convert column facturado_2024 to numeric: The truth value of a Series is ambiguous. Use a.empty, a.bool(), a.item(), a.any() or a.all().
INFO 2025-05-02 03:43:07,837 transform Successfully loaded and parsed: ActivaGFINAL - Presupuesto 2,025.csv
INFO 2025-05-02 03:43:07,837 transform   Shape: (79, 12)
INFO 2025-05-02 03:43:07,837 transform   Columns: ['cliente', 'facturacion', 'presupuesto', 'facturado_2024', 'facturado_2024', 'facturado_2024', '1er_trimestre', '2do_cuatrimestre', '3er_cuatrimestre', '4to_cuatrimestre', 'facturacion_real', 'proyeccion']
INFO 2025-05-02 03:43:07,993 transform Successfully loaded and parsed: ActivaGFINAL - Profit & Loss.csv
INFO 2025-05-02 03:43:07,994 transform   Shape: (78, 15)
INFO 2025-05-02 03:43:07,994 transform   Columns: ['concepto', 'ENERO', 'FEBRERO', 'MARZO', 'ABRIL', 'MAYO', 'JUNIO', 'JULIO', 'AGOSTO', 'SEPTIEMBRE', 'OCTUBRE', 'NOVIEMBRE', 'DICIEMBRE', 'CONSOLIDADO', 'Unnamed: 14']
INFO 2025-05-02 03:43:07,994 transform Loaded 5 CSV files
INFO 2025-05-02 03:43:08,001 transform Added brand information to 4 clients
INFO 2025-05-02 03:43:08,004 transform Merged 11 columns from activagfinal_ingresos_anuales_mensuales_proy_2
INFO 2025-05-02 03:43:08,007 transform Merged 11 columns from activagfinal_presupuesto_2_025
INFO 2025-05-02 03:43:08,007 transform Saved financial summary data from activagfinal_profit_loss
INFO 2025-05-02 03:43:08,007 transform Created combined dataframe with 52 clients and 21 columns
INFO 2025-05-02 03:43:08,028 views Initializing S3 connector
INFO 2025-05-02 03:43:08,033 utils Initialized S3Connector for bucket: activa-datalake
INFO 2025-05-02 03:43:08,033 views Initializing custom data transformer
INFO 2025-05-02 03:43:08,033 views Loading and parsing CSV files from S3
INFO 2025-05-02 03:43:08,327 utils Found 6 objects with prefix: raw-data-activa/
INFO 2025-05-02 03:43:08,410 transform Successfully loaded and parsed: ActivaGFINAL - CLIENTES MARCAS.csv
INFO 2025-05-02 03:43:08,410 transform   Shape: (74, 4)
INFO 2025-05-02 03:43:08,410 transform   Columns: ['cliente_marca', 'tipo_cliente', 'cliente_desde', 'rubro_negocios']
INFO 2025-05-02 03:43:08,496 transform Successfully loaded and parsed: ActivaGFINAL - Clientes AG 2.csv
INFO 2025-05-02 03:43:08,496 transform   Shape: (46, 2)
INFO 2025-05-02 03:43:08,496 transform   Columns: ['cliente', 'industria']
WARNING 2025-05-02 03:43:08,589 transform Could not convert column facturado_2024 to numeric: The truth value of a Series is ambiguous. Use a.empty, a.bool(), a.item(), a.any() or a.all().
WARNING 2025-05-02 03:43:08,590 transform Could not convert column facturado_2024 to numeric: The truth value of a Series is ambiguous. Use a.empty, a.bool(), a.item(), a.any() or a.all().
WARNING 2025-05-02 03:43:08,591 transform Could not convert column facturado_2024 to numeric: The truth value of a Series is ambiguous. Use a.empty, a.bool(), a.item(), a.any() or a.all().
INFO 2025-05-02 03:43:08,605 transform Successfully loaded and parsed: ActivaGFINAL - Ingresos Anuales-Mensuales Proy 2.csv
INFO 2025-05-02 03:43:08,605 transform   Shape: (77, 12)
INFO 2025-05-02 03:43:08,605 transform   Columns: ['cliente', 'facturacion', 'presupuesto', 'facturado_2024', 'facturado_2024', 'facturado_2024', '1er_trimestre', '2do_cuatrimestre', '3er_cuatrimestre', '4to_cuatrimestre', 'facturacion_anual', 'facturacion_mensual']
WARNING 2025-05-02 03:43:08,800 transform Could not convert column facturado_2024 to numeric: The truth value of a Series is ambiguous. Use a.empty, a.bool(), a.item(), a.any() or a.all().
WARNING 2025-05-02 03:43:08,802 transform Could not convert column facturado_2024 to numeric: The truth value of a Series is ambiguous. Use a.empty, a.bool(), a.item(), a.any() or a.all().
WARNING 2025-05-02 03:43:08,803 transform Could not convert column facturado_2024 to numeric: The truth value of a Series is ambiguous. Use a.empty, a.bool(), a.item(), a.any() or a.all().
INFO 2025-05-02 03:43:08,814 transform Successfully loaded and parsed: ActivaGFINAL - Presupuesto 2,025.csv
INFO 2025-05-02 03:43:08,814 transform   Shape: (79, 12)
INFO 2025-05-02 03:43:08,814 transform   Columns: ['cliente', 'facturacion', 'presupuesto', 'facturado_2024', 'facturado_2024', 'facturado_2024', '1er_trimestre', '2do_cuatrimestre', '3er_cuatrimestre', '4to_cuatrimestre', 'facturacion_real', 'proyeccion']
INFO 2025-05-02 03:43:09,042 transform Successfully loaded and parsed: ActivaGFINAL - Profit & Loss.csv
INFO 2025-05-02 03:43:09,042 transform   Shape: (78, 15)
INFO 2025-05-02 03:43:09,042 transform   Columns: ['concepto', 'ENERO', 'FEBRERO', 'MARZO', 'ABRIL', 'MAYO', 'JUNIO', 'JULIO', 'AGOSTO', 'SEPTIEMBRE', 'OCTUBRE', 'NOVIEMBRE', 'DICIEMBRE', 'CONSOLIDADO', 'Unnamed: 14']
INFO 2025-05-02 03:43:09,042 transform Loaded 5 CSV files
INFO 2025-05-02 03:43:09,043 views Transforming and combining all data
INFO 2025-05-02 03:43:09,049 transform Added brand information to 4 clients
INFO 2025-05-02 03:43:09,051 transform Merged 11 columns from activagfinal_ingresos_anuales_mensuales_proy_2
INFO 2025-05-02 03:43:09,054 transform Merged 11 columns from activagfinal_presupuesto_2_025
INFO 2025-05-02 03:43:09,054 transform Saved financial summary data from activagfinal_profit_loss
INFO 2025-05-02 03:43:09,055 transform Created combined dataframe with 52 clients and 21 columns
INFO 2025-05-02 03:43:09,055 views Getting combined data as dictionary
INFO 2025-05-02 03:43:09,060 views Successfully processed and combined data
INFO 2025-05-02 03:53:44,825 views Initializing S3 connector
INFO 2025-05-02 03:53:44,887 utils Initialized S3Connector for bucket: activa-datalake
INFO 2025-05-02 03:53:47,247 utils Found 6 objects with prefix: raw-data-activa/
INFO 2025-05-02 03:53:47,387 transform Successfully loaded and parsed: ActivaGFINAL - CLIENTES MARCAS.csv
INFO 2025-05-02 03:53:47,387 transform   Shape: (74, 4)
INFO 2025-05-02 03:53:47,387 transform   Columns: ['cliente_marca', 'tipo_cliente', 'cliente_desde', 'rubro_negocios']
INFO 2025-05-02 03:53:47,470 transform Successfully loaded and parsed: ActivaGFINAL - Clientes AG 2.csv
INFO 2025-05-02 03:53:47,471 transform   Shape: (46, 2)
INFO 2025-05-02 03:53:47,471 transform   Columns: ['cliente', 'industria']
WARNING 2025-05-02 03:53:47,613 transform Could not convert column facturado_2024 to numeric: The truth value of a Series is ambiguous. Use a.empty, a.bool(), a.item(), a.any() or a.all().
WARNING 2025-05-02 03:53:47,614 transform Could not convert column facturado_2024 to numeric: The truth value of a Series is ambiguous. Use a.empty, a.bool(), a.item(), a.any() or a.all().
WARNING 2025-05-02 03:53:47,615 transform Could not convert column facturado_2024 to numeric: The truth value of a Series is ambiguous. Use a.empty, a.bool(), a.item(), a.any() or a.all().
INFO 2025-05-02 03:53:47,625 transform Successfully loaded and parsed: ActivaGFINAL - Ingresos Anuales-Mensuales Proy 2.csv
INFO 2025-05-02 03:53:47,626 transform   Shape: (77, 12)
INFO 2025-05-02 03:53:47,626 transform   Columns: ['cliente', 'facturacion', 'presupuesto', 'facturado_2024', 'facturado_2024', 'facturado_2024', '1er_trimestre', '2do_cuatrimestre', '3er_cuatrimestre', '4to_cuatrimestre', 'facturacion_anual', 'facturacion_mensual']
WARNING 2025-05-02 03:53:47,790 transform Could not convert column facturado_2024 to numeric: The truth value of a Series is ambiguous. Use a.empty, a.bool(), a.item(), a.any() or a.all().
WARNING 2025-05-02 03:53:47,791 transform Could not convert column facturado_2024 to numeric: The truth value of a Series is ambiguous. Use a.empty, a.bool(), a.item(), a.any() or a.all().
WARNING 2025-05-02 03:53:47,792 transform Could not convert column facturado_2024 to numeric: The truth value of a Series is ambiguous. Use a.empty, a.bool(), a.item(), a.any() or a.all().
INFO 2025-05-02 03:53:47,804 transform Successfully loaded and parsed: ActivaGFINAL - Presupuesto 2,025.csv
INFO 2025-05-02 03:53:47,804 transform   Shape: (79, 12)
INFO 2025-05-02 03:53:47,805 transform   Columns: ['cliente', 'facturacion', 'presupuesto', 'facturado_2024', 'facturado_2024', 'facturado_2024', '1er_trimestre', '2do_cuatrimestre', '3er_cuatrimestre', '4to_cuatrimestre', 'facturacion_real', 'proyeccion']
INFO 2025-05-02 03:53:48,745 transform Successfully loaded and parsed: ActivaGFINAL - Profit & Loss.csv
INFO 2025-05-02 03:53:48,746 transform   Shape: (78, 15)
INFO 2025-05-02 03:53:48,746 transform   Columns: ['concepto', 'ENERO', 'FEBRERO', 'MARZO', 'ABRIL', 'MAYO', 'JUNIO', 'JULIO', 'AGOSTO', 'SEPTIEMBRE', 'OCTUBRE', 'NOVIEMBRE', 'DICIEMBRE', 'CONSOLIDADO', 'Unnamed: 14']
INFO 2025-05-02 03:53:48,746 transform Loaded 5 CSV files
INFO 2025-05-02 03:53:48,756 transform Added brand information to 4 clients
INFO 2025-05-02 03:53:48,758 transform Merged 11 columns from activagfinal_ingresos_anuales_mensuales_proy_2
INFO 2025-05-02 03:53:48,759 transform Merged 11 columns from activagfinal_presupuesto_2_025
INFO 2025-05-02 03:53:48,759 transform Saved financial summary data from activagfinal_profit_loss
INFO 2025-05-02 03:53:48,760 transform Created combined dataframe with 52 clients and 21 columns
INFO 2025-05-02 03:53:48,774 views Initializing S3 connector
INFO 2025-05-02 03:53:48,777 utils Initialized S3Connector for bucket: activa-datalake
INFO 2025-05-02 03:53:48,777 views Initializing custom data transformer
INFO 2025-05-02 03:53:48,777 views Loading and parsing CSV files from S3
INFO 2025-05-02 03:53:49,644 utils Found 6 objects with prefix: raw-data-activa/
INFO 2025-05-02 03:53:49,759 transform Successfully loaded and parsed: ActivaGFINAL - CLIENTES MARCAS.csv
INFO 2025-05-02 03:53:49,760 transform   Shape: (74, 4)
INFO 2025-05-02 03:53:49,760 transform   Columns: ['cliente_marca', 'tipo_cliente', 'cliente_desde', 'rubro_negocios']
INFO 2025-05-02 03:53:49,844 transform Successfully loaded and parsed: ActivaGFINAL - Clientes AG 2.csv
INFO 2025-05-02 03:53:49,844 transform   Shape: (46, 2)
INFO 2025-05-02 03:53:49,845 transform   Columns: ['cliente', 'industria']
WARNING 2025-05-02 03:53:50,163 transform Could not convert column facturado_2024 to numeric: The truth value of a Series is ambiguous. Use a.empty, a.bool(), a.item(), a.any() or a.all().
WARNING 2025-05-02 03:53:50,164 transform Could not convert column facturado_2024 to numeric: The truth value of a Series is ambiguous. Use a.empty, a.bool(), a.item(), a.any() or a.all().
WARNING 2025-05-02 03:53:50,165 transform Could not convert column facturado_2024 to numeric: The truth value of a Series is ambiguous. Use a.empty, a.bool(), a.item(), a.any() or a.all().
INFO 2025-05-02 03:53:50,180 transform Successfully loaded and parsed: ActivaGFINAL - Ingresos Anuales-Mensuales Proy 2.csv
INFO 2025-05-02 03:53:50,180 transform   Shape: (77, 12)
INFO 2025-05-02 03:53:50,180 transform   Columns: ['cliente', 'facturacion', 'presupuesto', 'facturado_2024', 'facturado_2024', 'facturado_2024', '1er_trimestre', '2do_cuatrimestre', '3er_cuatrimestre', '4to_cuatrimestre', 'facturacion_anual', 'facturacion_mensual']
WARNING 2025-05-02 03:53:50,305 transform Could not convert column facturado_2024 to numeric: The truth value of a Series is ambiguous. Use a.empty, a.bool(), a.item(), a.any() or a.all().
WARNING 2025-05-02 03:53:50,306 transform Could not convert column facturado_2024 to numeric: The truth value of a Series is ambiguous. Use a.empty, a.bool(), a.item(), a.any() or a.all().
WARNING 2025-05-02 03:53:50,306 transform Could not convert column facturado_2024 to numeric: The truth value of a Series is ambiguous. Use a.empty, a.bool(), a.item(), a.any() or a.all().
INFO 2025-05-02 03:53:50,309 transform Successfully loaded and parsed: ActivaGFINAL - Presupuesto 2,025.csv
INFO 2025-05-02 03:53:50,309 transform   Shape: (79, 12)
INFO 2025-05-02 03:53:50,309 transform   Columns: ['cliente', 'facturacion', 'presupuesto', 'facturado_2024', 'facturado_2024', 'facturado_2024', '1er_trimestre', '2do_cuatrimestre', '3er_cuatrimestre', '4to_cuatrimestre', 'facturacion_real', 'proyeccion']
INFO 2025-05-02 03:53:50,463 transform Successfully loaded and parsed: ActivaGFINAL - Profit & Loss.csv
INFO 2025-05-02 03:53:50,464 transform   Shape: (78, 15)
INFO 2025-05-02 03:53:50,464 transform   Columns: ['concepto', 'ENERO', 'FEBRERO', 'MARZO', 'ABRIL', 'MAYO', 'JUNIO', 'JULIO', 'AGOSTO', 'SEPTIEMBRE', 'OCTUBRE', 'NOVIEMBRE', 'DICIEMBRE', 'CONSOLIDADO', 'Unnamed: 14']
INFO 2025-05-02 03:53:50,464 transform Loaded 5 CSV files
INFO 2025-05-02 03:53:50,464 views Transforming and combining all data
INFO 2025-05-02 03:53:50,467 transform Added brand information to 4 clients
INFO 2025-05-02 03:53:50,468 transform Merged 11 columns from activagfinal_ingresos_anuales_mensuales_proy_2
INFO 2025-05-02 03:53:50,470 transform Merged 11 columns from activagfinal_presupuesto_2_025
INFO 2025-05-02 03:53:50,470 transform Saved financial summary data from activagfinal_profit_loss
INFO 2025-05-02 03:53:50,470 transform Created combined dataframe with 52 clients and 21 columns
INFO 2025-05-02 03:53:50,470 views Getting combined data as dictionary
INFO 2025-05-02 03:53:50,473 views Successfully processed and combined data
INFO 2025-05-02 04:05:21,664 views Initializing S3 connector
INFO 2025-05-02 04:05:21,676 utils Initialized S3Connector for bucket: activa-datalake
INFO 2025-05-02 04:05:21,996 utils Found 6 objects with prefix: raw-data-activa/
INFO 2025-05-02 04:05:22,127 transform Successfully loaded and parsed: ActivaGFINAL - CLIENTES MARCAS.csv
INFO 2025-05-02 04:05:22,128 transform   Shape: (74, 4)
INFO 2025-05-02 04:05:22,128 transform   Columns: ['cliente_marca', 'tipo_cliente', 'cliente_desde', 'rubro_negocios']
INFO 2025-05-02 04:05:22,250 transform Successfully loaded and parsed: ActivaGFINAL - Clientes AG 2.csv
INFO 2025-05-02 04:05:22,250 transform   Shape: (46, 2)
INFO 2025-05-02 04:05:22,250 transform   Columns: ['cliente', 'industria']
WARNING 2025-05-02 04:05:22,422 transform Could not convert column facturado_2024 to numeric: The truth value of a Series is ambiguous. Use a.empty, a.bool(), a.item(), a.any() or a.all().
WARNING 2025-05-02 04:05:22,423 transform Could not convert column facturado_2024 to numeric: The truth value of a Series is ambiguous. Use a.empty, a.bool(), a.item(), a.any() or a.all().
WARNING 2025-05-02 04:05:22,424 transform Could not convert column facturado_2024 to numeric: The truth value of a Series is ambiguous. Use a.empty, a.bool(), a.item(), a.any() or a.all().
INFO 2025-05-02 04:05:22,436 transform Successfully loaded and parsed: ActivaGFINAL - Ingresos Anuales-Mensuales Proy 2.csv
INFO 2025-05-02 04:05:22,436 transform   Shape: (77, 12)
INFO 2025-05-02 04:05:22,436 transform   Columns: ['cliente', 'facturacion', 'presupuesto', 'facturado_2024', 'facturado_2024', 'facturado_2024', '1er_trimestre', '2do_cuatrimestre', '3er_cuatrimestre', '4to_cuatrimestre', 'facturacion_anual', 'facturacion_mensual']
WARNING 2025-05-02 04:05:22,526 transform Could not convert column facturado_2024 to numeric: The truth value of a Series is ambiguous. Use a.empty, a.bool(), a.item(), a.any() or a.all().
WARNING 2025-05-02 04:05:22,527 transform Could not convert column facturado_2024 to numeric: The truth value of a Series is ambiguous. Use a.empty, a.bool(), a.item(), a.any() or a.all().
WARNING 2025-05-02 04:05:22,528 transform Could not convert column facturado_2024 to numeric: The truth value of a Series is ambiguous. Use a.empty, a.bool(), a.item(), a.any() or a.all().
INFO 2025-05-02 04:05:22,539 transform Successfully loaded and parsed: ActivaGFINAL - Presupuesto 2,025.csv
INFO 2025-05-02 04:05:22,539 transform   Shape: (79, 12)
INFO 2025-05-02 04:05:22,540 transform   Columns: ['cliente', 'facturacion', 'presupuesto', 'facturado_2024', 'facturado_2024', 'facturado_2024', '1er_trimestre', '2do_cuatrimestre', '3er_cuatrimestre', '4to_cuatrimestre', 'facturacion_real', 'proyeccion']
INFO 2025-05-02 04:05:22,675 transform Successfully loaded and parsed: ActivaGFINAL - Profit & Loss.csv
INFO 2025-05-02 04:05:22,675 transform   Shape: (78, 15)
INFO 2025-05-02 04:05:22,675 transform   Columns: ['concepto', 'ENERO', 'FEBRERO', 'MARZO', 'ABRIL', 'MAYO', 'JUNIO', 'JULIO', 'AGOSTO', 'SEPTIEMBRE', 'OCTUBRE', 'NOVIEMBRE', 'DICIEMBRE', 'CONSOLIDADO', 'Unnamed: 14']
INFO 2025-05-02 04:05:22,675 transform Loaded 5 CSV files
INFO 2025-05-02 04:05:22,681 transform Added brand information to 4 clients
INFO 2025-05-02 04:05:22,683 transform Merged 11 columns from activagfinal_ingresos_anuales_mensuales_proy_2
INFO 2025-05-02 04:05:22,688 transform Merged 11 columns from activagfinal_presupuesto_2_025
INFO 2025-05-02 04:05:22,688 transform Saved financial summary data from activagfinal_profit_loss
INFO 2025-05-02 04:05:22,688 transform Created combined dataframe with 52 clients and 21 columns
INFO 2025-05-02 04:05:22,704 views Initializing S3 connector
INFO 2025-05-02 04:05:22,711 utils Initialized S3Connector for bucket: activa-datalake
INFO 2025-05-02 04:05:22,711 views Initializing custom data transformer
INFO 2025-05-02 04:05:22,711 views Loading and parsing CSV files from S3
INFO 2025-05-02 04:05:22,947 utils Found 6 objects with prefix: raw-data-activa/
INFO 2025-05-02 04:05:23,042 transform Successfully loaded and parsed: ActivaGFINAL - CLIENTES MARCAS.csv
INFO 2025-05-02 04:05:23,042 transform   Shape: (74, 4)
INFO 2025-05-02 04:05:23,042 transform   Columns: ['cliente_marca', 'tipo_cliente', 'cliente_desde', 'rubro_negocios']
INFO 2025-05-02 04:05:23,128 transform Successfully loaded and parsed: ActivaGFINAL - Clientes AG 2.csv
INFO 2025-05-02 04:05:23,129 transform   Shape: (46, 2)
INFO 2025-05-02 04:05:23,129 transform   Columns: ['cliente', 'industria']
WARNING 2025-05-02 04:05:23,217 transform Could not convert column facturado_2024 to numeric: The truth value of a Series is ambiguous. Use a.empty, a.bool(), a.item(), a.any() or a.all().
WARNING 2025-05-02 04:05:23,219 transform Could not convert column facturado_2024 to numeric: The truth value of a Series is ambiguous. Use a.empty, a.bool(), a.item(), a.any() or a.all().
WARNING 2025-05-02 04:05:23,219 transform Could not convert column facturado_2024 to numeric: The truth value of a Series is ambiguous. Use a.empty, a.bool(), a.item(), a.any() or a.all().
INFO 2025-05-02 04:05:23,226 transform Successfully loaded and parsed: ActivaGFINAL - Ingresos Anuales-Mensuales Proy 2.csv
INFO 2025-05-02 04:05:23,227 transform   Shape: (77, 12)
INFO 2025-05-02 04:05:23,227 transform   Columns: ['cliente', 'facturacion', 'presupuesto', 'facturado_2024', 'facturado_2024', 'facturado_2024', '1er_trimestre', '2do_cuatrimestre', '3er_cuatrimestre', '4to_cuatrimestre', 'facturacion_anual', 'facturacion_mensual']
WARNING 2025-05-02 04:05:23,309 transform Could not convert column facturado_2024 to numeric: The truth value of a Series is ambiguous. Use a.empty, a.bool(), a.item(), a.any() or a.all().
WARNING 2025-05-02 04:05:23,309 transform Could not convert column facturado_2024 to numeric: The truth value of a Series is ambiguous. Use a.empty, a.bool(), a.item(), a.any() or a.all().
WARNING 2025-05-02 04:05:23,309 transform Could not convert column facturado_2024 to numeric: The truth value of a Series is ambiguous. Use a.empty, a.bool(), a.item(), a.any() or a.all().
INFO 2025-05-02 04:05:23,316 transform Successfully loaded and parsed: ActivaGFINAL - Presupuesto 2,025.csv
INFO 2025-05-02 04:05:23,316 transform   Shape: (79, 12)
INFO 2025-05-02 04:05:23,316 transform   Columns: ['cliente', 'facturacion', 'presupuesto', 'facturado_2024', 'facturado_2024', 'facturado_2024', '1er_trimestre', '2do_cuatrimestre', '3er_cuatrimestre', '4to_cuatrimestre', 'facturacion_real', 'proyeccion']
INFO 2025-05-02 04:05:23,438 transform Successfully loaded and parsed: ActivaGFINAL - Profit & Loss.csv
INFO 2025-05-02 04:05:23,439 transform   Shape: (78, 15)
INFO 2025-05-02 04:05:23,439 transform   Columns: ['concepto', 'ENERO', 'FEBRERO', 'MARZO', 'ABRIL', 'MAYO', 'JUNIO', 'JULIO', 'AGOSTO', 'SEPTIEMBRE', 'OCTUBRE', 'NOVIEMBRE', 'DICIEMBRE', 'CONSOLIDADO', 'Unnamed: 14']
INFO 2025-05-02 04:05:23,439 transform Loaded 5 CSV files
INFO 2025-05-02 04:05:23,439 views Transforming and combining all data
INFO 2025-05-02 04:05:23,446 transform Added brand information to 4 clients
INFO 2025-05-02 04:05:23,448 transform Merged 11 columns from activagfinal_ingresos_anuales_mensuales_proy_2
INFO 2025-05-02 04:05:23,452 transform Merged 11 columns from activagfinal_presupuesto_2_025
INFO 2025-05-02 04:05:23,452 transform Saved financial summary data from activagfinal_profit_loss
INFO 2025-05-02 04:05:23,452 transform Created combined dataframe with 52 clients and 21 columns
INFO 2025-05-02 04:05:23,452 views Getting combined data as dictionary
INFO 2025-05-02 04:05:23,458 views Successfully processed and combined data
INFO 2025-05-02 04:13:08,744 views Initializing S3 connector
INFO 2025-05-02 04:13:08,758 utils Initialized S3Connector for bucket: activa-datalake
INFO 2025-05-02 04:13:09,134 utils Found 6 objects with prefix: raw-data-activa/
INFO 2025-05-02 04:13:09,254 transform Successfully loaded and parsed: ActivaGFINAL - CLIENTES MARCAS.csv
INFO 2025-05-02 04:13:09,254 transform   Shape: (74, 4)
INFO 2025-05-02 04:13:09,254 transform   Columns: ['cliente_marca', 'tipo_cliente', 'cliente_desde', 'rubro_negocios']
INFO 2025-05-02 04:13:09,340 transform Successfully loaded and parsed: ActivaGFINAL - Clientes AG 2.csv
INFO 2025-05-02 04:13:09,340 transform   Shape: (46, 2)
INFO 2025-05-02 04:13:09,340 transform   Columns: ['cliente', 'industria']
WARNING 2025-05-02 04:13:09,502 transform Could not convert column facturado_2024 to numeric: The truth value of a Series is ambiguous. Use a.empty, a.bool(), a.item(), a.any() or a.all().
WARNING 2025-05-02 04:13:09,503 transform Could not convert column facturado_2024 to numeric: The truth value of a Series is ambiguous. Use a.empty, a.bool(), a.item(), a.any() or a.all().
WARNING 2025-05-02 04:13:09,504 transform Could not convert column facturado_2024 to numeric: The truth value of a Series is ambiguous. Use a.empty, a.bool(), a.item(), a.any() or a.all().
INFO 2025-05-02 04:13:09,517 transform Successfully loaded and parsed: ActivaGFINAL - Ingresos Anuales-Mensuales Proy 2.csv
INFO 2025-05-02 04:13:09,517 transform   Shape: (77, 12)
INFO 2025-05-02 04:13:09,517 transform   Columns: ['cliente', 'facturacion', 'presupuesto', 'facturado_2024', 'facturado_2024', 'facturado_2024', '1er_trimestre', '2do_cuatrimestre', '3er_cuatrimestre', '4to_cuatrimestre', 'facturacion_anual', 'facturacion_mensual']
WARNING 2025-05-02 04:13:09,612 transform Could not convert column facturado_2024 to numeric: The truth value of a Series is ambiguous. Use a.empty, a.bool(), a.item(), a.any() or a.all().
WARNING 2025-05-02 04:13:09,613 transform Could not convert column facturado_2024 to numeric: The truth value of a Series is ambiguous. Use a.empty, a.bool(), a.item(), a.any() or a.all().
WARNING 2025-05-02 04:13:09,615 transform Could not convert column facturado_2024 to numeric: The truth value of a Series is ambiguous. Use a.empty, a.bool(), a.item(), a.any() or a.all().
INFO 2025-05-02 04:13:09,628 transform Successfully loaded and parsed: ActivaGFINAL - Presupuesto 2,025.csv
INFO 2025-05-02 04:13:09,629 transform   Shape: (79, 12)
INFO 2025-05-02 04:13:09,629 transform   Columns: ['cliente', 'facturacion', 'presupuesto', 'facturado_2024', 'facturado_2024', 'facturado_2024', '1er_trimestre', '2do_cuatrimestre', '3er_cuatrimestre', '4to_cuatrimestre', 'facturacion_real', 'proyeccion']
INFO 2025-05-02 04:13:09,749 transform Successfully loaded and parsed: ActivaGFINAL - Profit & Loss.csv
INFO 2025-05-02 04:13:09,749 transform   Shape: (78, 15)
INFO 2025-05-02 04:13:09,749 transform   Columns: ['concepto', 'ENERO', 'FEBRERO', 'MARZO', 'ABRIL', 'MAYO', 'JUNIO', 'JULIO', 'AGOSTO', 'SEPTIEMBRE', 'OCTUBRE', 'NOVIEMBRE', 'DICIEMBRE', 'CONSOLIDADO', 'Unnamed: 14']
INFO 2025-05-02 04:13:09,749 transform Loaded 5 CSV files
INFO 2025-05-02 04:13:09,759 transform Added brand information to 4 clients
INFO 2025-05-02 04:13:09,761 transform Merged 11 columns from activagfinal_ingresos_anuales_mensuales_proy_2
INFO 2025-05-02 04:13:09,763 transform Merged 11 columns from activagfinal_presupuesto_2_025
INFO 2025-05-02 04:13:09,763 transform Saved financial summary data from activagfinal_profit_loss
INFO 2025-05-02 04:13:09,764 transform Created combined dataframe with 52 clients and 21 columns
INFO 2025-05-02 04:13:09,775 views Initializing S3 connector
INFO 2025-05-02 04:13:09,779 utils Initialized S3Connector for bucket: activa-datalake
INFO 2025-05-02 04:13:09,780 views Initializing custom data transformer
INFO 2025-05-02 04:13:09,780 views Loading and parsing CSV files from S3
INFO 2025-05-02 04:13:10,027 utils Found 6 objects with prefix: raw-data-activa/
INFO 2025-05-02 04:13:10,123 transform Successfully loaded and parsed: ActivaGFINAL - CLIENTES MARCAS.csv
INFO 2025-05-02 04:13:10,124 transform   Shape: (74, 4)
INFO 2025-05-02 04:13:10,124 transform   Columns: ['cliente_marca', 'tipo_cliente', 'cliente_desde', 'rubro_negocios']
INFO 2025-05-02 04:13:10,209 transform Successfully loaded and parsed: ActivaGFINAL - Clientes AG 2.csv
INFO 2025-05-02 04:13:10,210 transform   Shape: (46, 2)
INFO 2025-05-02 04:13:10,210 transform   Columns: ['cliente', 'industria']
WARNING 2025-05-02 04:13:10,306 transform Could not convert column facturado_2024 to numeric: The truth value of a Series is ambiguous. Use a.empty, a.bool(), a.item(), a.any() or a.all().
WARNING 2025-05-02 04:13:10,308 transform Could not convert column facturado_2024 to numeric: The truth value of a Series is ambiguous. Use a.empty, a.bool(), a.item(), a.any() or a.all().
WARNING 2025-05-02 04:13:10,309 transform Could not convert column facturado_2024 to numeric: The truth value of a Series is ambiguous. Use a.empty, a.bool(), a.item(), a.any() or a.all().
INFO 2025-05-02 04:13:10,319 transform Successfully loaded and parsed: ActivaGFINAL - Ingresos Anuales-Mensuales Proy 2.csv
INFO 2025-05-02 04:13:10,320 transform   Shape: (77, 12)
INFO 2025-05-02 04:13:10,320 transform   Columns: ['cliente', 'facturacion', 'presupuesto', 'facturado_2024', 'facturado_2024', 'facturado_2024', '1er_trimestre', '2do_cuatrimestre', '3er_cuatrimestre', '4to_cuatrimestre', 'facturacion_anual', 'facturacion_mensual']
WARNING 2025-05-02 04:13:10,437 transform Could not convert column facturado_2024 to numeric: The truth value of a Series is ambiguous. Use a.empty, a.bool(), a.item(), a.any() or a.all().
WARNING 2025-05-02 04:13:10,438 transform Could not convert column facturado_2024 to numeric: The truth value of a Series is ambiguous. Use a.empty, a.bool(), a.item(), a.any() or a.all().
WARNING 2025-05-02 04:13:10,439 transform Could not convert column facturado_2024 to numeric: The truth value of a Series is ambiguous. Use a.empty, a.bool(), a.item(), a.any() or a.all().
INFO 2025-05-02 04:13:10,450 transform Successfully loaded and parsed: ActivaGFINAL - Presupuesto 2,025.csv
INFO 2025-05-02 04:13:10,450 transform   Shape: (79, 12)
INFO 2025-05-02 04:13:10,450 transform   Columns: ['cliente', 'facturacion', 'presupuesto', 'facturado_2024', 'facturado_2024', 'facturado_2024', '1er_trimestre', '2do_cuatrimestre', '3er_cuatrimestre', '4to_cuatrimestre', 'facturacion_real', 'proyeccion']
INFO 2025-05-02 04:13:10,554 transform Successfully loaded and parsed: ActivaGFINAL - Profit & Loss.csv
INFO 2025-05-02 04:13:10,554 transform   Shape: (78, 15)
INFO 2025-05-02 04:13:10,554 transform   Columns: ['concepto', 'ENERO', 'FEBRERO', 'MARZO', 'ABRIL', 'MAYO', 'JUNIO', 'JULIO', 'AGOSTO', 'SEPTIEMBRE', 'OCTUBRE', 'NOVIEMBRE', 'DICIEMBRE', 'CONSOLIDADO', 'Unnamed: 14']
INFO 2025-05-02 04:13:10,554 transform Loaded 5 CSV files
INFO 2025-05-02 04:13:10,554 views Transforming and combining all data
INFO 2025-05-02 04:13:10,558 transform Added brand information to 4 clients
INFO 2025-05-02 04:13:10,561 transform Merged 11 columns from activagfinal_ingresos_anuales_mensuales_proy_2
INFO 2025-05-02 04:13:10,562 transform Merged 11 columns from activagfinal_presupuesto_2_025
INFO 2025-05-02 04:13:10,562 transform Saved financial summary data from activagfinal_profit_loss
INFO 2025-05-02 04:13:10,563 transform Created combined dataframe with 52 clients and 21 columns
INFO 2025-05-02 04:13:10,563 views Getting combined data as dictionary
INFO 2025-05-02 04:13:10,566 views Successfully processed and combined data
INFO 2025-05-02 04:30:04,820 views Initializing S3 connector
INFO 2025-05-02 04:30:04,845 utils Initialized S3Connector for bucket: activa-datalake
INFO 2025-05-02 04:30:05,211 utils Found 6 objects with prefix: raw-data-activa/
INFO 2025-05-02 04:30:05,307 transform Successfully loaded and parsed: ActivaGFINAL - CLIENTES MARCAS.csv
INFO 2025-05-02 04:30:05,308 transform   Shape: (74, 4)
INFO 2025-05-02 04:30:05,308 transform   Columns: ['cliente_marca', 'tipo_cliente', 'cliente_desde', 'rubro_negocios']
INFO 2025-05-02 04:30:05,414 transform Successfully loaded and parsed: ActivaGFINAL - Clientes AG 2.csv
INFO 2025-05-02 04:30:05,414 transform   Shape: (46, 2)
INFO 2025-05-02 04:30:05,414 transform   Columns: ['cliente', 'industria']
WARNING 2025-05-02 04:30:05,522 transform Could not convert column facturado_2024 to numeric: The truth value of a Series is ambiguous. Use a.empty, a.bool(), a.item(), a.any() or a.all().
WARNING 2025-05-02 04:30:05,523 transform Could not convert column facturado_2024 to numeric: The truth value of a Series is ambiguous. Use a.empty, a.bool(), a.item(), a.any() or a.all().
WARNING 2025-05-02 04:30:05,523 transform Could not convert column facturado_2024 to numeric: The truth value of a Series is ambiguous. Use a.empty, a.bool(), a.item(), a.any() or a.all().
INFO 2025-05-02 04:30:05,535 transform Successfully loaded and parsed: ActivaGFINAL - Ingresos Anuales-Mensuales Proy 2.csv
INFO 2025-05-02 04:30:05,535 transform   Shape: (77, 12)
INFO 2025-05-02 04:30:05,535 transform   Columns: ['cliente', 'facturacion', 'presupuesto', 'facturado_2024', 'facturado_2024', 'facturado_2024', '1er_trimestre', '2do_cuatrimestre', '3er_cuatrimestre', '4to_cuatrimestre', 'facturacion_anual', 'facturacion_mensual']
WARNING 2025-05-02 04:30:05,677 transform Could not convert column facturado_2024 to numeric: The truth value of a Series is ambiguous. Use a.empty, a.bool(), a.item(), a.any() or a.all().
WARNING 2025-05-02 04:30:05,679 transform Could not convert column facturado_2024 to numeric: The truth value of a Series is ambiguous. Use a.empty, a.bool(), a.item(), a.any() or a.all().
WARNING 2025-05-02 04:30:05,680 transform Could not convert column facturado_2024 to numeric: The truth value of a Series is ambiguous. Use a.empty, a.bool(), a.item(), a.any() or a.all().
INFO 2025-05-02 04:30:05,691 transform Successfully loaded and parsed: ActivaGFINAL - Presupuesto 2,025.csv
INFO 2025-05-02 04:30:05,691 transform   Shape: (79, 12)
INFO 2025-05-02 04:30:05,691 transform   Columns: ['cliente', 'facturacion', 'presupuesto', 'facturado_2024', 'facturado_2024', 'facturado_2024', '1er_trimestre', '2do_cuatrimestre', '3er_cuatrimestre', '4to_cuatrimestre', 'facturacion_real', 'proyeccion']
INFO 2025-05-02 04:30:05,822 transform Successfully loaded and parsed: ActivaGFINAL - Profit & Loss.csv
INFO 2025-05-02 04:30:05,822 transform   Shape: (78, 15)
INFO 2025-05-02 04:30:05,822 transform   Columns: ['concepto', 'ENERO', 'FEBRERO', 'MARZO', 'ABRIL', 'MAYO', 'JUNIO', 'JULIO', 'AGOSTO', 'SEPTIEMBRE', 'OCTUBRE', 'NOVIEMBRE', 'DICIEMBRE', 'CONSOLIDADO', 'Unnamed: 14']
INFO 2025-05-02 04:30:05,822 transform Loaded 5 CSV files
INFO 2025-05-02 04:30:05,833 transform Added brand information to 4 clients
INFO 2025-05-02 04:30:05,837 transform Merged 11 columns from activagfinal_ingresos_anuales_mensuales_proy_2
INFO 2025-05-02 04:30:05,839 transform Merged 11 columns from activagfinal_presupuesto_2_025
INFO 2025-05-02 04:30:05,839 transform Saved financial summary data from activagfinal_profit_loss
INFO 2025-05-02 04:30:05,840 transform Created combined dataframe with 52 clients and 21 columns
INFO 2025-05-02 04:30:05,853 views Initializing S3 connector
INFO 2025-05-02 04:30:05,859 utils Initialized S3Connector for bucket: activa-datalake
INFO 2025-05-02 04:30:05,859 views Initializing custom data transformer
INFO 2025-05-02 04:30:05,859 views Loading and parsing CSV files from S3
INFO 2025-05-02 04:30:06,098 utils Found 6 objects with prefix: raw-data-activa/
INFO 2025-05-02 04:30:06,176 transform Successfully loaded and parsed: ActivaGFINAL - CLIENTES MARCAS.csv
INFO 2025-05-02 04:30:06,177 transform   Shape: (74, 4)
INFO 2025-05-02 04:30:06,177 transform   Columns: ['cliente_marca', 'tipo_cliente', 'cliente_desde', 'rubro_negocios']
INFO 2025-05-02 04:30:06,259 transform Successfully loaded and parsed: ActivaGFINAL - Clientes AG 2.csv
INFO 2025-05-02 04:30:06,259 transform   Shape: (46, 2)
INFO 2025-05-02 04:30:06,259 transform   Columns: ['cliente', 'industria']
WARNING 2025-05-02 04:30:06,357 transform Could not convert column facturado_2024 to numeric: The truth value of a Series is ambiguous. Use a.empty, a.bool(), a.item(), a.any() or a.all().
WARNING 2025-05-02 04:30:06,359 transform Could not convert column facturado_2024 to numeric: The truth value of a Series is ambiguous. Use a.empty, a.bool(), a.item(), a.any() or a.all().
WARNING 2025-05-02 04:30:06,360 transform Could not convert column facturado_2024 to numeric: The truth value of a Series is ambiguous. Use a.empty, a.bool(), a.item(), a.any() or a.all().
INFO 2025-05-02 04:30:06,375 transform Successfully loaded and parsed: ActivaGFINAL - Ingresos Anuales-Mensuales Proy 2.csv
INFO 2025-05-02 04:30:06,375 transform   Shape: (77, 12)
INFO 2025-05-02 04:30:06,375 transform   Columns: ['cliente', 'facturacion', 'presupuesto', 'facturado_2024', 'facturado_2024', 'facturado_2024', '1er_trimestre', '2do_cuatrimestre', '3er_cuatrimestre', '4to_cuatrimestre', 'facturacion_anual', 'facturacion_mensual']
WARNING 2025-05-02 04:30:06,482 transform Could not convert column facturado_2024 to numeric: The truth value of a Series is ambiguous. Use a.empty, a.bool(), a.item(), a.any() or a.all().
WARNING 2025-05-02 04:30:06,483 transform Could not convert column facturado_2024 to numeric: The truth value of a Series is ambiguous. Use a.empty, a.bool(), a.item(), a.any() or a.all().
WARNING 2025-05-02 04:30:06,487 transform Could not convert column facturado_2024 to numeric: The truth value of a Series is ambiguous. Use a.empty, a.bool(), a.item(), a.any() or a.all().
INFO 2025-05-02 04:30:06,498 transform Successfully loaded and parsed: ActivaGFINAL - Presupuesto 2,025.csv
INFO 2025-05-02 04:30:06,498 transform   Shape: (79, 12)
INFO 2025-05-02 04:30:06,498 transform   Columns: ['cliente', 'facturacion', 'presupuesto', 'facturado_2024', 'facturado_2024', 'facturado_2024', '1er_trimestre', '2do_cuatrimestre', '3er_cuatrimestre', '4to_cuatrimestre', 'facturacion_real', 'proyeccion']
INFO 2025-05-02 04:30:06,589 transform Successfully loaded and parsed: ActivaGFINAL - Profit & Loss.csv
INFO 2025-05-02 04:30:06,589 transform   Shape: (78, 15)
INFO 2025-05-02 04:30:06,589 transform   Columns: ['concepto', 'ENERO', 'FEBRERO', 'MARZO', 'ABRIL', 'MAYO', 'JUNIO', 'JULIO', 'AGOSTO', 'SEPTIEMBRE', 'OCTUBRE', 'NOVIEMBRE', 'DICIEMBRE', 'CONSOLIDADO', 'Unnamed: 14']
INFO 2025-05-02 04:30:06,589 transform Loaded 5 CSV files
INFO 2025-05-02 04:30:06,589 views Transforming and combining all data
INFO 2025-05-02 04:30:06,593 transform Added brand information to 4 clients
INFO 2025-05-02 04:30:06,595 transform Merged 11 columns from activagfinal_ingresos_anuales_mensuales_proy_2
INFO 2025-05-02 04:30:06,597 transform Merged 11 columns from activagfinal_presupuesto_2_025
INFO 2025-05-02 04:30:06,597 transform Saved financial summary data from activagfinal_profit_loss
INFO 2025-05-02 04:30:06,597 transform Created combined dataframe with 52 clients and 21 columns
INFO 2025-05-02 04:30:06,597 views Getting combined data as dictionary
INFO 2025-05-02 04:30:06,600 views Successfully processed and combined data
INFO 2025-05-02 04:41:36,992 views Initializing S3 connector
INFO 2025-05-02 04:41:37,006 utils Initialized S3Connector for bucket: activa-datalake
INFO 2025-05-02 04:41:37,489 utils Found 6 objects with prefix: raw-data-activa/
INFO 2025-05-02 04:41:37,589 transform Successfully loaded and parsed: ActivaGFINAL - CLIENTES MARCAS.csv
INFO 2025-05-02 04:41:37,589 transform   Shape: (74, 4)
INFO 2025-05-02 04:41:37,589 transform   Columns: ['cliente_marca', 'tipo_cliente', 'cliente_desde', 'rubro_negocios']
INFO 2025-05-02 04:41:37,747 transform Successfully loaded and parsed: ActivaGFINAL - Clientes AG 2.csv
INFO 2025-05-02 04:41:37,748 transform   Shape: (46, 2)
INFO 2025-05-02 04:41:37,748 transform   Columns: ['cliente', 'industria']
WARNING 2025-05-02 04:41:37,870 transform Could not convert column facturado_2024 to numeric: The truth value of a Series is ambiguous. Use a.empty, a.bool(), a.item(), a.any() or a.all().
WARNING 2025-05-02 04:41:37,872 transform Could not convert column facturado_2024 to numeric: The truth value of a Series is ambiguous. Use a.empty, a.bool(), a.item(), a.any() or a.all().
WARNING 2025-05-02 04:41:37,873 transform Could not convert column facturado_2024 to numeric: The truth value of a Series is ambiguous. Use a.empty, a.bool(), a.item(), a.any() or a.all().
INFO 2025-05-02 04:41:37,884 transform Successfully loaded and parsed: ActivaGFINAL - Ingresos Anuales-Mensuales Proy 2.csv
INFO 2025-05-02 04:41:37,884 transform   Shape: (77, 12)
INFO 2025-05-02 04:41:37,885 transform   Columns: ['cliente', 'facturacion', 'presupuesto', 'facturado_2024', 'facturado_2024', 'facturado_2024', '1er_trimestre', '2do_cuatrimestre', '3er_cuatrimestre', '4to_cuatrimestre', 'facturacion_anual', 'facturacion_mensual']
WARNING 2025-05-02 04:41:37,987 transform Could not convert column facturado_2024 to numeric: The truth value of a Series is ambiguous. Use a.empty, a.bool(), a.item(), a.any() or a.all().
WARNING 2025-05-02 04:41:37,989 transform Could not convert column facturado_2024 to numeric: The truth value of a Series is ambiguous. Use a.empty, a.bool(), a.item(), a.any() or a.all().
WARNING 2025-05-02 04:41:37,990 transform Could not convert column facturado_2024 to numeric: The truth value of a Series is ambiguous. Use a.empty, a.bool(), a.item(), a.any() or a.all().
INFO 2025-05-02 04:41:38,001 transform Successfully loaded and parsed: ActivaGFINAL - Presupuesto 2,025.csv
INFO 2025-05-02 04:41:38,002 transform   Shape: (79, 12)
INFO 2025-05-02 04:41:38,002 transform   Columns: ['cliente', 'facturacion', 'presupuesto', 'facturado_2024', 'facturado_2024', 'facturado_2024', '1er_trimestre', '2do_cuatrimestre', '3er_cuatrimestre', '4to_cuatrimestre', 'facturacion_real', 'proyeccion']
INFO 2025-05-02 04:41:38,129 transform Successfully loaded and parsed: ActivaGFINAL - Profit & Loss.csv
INFO 2025-05-02 04:41:38,129 transform   Shape: (78, 15)
INFO 2025-05-02 04:41:38,129 transform   Columns: ['concepto', 'ENERO', 'FEBRERO', 'MARZO', 'ABRIL', 'MAYO', 'JUNIO', 'JULIO', 'AGOSTO', 'SEPTIEMBRE', 'OCTUBRE', 'NOVIEMBRE', 'DICIEMBRE', 'CONSOLIDADO', 'Unnamed: 14']
INFO 2025-05-02 04:41:38,129 transform Loaded 5 CSV files
INFO 2025-05-02 04:41:38,134 transform Added brand information to 4 clients
INFO 2025-05-02 04:41:38,136 transform Merged 11 columns from activagfinal_ingresos_anuales_mensuales_proy_2
INFO 2025-05-02 04:41:38,139 transform Merged 11 columns from activagfinal_presupuesto_2_025
INFO 2025-05-02 04:41:38,139 transform Saved financial summary data from activagfinal_profit_loss
INFO 2025-05-02 04:41:38,139 transform Created combined dataframe with 52 clients and 21 columns
INFO 2025-05-02 04:41:38,151 views Initializing S3 connector
INFO 2025-05-02 04:41:38,154 utils Initialized S3Connector for bucket: activa-datalake
INFO 2025-05-02 04:41:38,154 views Initializing custom data transformer
INFO 2025-05-02 04:41:38,154 views Loading and parsing CSV files from S3
INFO 2025-05-02 04:41:38,387 utils Found 6 objects with prefix: raw-data-activa/
INFO 2025-05-02 04:41:38,565 transform Successfully loaded and parsed: ActivaGFINAL - CLIENTES MARCAS.csv
INFO 2025-05-02 04:41:38,566 transform   Shape: (74, 4)
INFO 2025-05-02 04:41:38,566 transform   Columns: ['cliente_marca', 'tipo_cliente', 'cliente_desde', 'rubro_negocios']
INFO 2025-05-02 04:41:38,815 transform Successfully loaded and parsed: ActivaGFINAL - Clientes AG 2.csv
INFO 2025-05-02 04:41:38,815 transform   Shape: (46, 2)
INFO 2025-05-02 04:41:38,815 transform   Columns: ['cliente', 'industria']
WARNING 2025-05-02 04:41:39,058 transform Could not convert column facturado_2024 to numeric: The truth value of a Series is ambiguous. Use a.empty, a.bool(), a.item(), a.any() or a.all().
WARNING 2025-05-02 04:41:39,058 transform Could not convert column facturado_2024 to numeric: The truth value of a Series is ambiguous. Use a.empty, a.bool(), a.item(), a.any() or a.all().
WARNING 2025-05-02 04:41:39,059 transform Could not convert column facturado_2024 to numeric: The truth value of a Series is ambiguous. Use a.empty, a.bool(), a.item(), a.any() or a.all().
INFO 2025-05-02 04:41:39,074 transform Successfully loaded and parsed: ActivaGFINAL - Ingresos Anuales-Mensuales Proy 2.csv
INFO 2025-05-02 04:41:39,074 transform   Shape: (77, 12)
INFO 2025-05-02 04:41:39,074 transform   Columns: ['cliente', 'facturacion', 'presupuesto', 'facturado_2024', 'facturado_2024', 'facturado_2024', '1er_trimestre', '2do_cuatrimestre', '3er_cuatrimestre', '4to_cuatrimestre', 'facturacion_anual', 'facturacion_mensual']
WARNING 2025-05-02 04:41:39,177 transform Could not convert column facturado_2024 to numeric: The truth value of a Series is ambiguous. Use a.empty, a.bool(), a.item(), a.any() or a.all().
WARNING 2025-05-02 04:41:39,178 transform Could not convert column facturado_2024 to numeric: The truth value of a Series is ambiguous. Use a.empty, a.bool(), a.item(), a.any() or a.all().
WARNING 2025-05-02 04:41:39,181 transform Could not convert column facturado_2024 to numeric: The truth value of a Series is ambiguous. Use a.empty, a.bool(), a.item(), a.any() or a.all().
INFO 2025-05-02 04:41:39,192 transform Successfully loaded and parsed: ActivaGFINAL - Presupuesto 2,025.csv
INFO 2025-05-02 04:41:39,192 transform   Shape: (79, 12)
INFO 2025-05-02 04:41:39,192 transform   Columns: ['cliente', 'facturacion', 'presupuesto', 'facturado_2024', 'facturado_2024', 'facturado_2024', '1er_trimestre', '2do_cuatrimestre', '3er_cuatrimestre', '4to_cuatrimestre', 'facturacion_real', 'proyeccion']
INFO 2025-05-02 04:41:39,392 transform Successfully loaded and parsed: ActivaGFINAL - Profit & Loss.csv
INFO 2025-05-02 04:41:39,392 transform   Shape: (78, 15)
INFO 2025-05-02 04:41:39,392 transform   Columns: ['concepto', 'ENERO', 'FEBRERO', 'MARZO', 'ABRIL', 'MAYO', 'JUNIO', 'JULIO', 'AGOSTO', 'SEPTIEMBRE', 'OCTUBRE', 'NOVIEMBRE', 'DICIEMBRE', 'CONSOLIDADO', 'Unnamed: 14']
INFO 2025-05-02 04:41:39,392 transform Loaded 5 CSV files
INFO 2025-05-02 04:41:39,392 views Transforming and combining all data
INFO 2025-05-02 04:41:39,395 transform Added brand information to 4 clients
INFO 2025-05-02 04:41:39,397 transform Merged 11 columns from activagfinal_ingresos_anuales_mensuales_proy_2
INFO 2025-05-02 04:41:39,399 transform Merged 11 columns from activagfinal_presupuesto_2_025
INFO 2025-05-02 04:41:39,399 transform Saved financial summary data from activagfinal_profit_loss
INFO 2025-05-02 04:41:39,399 transform Created combined dataframe with 52 clients and 21 columns
INFO 2025-05-02 04:41:39,399 views Getting combined data as dictionary
INFO 2025-05-02 04:41:39,402 views Successfully processed and combined data
INFO 2025-05-02 05:01:59,013 views Initializing S3 connector
INFO 2025-05-02 05:01:59,026 utils Initialized S3Connector for bucket: activa-datalake
INFO 2025-05-02 05:01:59,537 utils Found 6 objects with prefix: raw-data-activa/
INFO 2025-05-02 05:01:59,647 transform Successfully loaded and parsed: ActivaGFINAL - CLIENTES MARCAS.csv
INFO 2025-05-02 05:01:59,647 transform   Shape: (74, 4)
INFO 2025-05-02 05:01:59,647 transform   Columns: ['cliente_marca', 'tipo_cliente', 'cliente_desde', 'rubro_negocios']
INFO 2025-05-02 05:01:59,739 transform Successfully loaded and parsed: ActivaGFINAL - Clientes AG 2.csv
INFO 2025-05-02 05:01:59,739 transform   Shape: (46, 2)
INFO 2025-05-02 05:01:59,739 transform   Columns: ['cliente', 'industria']
WARNING 2025-05-02 05:01:59,852 transform Could not convert column facturado_2024 to numeric: The truth value of a Series is ambiguous. Use a.empty, a.bool(), a.item(), a.any() or a.all().
WARNING 2025-05-02 05:01:59,853 transform Could not convert column facturado_2024 to numeric: The truth value of a Series is ambiguous. Use a.empty, a.bool(), a.item(), a.any() or a.all().
WARNING 2025-05-02 05:01:59,854 transform Could not convert column facturado_2024 to numeric: The truth value of a Series is ambiguous. Use a.empty, a.bool(), a.item(), a.any() or a.all().
INFO 2025-05-02 05:01:59,865 transform Successfully loaded and parsed: ActivaGFINAL - Ingresos Anuales-Mensuales Proy 2.csv
INFO 2025-05-02 05:01:59,866 transform   Shape: (77, 12)
INFO 2025-05-02 05:01:59,866 transform   Columns: ['cliente', 'facturacion', 'presupuesto', 'facturado_2024', 'facturado_2024', 'facturado_2024', '1er_trimestre', '2do_cuatrimestre', '3er_cuatrimestre', '4to_cuatrimestre', 'facturacion_anual', 'facturacion_mensual']
WARNING 2025-05-02 05:01:59,980 transform Could not convert column facturado_2024 to numeric: The truth value of a Series is ambiguous. Use a.empty, a.bool(), a.item(), a.any() or a.all().
WARNING 2025-05-02 05:01:59,981 transform Could not convert column facturado_2024 to numeric: The truth value of a Series is ambiguous. Use a.empty, a.bool(), a.item(), a.any() or a.all().
WARNING 2025-05-02 05:01:59,982 transform Could not convert column facturado_2024 to numeric: The truth value of a Series is ambiguous. Use a.empty, a.bool(), a.item(), a.any() or a.all().
INFO 2025-05-02 05:01:59,991 transform Successfully loaded and parsed: ActivaGFINAL - Presupuesto 2,025.csv
INFO 2025-05-02 05:01:59,991 transform   Shape: (79, 12)
INFO 2025-05-02 05:01:59,991 transform   Columns: ['cliente', 'facturacion', 'presupuesto', 'facturado_2024', 'facturado_2024', 'facturado_2024', '1er_trimestre', '2do_cuatrimestre', '3er_cuatrimestre', '4to_cuatrimestre', 'facturacion_real', 'proyeccion']
INFO 2025-05-02 05:02:00,119 transform Successfully loaded and parsed: ActivaGFINAL - Profit & Loss.csv
INFO 2025-05-02 05:02:00,120 transform   Shape: (78, 15)
INFO 2025-05-02 05:02:00,120 transform   Columns: ['concepto', 'ENERO', 'FEBRERO', 'MARZO', 'ABRIL', 'MAYO', 'JUNIO', 'JULIO', 'AGOSTO', 'SEPTIEMBRE', 'OCTUBRE', 'NOVIEMBRE', 'DICIEMBRE', 'CONSOLIDADO', 'Unnamed: 14']
INFO 2025-05-02 05:02:00,120 transform Loaded 5 CSV files
INFO 2025-05-02 05:02:00,131 transform Added brand information to 4 clients
INFO 2025-05-02 05:02:00,133 transform Merged 11 columns from activagfinal_ingresos_anuales_mensuales_proy_2
INFO 2025-05-02 05:02:00,136 transform Merged 11 columns from activagfinal_presupuesto_2_025
INFO 2025-05-02 05:02:00,136 transform Saved financial summary data from activagfinal_profit_loss
INFO 2025-05-02 05:02:00,137 transform Created combined dataframe with 52 clients and 21 columns
INFO 2025-05-02 05:02:00,160 views Initializing S3 connector
INFO 2025-05-02 05:02:00,164 utils Initialized S3Connector for bucket: activa-datalake
INFO 2025-05-02 05:02:00,164 views Initializing custom data transformer
INFO 2025-05-02 05:02:00,164 views Loading and parsing CSV files from S3
INFO 2025-05-02 05:02:00,387 utils Found 6 objects with prefix: raw-data-activa/
INFO 2025-05-02 05:02:00,467 transform Successfully loaded and parsed: ActivaGFINAL - CLIENTES MARCAS.csv
INFO 2025-05-02 05:02:00,467 transform   Shape: (74, 4)
INFO 2025-05-02 05:02:00,467 transform   Columns: ['cliente_marca', 'tipo_cliente', 'cliente_desde', 'rubro_negocios']
INFO 2025-05-02 05:02:00,541 transform Successfully loaded and parsed: ActivaGFINAL - Clientes AG 2.csv
INFO 2025-05-02 05:02:00,541 transform   Shape: (46, 2)
INFO 2025-05-02 05:02:00,541 transform   Columns: ['cliente', 'industria']
WARNING 2025-05-02 05:02:00,638 transform Could not convert column facturado_2024 to numeric: The truth value of a Series is ambiguous. Use a.empty, a.bool(), a.item(), a.any() or a.all().
WARNING 2025-05-02 05:02:00,639 transform Could not convert column facturado_2024 to numeric: The truth value of a Series is ambiguous. Use a.empty, a.bool(), a.item(), a.any() or a.all().
WARNING 2025-05-02 05:02:00,639 transform Could not convert column facturado_2024 to numeric: The truth value of a Series is ambiguous. Use a.empty, a.bool(), a.item(), a.any() or a.all().
INFO 2025-05-02 05:02:00,651 transform Successfully loaded and parsed: ActivaGFINAL - Ingresos Anuales-Mensuales Proy 2.csv
INFO 2025-05-02 05:02:00,651 transform   Shape: (77, 12)
INFO 2025-05-02 05:02:00,651 transform   Columns: ['cliente', 'facturacion', 'presupuesto', 'facturado_2024', 'facturado_2024', 'facturado_2024', '1er_trimestre', '2do_cuatrimestre', '3er_cuatrimestre', '4to_cuatrimestre', 'facturacion_anual', 'facturacion_mensual']
WARNING 2025-05-02 05:02:00,742 transform Could not convert column facturado_2024 to numeric: The truth value of a Series is ambiguous. Use a.empty, a.bool(), a.item(), a.any() or a.all().
WARNING 2025-05-02 05:02:00,743 transform Could not convert column facturado_2024 to numeric: The truth value of a Series is ambiguous. Use a.empty, a.bool(), a.item(), a.any() or a.all().
WARNING 2025-05-02 05:02:00,743 transform Could not convert column facturado_2024 to numeric: The truth value of a Series is ambiguous. Use a.empty, a.bool(), a.item(), a.any() or a.all().
INFO 2025-05-02 05:02:00,755 transform Successfully loaded and parsed: ActivaGFINAL - Presupuesto 2,025.csv
INFO 2025-05-02 05:02:00,756 transform   Shape: (79, 12)
INFO 2025-05-02 05:02:00,757 transform   Columns: ['cliente', 'facturacion', 'presupuesto', 'facturado_2024', 'facturado_2024', 'facturado_2024', '1er_trimestre', '2do_cuatrimestre', '3er_cuatrimestre', '4to_cuatrimestre', 'facturacion_real', 'proyeccion']
INFO 2025-05-02 05:02:00,865 transform Successfully loaded and parsed: ActivaGFINAL - Profit & Loss.csv
INFO 2025-05-02 05:02:00,865 transform   Shape: (78, 15)
INFO 2025-05-02 05:02:00,865 transform   Columns: ['concepto', 'ENERO', 'FEBRERO', 'MARZO', 'ABRIL', 'MAYO', 'JUNIO', 'JULIO', 'AGOSTO', 'SEPTIEMBRE', 'OCTUBRE', 'NOVIEMBRE', 'DICIEMBRE', 'CONSOLIDADO', 'Unnamed: 14']
INFO 2025-05-02 05:02:00,865 transform Loaded 5 CSV files
INFO 2025-05-02 05:02:00,865 views Transforming and combining all data
INFO 2025-05-02 05:02:00,872 transform Added brand information to 4 clients
INFO 2025-05-02 05:02:00,875 transform Merged 11 columns from activagfinal_ingresos_anuales_mensuales_proy_2
INFO 2025-05-02 05:02:00,878 transform Merged 11 columns from activagfinal_presupuesto_2_025
INFO 2025-05-02 05:02:00,878 transform Saved financial summary data from activagfinal_profit_loss
INFO 2025-05-02 05:02:00,878 transform Created combined dataframe with 52 clients and 21 columns
INFO 2025-05-02 05:02:00,878 views Getting combined data as dictionary
INFO 2025-05-02 05:02:00,883 views Successfully processed and combined data
INFO 2025-05-02 05:17:49,261 views Initializing S3 connector
INFO 2025-05-02 05:17:49,291 utils Initialized S3Connector for bucket: activa-datalake
INFO 2025-05-02 05:17:49,688 utils Found 6 objects with prefix: raw-data-activa/
INFO 2025-05-02 05:17:49,781 transform Successfully loaded and parsed: ActivaGFINAL - CLIENTES MARCAS.csv
INFO 2025-05-02 05:17:49,781 transform   Shape: (74, 4)
INFO 2025-05-02 05:17:49,781 transform   Columns: ['cliente_marca', 'tipo_cliente', 'cliente_desde', 'rubro_negocios']
INFO 2025-05-02 05:17:49,886 transform Successfully loaded and parsed: ActivaGFINAL - Clientes AG 2.csv
INFO 2025-05-02 05:17:49,886 transform   Shape: (46, 2)
INFO 2025-05-02 05:17:49,887 transform   Columns: ['cliente', 'industria']
WARNING 2025-05-02 05:17:49,978 transform Could not convert column facturado_2024 to numeric: The truth value of a Series is ambiguous. Use a.empty, a.bool(), a.item(), a.any() or a.all().
WARNING 2025-05-02 05:17:49,979 transform Could not convert column facturado_2024 to numeric: The truth value of a Series is ambiguous. Use a.empty, a.bool(), a.item(), a.any() or a.all().
WARNING 2025-05-02 05:17:49,980 transform Could not convert column facturado_2024 to numeric: The truth value of a Series is ambiguous. Use a.empty, a.bool(), a.item(), a.any() or a.all().
INFO 2025-05-02 05:17:49,989 transform Successfully loaded and parsed: ActivaGFINAL - Ingresos Anuales-Mensuales Proy 2.csv
INFO 2025-05-02 05:17:49,990 transform   Shape: (77, 12)
INFO 2025-05-02 05:17:49,990 transform   Columns: ['cliente', 'facturacion', 'presupuesto', 'facturado_2024', 'facturado_2024', 'facturado_2024', '1er_trimestre', '2do_cuatrimestre', '3er_cuatrimestre', '4to_cuatrimestre', 'facturacion_anual', 'facturacion_mensual']
WARNING 2025-05-02 05:17:50,084 transform Could not convert column facturado_2024 to numeric: The truth value of a Series is ambiguous. Use a.empty, a.bool(), a.item(), a.any() or a.all().
WARNING 2025-05-02 05:17:50,085 transform Could not convert column facturado_2024 to numeric: The truth value of a Series is ambiguous. Use a.empty, a.bool(), a.item(), a.any() or a.all().
WARNING 2025-05-02 05:17:50,086 transform Could not convert column facturado_2024 to numeric: The truth value of a Series is ambiguous. Use a.empty, a.bool(), a.item(), a.any() or a.all().
INFO 2025-05-02 05:17:50,098 transform Successfully loaded and parsed: ActivaGFINAL - Presupuesto 2,025.csv
INFO 2025-05-02 05:17:50,098 transform   Shape: (79, 12)
INFO 2025-05-02 05:17:50,098 transform   Columns: ['cliente', 'facturacion', 'presupuesto', 'facturado_2024', 'facturado_2024', 'facturado_2024', '1er_trimestre', '2do_cuatrimestre', '3er_cuatrimestre', '4to_cuatrimestre', 'facturacion_real', 'proyeccion']
INFO 2025-05-02 05:17:50,208 transform Successfully loaded and parsed: ActivaGFINAL - Profit & Loss.csv
INFO 2025-05-02 05:17:50,208 transform   Shape: (78, 15)
INFO 2025-05-02 05:17:50,208 transform   Columns: ['concepto', 'ENERO', 'FEBRERO', 'MARZO', 'ABRIL', 'MAYO', 'JUNIO', 'JULIO', 'AGOSTO', 'SEPTIEMBRE', 'OCTUBRE', 'NOVIEMBRE', 'DICIEMBRE', 'CONSOLIDADO', 'Unnamed: 14']
INFO 2025-05-02 05:17:50,208 transform Loaded 5 CSV files
INFO 2025-05-02 05:17:50,220 transform Added brand information to 4 clients
INFO 2025-05-02 05:17:50,224 transform Merged 11 columns from activagfinal_ingresos_anuales_mensuales_proy_2
INFO 2025-05-02 05:17:50,226 transform Merged 11 columns from activagfinal_presupuesto_2_025
INFO 2025-05-02 05:17:50,226 transform Saved financial summary data from activagfinal_profit_loss
INFO 2025-05-02 05:17:50,227 transform Created combined dataframe with 52 clients and 21 columns
INFO 2025-05-02 05:17:50,240 views Initializing S3 connector
INFO 2025-05-02 05:17:50,247 utils Initialized S3Connector for bucket: activa-datalake
INFO 2025-05-02 05:17:50,248 views Initializing custom data transformer
INFO 2025-05-02 05:17:50,248 views Loading and parsing CSV files from S3
INFO 2025-05-02 05:17:50,465 utils Found 6 objects with prefix: raw-data-activa/
INFO 2025-05-02 05:17:50,541 transform Successfully loaded and parsed: ActivaGFINAL - CLIENTES MARCAS.csv
INFO 2025-05-02 05:17:50,541 transform   Shape: (74, 4)
INFO 2025-05-02 05:17:50,541 transform   Columns: ['cliente_marca', 'tipo_cliente', 'cliente_desde', 'rubro_negocios']
INFO 2025-05-02 05:17:50,647 transform Successfully loaded and parsed: ActivaGFINAL - Clientes AG 2.csv
INFO 2025-05-02 05:17:50,648 transform   Shape: (46, 2)
INFO 2025-05-02 05:17:50,648 transform   Columns: ['cliente', 'industria']
WARNING 2025-05-02 05:17:50,736 transform Could not convert column facturado_2024 to numeric: The truth value of a Series is ambiguous. Use a.empty, a.bool(), a.item(), a.any() or a.all().
WARNING 2025-05-02 05:17:50,737 transform Could not convert column facturado_2024 to numeric: The truth value of a Series is ambiguous. Use a.empty, a.bool(), a.item(), a.any() or a.all().
WARNING 2025-05-02 05:17:50,738 transform Could not convert column facturado_2024 to numeric: The truth value of a Series is ambiguous. Use a.empty, a.bool(), a.item(), a.any() or a.all().
INFO 2025-05-02 05:17:50,749 transform Successfully loaded and parsed: ActivaGFINAL - Ingresos Anuales-Mensuales Proy 2.csv
INFO 2025-05-02 05:17:50,749 transform   Shape: (77, 12)
INFO 2025-05-02 05:17:50,750 transform   Columns: ['cliente', 'facturacion', 'presupuesto', 'facturado_2024', 'facturado_2024', 'facturado_2024', '1er_trimestre', '2do_cuatrimestre', '3er_cuatrimestre', '4to_cuatrimestre', 'facturacion_anual', 'facturacion_mensual']
WARNING 2025-05-02 05:17:50,843 transform Could not convert column facturado_2024 to numeric: The truth value of a Series is ambiguous. Use a.empty, a.bool(), a.item(), a.any() or a.all().
WARNING 2025-05-02 05:17:50,845 transform Could not convert column facturado_2024 to numeric: The truth value of a Series is ambiguous. Use a.empty, a.bool(), a.item(), a.any() or a.all().
WARNING 2025-05-02 05:17:50,846 transform Could not convert column facturado_2024 to numeric: The truth value of a Series is ambiguous. Use a.empty, a.bool(), a.item(), a.any() or a.all().
INFO 2025-05-02 05:17:50,856 transform Successfully loaded and parsed: ActivaGFINAL - Presupuesto 2,025.csv
INFO 2025-05-02 05:17:50,857 transform   Shape: (79, 12)
INFO 2025-05-02 05:17:50,857 transform   Columns: ['cliente', 'facturacion', 'presupuesto', 'facturado_2024', 'facturado_2024', 'facturado_2024', '1er_trimestre', '2do_cuatrimestre', '3er_cuatrimestre', '4to_cuatrimestre', 'facturacion_real', 'proyeccion']
INFO 2025-05-02 05:17:50,970 transform Successfully loaded and parsed: ActivaGFINAL - Profit & Loss.csv
INFO 2025-05-02 05:17:50,970 transform   Shape: (78, 15)
INFO 2025-05-02 05:17:50,970 transform   Columns: ['concepto', 'ENERO', 'FEBRERO', 'MARZO', 'ABRIL', 'MAYO', 'JUNIO', 'JULIO', 'AGOSTO', 'SEPTIEMBRE', 'OCTUBRE', 'NOVIEMBRE', 'DICIEMBRE', 'CONSOLIDADO', 'Unnamed: 14']
INFO 2025-05-02 05:17:50,970 transform Loaded 5 CSV files
INFO 2025-05-02 05:17:50,971 views Transforming and combining all data
INFO 2025-05-02 05:17:50,978 transform Added brand information to 4 clients
INFO 2025-05-02 05:17:50,981 transform Merged 11 columns from activagfinal_ingresos_anuales_mensuales_proy_2
INFO 2025-05-02 05:17:50,985 transform Merged 11 columns from activagfinal_presupuesto_2_025
INFO 2025-05-02 05:17:50,985 transform Saved financial summary data from activagfinal_profit_loss
INFO 2025-05-02 05:17:50,985 transform Created combined dataframe with 52 clients and 21 columns
INFO 2025-05-02 05:17:50,985 views Getting combined data as dictionary
INFO 2025-05-02 05:17:50,990 views Successfully processed and combined data
INFO 2025-05-02 05:30:01,396 views Initializing S3 connector
INFO 2025-05-02 05:30:01,406 utils Initialized S3Connector for bucket: activa-datalake
INFO 2025-05-02 05:30:01,910 utils Found 6 objects with prefix: raw-data-activa/
INFO 2025-05-02 05:30:02,009 transform Successfully loaded and parsed: ActivaGFINAL - CLIENTES MARCAS.csv
INFO 2025-05-02 05:30:02,009 transform   Shape: (74, 4)
INFO 2025-05-02 05:30:02,010 transform   Columns: ['cliente_marca', 'tipo_cliente', 'cliente_desde', 'rubro_negocios']
INFO 2025-05-02 05:30:02,096 transform Successfully loaded and parsed: ActivaGFINAL - Clientes AG 2.csv
INFO 2025-05-02 05:30:02,096 transform   Shape: (46, 2)
INFO 2025-05-02 05:30:02,096 transform   Columns: ['cliente', 'industria']
WARNING 2025-05-02 05:30:02,190 transform Could not convert column facturado_2024 to numeric: The truth value of a Series is ambiguous. Use a.empty, a.bool(), a.item(), a.any() or a.all().
WARNING 2025-05-02 05:30:02,190 transform Could not convert column facturado_2024 to numeric: The truth value of a Series is ambiguous. Use a.empty, a.bool(), a.item(), a.any() or a.all().
WARNING 2025-05-02 05:30:02,191 transform Could not convert column facturado_2024 to numeric: The truth value of a Series is ambiguous. Use a.empty, a.bool(), a.item(), a.any() or a.all().
INFO 2025-05-02 05:30:02,201 transform Successfully loaded and parsed: ActivaGFINAL - Ingresos Anuales-Mensuales Proy 2.csv
INFO 2025-05-02 05:30:02,201 transform   Shape: (77, 12)
INFO 2025-05-02 05:30:02,201 transform   Columns: ['cliente', 'facturacion', 'presupuesto', 'facturado_2024', 'facturado_2024', 'facturado_2024', '1er_trimestre', '2do_cuatrimestre', '3er_cuatrimestre', '4to_cuatrimestre', 'facturacion_anual', 'facturacion_mensual']
WARNING 2025-05-02 05:30:02,296 transform Could not convert column facturado_2024 to numeric: The truth value of a Series is ambiguous. Use a.empty, a.bool(), a.item(), a.any() or a.all().
WARNING 2025-05-02 05:30:02,297 transform Could not convert column facturado_2024 to numeric: The truth value of a Series is ambiguous. Use a.empty, a.bool(), a.item(), a.any() or a.all().
WARNING 2025-05-02 05:30:02,298 transform Could not convert column facturado_2024 to numeric: The truth value of a Series is ambiguous. Use a.empty, a.bool(), a.item(), a.any() or a.all().
INFO 2025-05-02 05:30:02,309 transform Successfully loaded and parsed: ActivaGFINAL - Presupuesto 2,025.csv
INFO 2025-05-02 05:30:02,309 transform   Shape: (79, 12)
INFO 2025-05-02 05:30:02,309 transform   Columns: ['cliente', 'facturacion', 'presupuesto', 'facturado_2024', 'facturado_2024', 'facturado_2024', '1er_trimestre', '2do_cuatrimestre', '3er_cuatrimestre', '4to_cuatrimestre', 'facturacion_real', 'proyeccion']
INFO 2025-05-02 05:30:02,430 transform Successfully loaded and parsed: ActivaGFINAL - Profit & Loss.csv
INFO 2025-05-02 05:30:02,430 transform   Shape: (78, 15)
INFO 2025-05-02 05:30:02,430 transform   Columns: ['concepto', 'ENERO', 'FEBRERO', 'MARZO', 'ABRIL', 'MAYO', 'JUNIO', 'JULIO', 'AGOSTO', 'SEPTIEMBRE', 'OCTUBRE', 'NOVIEMBRE', 'DICIEMBRE', 'CONSOLIDADO', 'Unnamed: 14']
INFO 2025-05-02 05:30:02,430 transform Loaded 5 CSV files
INFO 2025-05-02 05:30:02,439 transform Added brand information to 4 clients
INFO 2025-05-02 05:30:02,441 transform Merged 11 columns from activagfinal_ingresos_anuales_mensuales_proy_2
INFO 2025-05-02 05:30:02,444 transform Merged 11 columns from activagfinal_presupuesto_2_025
INFO 2025-05-02 05:30:02,444 transform Saved financial summary data from activagfinal_profit_loss
INFO 2025-05-02 05:30:02,445 transform Created combined dataframe with 52 clients and 21 columns
INFO 2025-05-02 05:30:02,463 views Initializing S3 connector
INFO 2025-05-02 05:30:02,469 utils Initialized S3Connector for bucket: activa-datalake
INFO 2025-05-02 05:30:02,469 views Initializing custom data transformer
INFO 2025-05-02 05:30:02,469 views Loading and parsing CSV files from S3
INFO 2025-05-02 05:30:02,701 utils Found 6 objects with prefix: raw-data-activa/
INFO 2025-05-02 05:30:02,788 transform Successfully loaded and parsed: ActivaGFINAL - CLIENTES MARCAS.csv
INFO 2025-05-02 05:30:02,788 transform   Shape: (74, 4)
INFO 2025-05-02 05:30:02,788 transform   Columns: ['cliente_marca', 'tipo_cliente', 'cliente_desde', 'rubro_negocios']
INFO 2025-05-02 05:30:02,878 transform Successfully loaded and parsed: ActivaGFINAL - Clientes AG 2.csv
INFO 2025-05-02 05:30:02,878 transform   Shape: (46, 2)
INFO 2025-05-02 05:30:02,878 transform   Columns: ['cliente', 'industria']
WARNING 2025-05-02 05:30:02,967 transform Could not convert column facturado_2024 to numeric: The truth value of a Series is ambiguous. Use a.empty, a.bool(), a.item(), a.any() or a.all().
WARNING 2025-05-02 05:30:02,968 transform Could not convert column facturado_2024 to numeric: The truth value of a Series is ambiguous. Use a.empty, a.bool(), a.item(), a.any() or a.all().
WARNING 2025-05-02 05:30:02,969 transform Could not convert column facturado_2024 to numeric: The truth value of a Series is ambiguous. Use a.empty, a.bool(), a.item(), a.any() or a.all().
INFO 2025-05-02 05:30:02,980 transform Successfully loaded and parsed: ActivaGFINAL - Ingresos Anuales-Mensuales Proy 2.csv
INFO 2025-05-02 05:30:02,980 transform   Shape: (77, 12)
INFO 2025-05-02 05:30:02,980 transform   Columns: ['cliente', 'facturacion', 'presupuesto', 'facturado_2024', 'facturado_2024', 'facturado_2024', '1er_trimestre', '2do_cuatrimestre', '3er_cuatrimestre', '4to_cuatrimestre', 'facturacion_anual', 'facturacion_mensual']
WARNING 2025-05-02 05:30:03,068 transform Could not convert column facturado_2024 to numeric: The truth value of a Series is ambiguous. Use a.empty, a.bool(), a.item(), a.any() or a.all().
WARNING 2025-05-02 05:30:03,069 transform Could not convert column facturado_2024 to numeric: The truth value of a Series is ambiguous. Use a.empty, a.bool(), a.item(), a.any() or a.all().
WARNING 2025-05-02 05:30:03,070 transform Could not convert column facturado_2024 to numeric: The truth value of a Series is ambiguous. Use a.empty, a.bool(), a.item(), a.any() or a.all().
INFO 2025-05-02 05:30:03,080 transform Successfully loaded and parsed: ActivaGFINAL - Presupuesto 2,025.csv
INFO 2025-05-02 05:30:03,081 transform   Shape: (79, 12)
INFO 2025-05-02 05:30:03,081 transform   Columns: ['cliente', 'facturacion', 'presupuesto', 'facturado_2024', 'facturado_2024', 'facturado_2024', '1er_trimestre', '2do_cuatrimestre', '3er_cuatrimestre', '4to_cuatrimestre', 'facturacion_real', 'proyeccion']
INFO 2025-05-02 05:30:03,192 transform Successfully loaded and parsed: ActivaGFINAL - Profit & Loss.csv
INFO 2025-05-02 05:30:03,193 transform   Shape: (78, 15)
INFO 2025-05-02 05:30:03,193 transform   Columns: ['concepto', 'ENERO', 'FEBRERO', 'MARZO', 'ABRIL', 'MAYO', 'JUNIO', 'JULIO', 'AGOSTO', 'SEPTIEMBRE', 'OCTUBRE', 'NOVIEMBRE', 'DICIEMBRE', 'CONSOLIDADO', 'Unnamed: 14']
INFO 2025-05-02 05:30:03,193 transform Loaded 5 CSV files
INFO 2025-05-02 05:30:03,193 views Transforming and combining all data
INFO 2025-05-02 05:30:03,199 transform Added brand information to 4 clients
INFO 2025-05-02 05:30:03,201 transform Merged 11 columns from activagfinal_ingresos_anuales_mensuales_proy_2
INFO 2025-05-02 05:30:03,204 transform Merged 11 columns from activagfinal_presupuesto_2_025
INFO 2025-05-02 05:30:03,205 transform Saved financial summary data from activagfinal_profit_loss
INFO 2025-05-02 05:30:03,205 transform Created combined dataframe with 52 clients and 21 columns
INFO 2025-05-02 05:30:03,205 views Getting combined data as dictionary
INFO 2025-05-02 05:30:03,210 views Successfully processed and combined data
INFO 2025-05-02 12:22:41,935 views Initializing S3 connector
INFO 2025-05-02 12:22:41,943 utils Initialized S3Connector for bucket: activa-datalake
INFO 2025-05-02 12:22:42,326 utils Found 6 objects with prefix: raw-data-activa/
INFO 2025-05-02 12:22:42,467 transform Successfully loaded and parsed: ActivaGFINAL - CLIENTES MARCAS.csv
INFO 2025-05-02 12:22:42,467 transform   Shape: (74, 4)
INFO 2025-05-02 12:22:42,467 transform   Columns: ['cliente_marca', 'tipo_cliente', 'cliente_desde', 'rubro_negocios']
INFO 2025-05-02 12:22:42,629 transform Successfully loaded and parsed: ActivaGFINAL - Clientes AG 2.csv
INFO 2025-05-02 12:22:42,629 transform   Shape: (46, 2)
INFO 2025-05-02 12:22:42,629 transform   Columns: ['cliente', 'industria']
WARNING 2025-05-02 12:22:42,738 transform Could not convert column facturado_2024 to numeric: The truth value of a Series is ambiguous. Use a.empty, a.bool(), a.item(), a.any() or a.all().
WARNING 2025-05-02 12:22:42,739 transform Could not convert column facturado_2024 to numeric: The truth value of a Series is ambiguous. Use a.empty, a.bool(), a.item(), a.any() or a.all().
WARNING 2025-05-02 12:22:42,740 transform Could not convert column facturado_2024 to numeric: The truth value of a Series is ambiguous. Use a.empty, a.bool(), a.item(), a.any() or a.all().
INFO 2025-05-02 12:22:42,750 transform Successfully loaded and parsed: ActivaGFINAL - Ingresos Anuales-Mensuales Proy 2.csv
INFO 2025-05-02 12:22:42,750 transform   Shape: (77, 12)
INFO 2025-05-02 12:22:42,750 transform   Columns: ['cliente', 'facturacion', 'presupuesto', 'facturado_2024', 'facturado_2024', 'facturado_2024', '1er_trimestre', '2do_cuatrimestre', '3er_cuatrimestre', '4to_cuatrimestre', 'facturacion_anual', 'facturacion_mensual']
WARNING 2025-05-02 12:22:42,842 transform Could not convert column facturado_2024 to numeric: The truth value of a Series is ambiguous. Use a.empty, a.bool(), a.item(), a.any() or a.all().
WARNING 2025-05-02 12:22:42,842 transform Could not convert column facturado_2024 to numeric: The truth value of a Series is ambiguous. Use a.empty, a.bool(), a.item(), a.any() or a.all().
WARNING 2025-05-02 12:22:42,843 transform Could not convert column facturado_2024 to numeric: The truth value of a Series is ambiguous. Use a.empty, a.bool(), a.item(), a.any() or a.all().
INFO 2025-05-02 12:22:42,851 transform Successfully loaded and parsed: ActivaGFINAL - Presupuesto 2,025.csv
INFO 2025-05-02 12:22:42,851 transform   Shape: (79, 12)
INFO 2025-05-02 12:22:42,851 transform   Columns: ['cliente', 'facturacion', 'presupuesto', 'facturado_2024', 'facturado_2024', 'facturado_2024', '1er_trimestre', '2do_cuatrimestre', '3er_cuatrimestre', '4to_cuatrimestre', 'facturacion_real', 'proyeccion']
INFO 2025-05-02 12:22:42,974 transform Successfully loaded and parsed: ActivaGFINAL - Profit & Loss.csv
INFO 2025-05-02 12:22:42,974 transform   Shape: (78, 15)
INFO 2025-05-02 12:22:42,974 transform   Columns: ['concepto', 'ENERO', 'FEBRERO', 'MARZO', 'ABRIL', 'MAYO', 'JUNIO', 'JULIO', 'AGOSTO', 'SEPTIEMBRE', 'OCTUBRE', 'NOVIEMBRE', 'DICIEMBRE', 'CONSOLIDADO', 'Unnamed: 14']
INFO 2025-05-02 12:22:42,974 transform Loaded 5 CSV files
INFO 2025-05-02 12:22:43,008 transform Added brand information to 4 clients
INFO 2025-05-02 12:22:43,013 transform Merged 11 columns from activagfinal_ingresos_anuales_mensuales_proy_2
INFO 2025-05-02 12:22:43,015 transform Merged 11 columns from activagfinal_presupuesto_2_025
INFO 2025-05-02 12:22:43,015 transform Saved financial summary data from activagfinal_profit_loss
INFO 2025-05-02 12:22:43,016 transform Created combined dataframe with 52 clients and 21 columns
INFO 2025-05-02 12:22:43,032 views Initializing S3 connector
INFO 2025-05-02 12:22:43,036 utils Initialized S3Connector for bucket: activa-datalake
INFO 2025-05-02 12:22:43,036 views Initializing custom data transformer
INFO 2025-05-02 12:22:43,036 views Loading and parsing CSV files from S3
INFO 2025-05-02 12:22:43,292 utils Found 6 objects with prefix: raw-data-activa/
INFO 2025-05-02 12:22:43,386 transform Successfully loaded and parsed: ActivaGFINAL - CLIENTES MARCAS.csv
INFO 2025-05-02 12:22:43,387 transform   Shape: (74, 4)
INFO 2025-05-02 12:22:43,387 transform   Columns: ['cliente_marca', 'tipo_cliente', 'cliente_desde', 'rubro_negocios']
INFO 2025-05-02 12:22:43,514 transform Successfully loaded and parsed: ActivaGFINAL - Clientes AG 2.csv
INFO 2025-05-02 12:22:43,515 transform   Shape: (46, 2)
INFO 2025-05-02 12:22:43,515 transform   Columns: ['cliente', 'industria']
WARNING 2025-05-02 12:22:43,608 transform Could not convert column facturado_2024 to numeric: The truth value of a Series is ambiguous. Use a.empty, a.bool(), a.item(), a.any() or a.all().
WARNING 2025-05-02 12:22:43,609 transform Could not convert column facturado_2024 to numeric: The truth value of a Series is ambiguous. Use a.empty, a.bool(), a.item(), a.any() or a.all().
WARNING 2025-05-02 12:22:43,610 transform Could not convert column facturado_2024 to numeric: The truth value of a Series is ambiguous. Use a.empty, a.bool(), a.item(), a.any() or a.all().
INFO 2025-05-02 12:22:43,623 transform Successfully loaded and parsed: ActivaGFINAL - Ingresos Anuales-Mensuales Proy 2.csv
INFO 2025-05-02 12:22:43,623 transform   Shape: (77, 12)
INFO 2025-05-02 12:22:43,623 transform   Columns: ['cliente', 'facturacion', 'presupuesto', 'facturado_2024', 'facturado_2024', 'facturado_2024', '1er_trimestre', '2do_cuatrimestre', '3er_cuatrimestre', '4to_cuatrimestre', 'facturacion_anual', 'facturacion_mensual']
WARNING 2025-05-02 12:22:43,717 transform Could not convert column facturado_2024 to numeric: The truth value of a Series is ambiguous. Use a.empty, a.bool(), a.item(), a.any() or a.all().
WARNING 2025-05-02 12:22:43,718 transform Could not convert column facturado_2024 to numeric: The truth value of a Series is ambiguous. Use a.empty, a.bool(), a.item(), a.any() or a.all().
WARNING 2025-05-02 12:22:43,719 transform Could not convert column facturado_2024 to numeric: The truth value of a Series is ambiguous. Use a.empty, a.bool(), a.item(), a.any() or a.all().
INFO 2025-05-02 12:22:43,738 transform Successfully loaded and parsed: ActivaGFINAL - Presupuesto 2,025.csv
INFO 2025-05-02 12:22:43,738 transform   Shape: (79, 12)
INFO 2025-05-02 12:22:43,738 transform   Columns: ['cliente', 'facturacion', 'presupuesto', 'facturado_2024', 'facturado_2024', 'facturado_2024', '1er_trimestre', '2do_cuatrimestre', '3er_cuatrimestre', '4to_cuatrimestre', 'facturacion_real', 'proyeccion']
INFO 2025-05-02 12:22:43,828 transform Successfully loaded and parsed: ActivaGFINAL - Profit & Loss.csv
INFO 2025-05-02 12:22:43,829 transform   Shape: (78, 15)
INFO 2025-05-02 12:22:43,829 transform   Columns: ['concepto', 'ENERO', 'FEBRERO', 'MARZO', 'ABRIL', 'MAYO', 'JUNIO', 'JULIO', 'AGOSTO', 'SEPTIEMBRE', 'OCTUBRE', 'NOVIEMBRE', 'DICIEMBRE', 'CONSOLIDADO', 'Unnamed: 14']
INFO 2025-05-02 12:22:43,829 transform Loaded 5 CSV files
INFO 2025-05-02 12:22:43,829 views Transforming and combining all data
INFO 2025-05-02 12:22:43,834 transform Added brand information to 4 clients
INFO 2025-05-02 12:22:43,836 transform Merged 11 columns from activagfinal_ingresos_anuales_mensuales_proy_2
INFO 2025-05-02 12:22:43,838 transform Merged 11 columns from activagfinal_presupuesto_2_025
INFO 2025-05-02 12:22:43,839 transform Saved financial summary data from activagfinal_profit_loss
INFO 2025-05-02 12:22:43,839 transform Created combined dataframe with 52 clients and 21 columns
INFO 2025-05-02 12:22:43,839 views Getting combined data as dictionary
INFO 2025-05-02 12:22:43,843 views Successfully processed and combined data
